Fecha,TempMedia,TempMax,HorMinTempMax,TempMin,HorMinTempMin,HumedadMedia,HumedadMax,HorMinHumMax,HumedadMin,HorMinHumMin,VelViento,DirViento,VelVientoMax,HorMinVelMax,DirVientoVelMax,Radiacion,Precipitacion,TempSuelo1,TempSuelo2,EtPMon,PePMon,Estacion
2004-04-01,12.515,19.09,1330,6.471,130,79.866,96.6,2330,42.18,1330,1.908,247.132,5.175,1600,239.5,19.999,0.0,,,3.205964,0.0,IB04
2004-04-02,12.92,18.17,1150,7.17,540,88.1,98.4,2300,68.17,1320,1.037,213.5,5.39,1134,217.1,16.52,0.0,,,2.348518848419189,0.0,IB04
2004-04-03,13.335,20.75,1540,6.367,2330,70.312,98.6,140,31.92,1530,0.662,3.829,2.624,1330,213.9,22.269,0.0,,,3.0996,0.0,IB04
2004-04-04,11.56,17.84,1340,4.311,540,84.6,98.3,500,58.97,1340,1.083,202.7,5.625,1231,209.6,21.5,0.0,,,2.81160306930542,0.0,IB04
2004-04-05,12.679,18.83,1250,6.699,450,77.692,99.0,700,33.72,1130,0.726,294.38,2.307,1500,204.3,18.625,0.0,,,2.739064,0.0,IB04
2004-04-06,12.57,17.96,1230,6.102,510,86.7,97.5,550,71.8,1200,1.036,199.6,5.655,1248,206.2,22.15,0.0,,,2.8463668823242188,0.0,IB04
2004-04-07,13.242,22.48,1130,7.23,320,79.665,98.9,700,53.1,900,0.736,35.136,2.112,1530,48.44,15.501,0.0,,,2.512695,0.0,IB04
2004-04-08,13.224,18.25,1020,9.61,530,70.863,86.7,2140,46.669,1300,0.818,59.741,1.434,1100,55.68,12.602,0.0,,,2.246088,0.0,IB04
2004-04-09,10.08,13.8,1330,4.712,2350,79.3,94.8,650,55.06,1540,1.359,43.93,5.704,1121,57.55,10.02,1.8,,,1.8199172019958496,0.0,IB04
2004-04-10,7.821,15.99,1010,1.317,340,86.76,97.8,1340,48.65,1130,0.317,24.381,1.367,830,52.12,9.804,16.4,,,1.514032,9.98366069793701,IB04
2004-04-11,10.68,14.0,1100,7.76,510,68.88,89.1,340,52.8,1120,1.371,30.77,5.89,837,41.62,9.86,0.0,,,1.920974850654602,0.0,IB04
2004-04-12,11.246,17.64,1300,4.505,0,73.972,95.6,2330,45.914,1100,0.891,340.051,2.915,1100,214.4,21.286,4.6,,,2.92193,1.52969205379486,IB04
2004-04-13,10.057,18.05,1350,2.446,420,76.163,97.8,500,46.77,1730,0.687,337.168,2.645,1300,212.7,20.659,0.0,,,2.751351,0.0,IB04
2004-04-14,11.216,18.25,1010,2.246,430,77.235,96.7,500,58.703,1200,0.842,66.176,2.401,1230,133.6,15.592,0.2,,,2.332136,0.0,IB04
2004-04-15,14.208,18.24,1320,9.61,100,82.415,94.1,140,49.84,900,2.162,49.262,3.408,1800,52.94,15.182,0.0,,,2.875536,0.0,IB04
2004-04-16,14.588,17.31,1120,12.99,1340,88.788,97.4,320,55.88,830,2.237,162.71,4.292,1230,181.7,9.556,11.0,,,2.213059,6.33929204940796,IB04
2004-04-17,14.821,20.09,1130,11.15,2310,79.992,95.464,2400,62.907,1630,0.977,281.788,2.873,1700,207.8,22.142,0.0,,,3.260691,0.0,IB04
2004-04-18,14.159,18.44,1300,8.82,240,73.924,97.6,310,46.997,1330,1.448,253.579,3.371,1300,242.1,19.673,0.0,,,3.142156,0.0,IB04
2004-04-19,13.662,17.85,1610,6.501,2350,54.129,83.915,2400,36.14,1630,0.767,326.922,1.731,1830,236.7,21.039,0.0,,,3.134856,0.0,IB04
2004-04-20,14.425,22.88,1050,5.373,310,74.077,97.7,420,50.03,1500,0.967,299.115,2.968,1630,196.8,23.947,0.0,,,3.626374,0.0,IB04
2004-04-21,13.925,20.55,1330,7.03,510,75.581,97.225,630,52.6,1200,0.767,278.127,2.236,1300,215.4,23.507,0.0,,,3.396599,0.0,IB04
2004-04-22,13.151,19.16,1220,7.44,250,83.213,95.2,2230,62.048,1300,1.071,225.379,2.891,1430,204.0,16.871,8.8,,,2.64694,4.76666307449341,IB04
2004-04-23,14.385,18.85,1420,11.34,100,82.856,91.625,2330,71.295,1600,0.575,356.282,1.88,1730,49.18,8.906,4.4,,,1.712098,1.36119771003723,IB04
2004-04-24,17.35,23.6,1410,9.82,2340,69.805,91.925,600,46.105,1600,0.426,328.1,2.911,1657,219.8,24.16,0.0,,,3.72009,0.0,IB04
2004-04-25,14.91,22.55,1230,7.43,500,76.005,95.925,2400,44.785,1230,0.858,108.0,4.351,1316,206.7,23.62,0.0,,,3.662548,0.0,IB04
2004-04-26,14.65,22.81,1040,6.568,400,63.066,97.0,400,29.498,1430,0.917,149.5,5.37,1254,194.9,24.97,0.0,,,3.934307,0.0,IB04
2004-04-27,14.42,22.29,1250,5.573,420,61.289,90.55,500,30.623,1100,1.1,86.4,5.282,1503,186.1,24.87,0.0,,,3.99982,0.0,IB04
2004-04-28,14.81,21.69,1050,8.1,340,86.233,95.7,2400,64.303,1030,1.136,58.08,5.419,1209,129.1,14.66,0.4,,,2.590424,0.0,IB04
2004-04-29,16.1,20.05,1100,14.0,200,85.686,97.225,500,59.873,1400,1.674,229.4,6.713,1302,216.7,17.35,3.2,,,3.036162,0.344846129417419,IB04
2004-04-30,15.65,22.29,1330,9.02,450,80.681,97.675,530,55.333,1500,1.649,229.1,6.723,1209,201.5,21.49,0.0,,,3.607588,0.0,IB04
2004-05-01,14.35,20.03,1200,8.49,500,78.135,97.525,630,50.428,1330,1.347,223.5,6.292,1202,201.9,23.99,0.0,,,3.676793,0.0,IB04
2004-05-02,14.76,19.18,1530,9.02,250,83.919,96.525,400,67.598,1000,1.028,59.73,4.988,2257,42.94,9.9,0.8,,,1.950337,0.0,IB04
2004-05-03,14.77,16.26,1150,12.14,2300,88.707,96.5,2400,79.975,1530,1.703,250.0,6.154,946,201.1,5.977,6.2,,,1.382284,2.79868245124817,IB04
2004-05-04,14.98,19.64,1430,12.08,200,84.31,96.85,200,63.528,1530,0.842,286.8,4.959,2252,214.2,8.58,1.0,,,1.834472,0.0,IB04
2004-05-05,16.06,19.45,1110,14.73,0,74.609,88.975,500,51.32,1530,1.548,249.8,5.38,619,264.7,8.46,0.2,,,2.302972,0.0,IB04
2004-05-06,15.24,20.3,1330,10.02,2150,61.462,86.875,2400,37.52,1730,1.286,281.8,5.429,105,250.0,26.56,1.4,,,4.222445,0.0,IB04
2004-05-07,15.29,20.62,1250,10.48,330,61.258,94.525,530,30.955,1730,0.603,304.8,4.253,919,306.9,22.8,0.0,,,3.58054,0.0,IB04
2004-05-08,14.8,20.82,1400,7.96,0,69.679,94.75,2400,43.865,900,0.662,19.91,4.077,1512,142.6,24.08,0.0,,,3.663305,0.0,IB04
2004-05-09,13.35,18.9,1200,4.574,510,77.329,97.15,600,47.005,1200,1.624,211.7,6.331,1138,201.6,24.39,0.0,,,3.72222,0.0,IB04
2004-05-10,16.03,20.49,1330,10.95,0,73.502,96.95,400,44.82,1230,1.1,212.0,4.733,1212,205.1,20.49,0.0,,,3.484976,0.0,IB04
2004-05-11,14.62,17.58,1540,13.07,810,85.58,96.075,430,64.81,1400,2.232,47.77,9.09,1550,37.05,9.57,17.4,,,2.128924,10.649266242981,IB04
2004-05-12,13.82,16.2,1650,11.54,2140,87.377,95.225,30,77.5,1730,1.396,31.2,6.527,449,344.6,3.959,5.2,,,1.190493,2.00943183898926,IB04
2004-05-13,16.0,21.35,1220,10.62,240,78.013,95.875,2400,53.083,1030,1.613,232.3,6.791,1544,212.7,23.71,0.0,,,3.915164,0.0,IB04
2004-05-14,14.79,20.69,1150,9.22,2340,73.977,97.5,630,47.39,1600,1.038,54.52,5.086,952,27.0,20.69,0.0,,,3.42136,0.0,IB04
2004-05-15,14.91,21.83,1440,7.76,300,74.707,96.35,530,49.44,930,0.591,50.66,4.018,1018,103.6,17.47,0.2,,,2.946211,0.0,IB04
2004-05-16,15.14,22.62,1030,7.83,440,72.891,96.75,600,42.07,1200,1.331,171.7,6.252,1245,232.4,25.39,0.0,,,4.199716,0.0,IB04
2004-05-17,16.62,22.76,950,10.49,100,75.339,97.15,630,52.105,1030,1.011,226.6,5.008,1132,209.1,25.71,0.2,,,4.14432,0.0,IB04
2004-05-18,17.41,25.27,1040,9.88,210,66.016,96.1,530,38.11,1700,0.988,290.2,4.89,1158,221.3,26.26,0.0,,,4.499451,0.0,IB04
2004-05-19,17.01,24.94,1000,8.56,450,60.635,89.75,500,34.853,1230,1.063,222.2,5.018,1437,214.3,26.7,0.0,,,4.587735,0.0,IB04
2004-05-20,18.19,26.19,1230,8.7,430,68.587,95.85,600,37.99,1330,0.959,62.83,5.684,1155,125.3,27.43,0.0,,,4.712063,0.0,IB04
2004-05-21,17.36,23.87,1350,10.36,440,73.657,95.325,530,43.595,1230,1.324,213.9,5.88,1044,207.7,26.25,0.0,,,4.510304,0.0,IB04
2004-05-22,16.84,23.41,1310,11.48,450,83.583,97.325,600,61.455,1330,0.841,197.4,5.978,1322,233.7,11.03,0.0,,,2.318197,0.0,IB04
2004-05-23,18.4,24.67,1050,12.41,500,71.46,94.475,430,46.285,1430,0.982,55.73,5.057,1517,34.83,19.5,0.0,,,3.684802,0.0,IB04
2004-05-24,17.42,25.79,1140,9.42,440,73.167,93.35,500,45.35,1100,0.918,59.62,4.724,1358,108.0,21.25,0.0,,,3.878485,0.0,IB04
2004-05-25,17.47,22.01,1330,13.4,420,82.073,96.375,600,62.468,1200,0.687,64.64,3.636,1449,189.1,9.02,0.2,,,2.001863,0.0,IB04
2004-05-26,17.47,23.4,1230,14.4,420,86.582,94.725,230,76.083,1000,0.542,74.8,4.92,1238,120.9,15.69,0.6,,,2.785901,0.0,IB04
2004-05-27,17.58,23.28,1040,10.35,420,76.693,97.35,600,50.665,1230,1.349,203.7,5.312,1601,205.3,26.1,0.0,,,4.395962,0.0,IB04
2004-05-28,17.38,22.34,1200,9.49,440,73.123,96.475,530,43.763,930,1.776,219.3,6.713,1347,221.8,26.35,0.0,,,4.547914,0.0,IB04
2004-05-29,18.89,23.73,1250,13.67,200,77.641,97.925,600,57.245,1330,1.286,215.4,5.253,1305,210.0,25.18,0.0,,,4.329977,0.0,IB04
2004-05-30,19.47,25.46,1230,12.28,400,63.594,93.6,430,37.773,1730,1.181,220.7,5.027,1126,209.0,25.45,0.0,,,4.685513,0.0,IB04
2004-05-31,19.59,24.46,1320,14.53,440,62.823,89.725,2400,35.958,1200,1.155,210.7,5.263,1331,217.3,19.4,0.0,,,3.961308,0.0,IB04
2004-06-01,20.43,25.79,1100,14.14,400,62.941,95.525,530,34.945,1500,1.492,208.4,5.782,1319,207.7,26.35,0.0,,,5.05221,0.0,IB04
2004-06-02,20.82,27.84,1230,14.34,420,70.182,92.075,2400,38.928,930,1.365,212.8,5.978,1310,216.6,25.37,0.0,,,5.027091,0.0,IB04
2004-06-03,20.23,25.39,1140,13.27,440,70.269,96.7,530,42.23,1330,1.585,201.7,6.301,1405,213.8,26.13,0.0,,,4.904305,0.0,IB04
2004-06-04,20.39,26.86,1250,13.27,440,67.46,93.125,530,39.593,1500,1.757,232.1,6.821,1015,225.9,23.05,0.0,,,4.817329,0.0,IB04
2004-06-05,19.94,25.39,1300,13.27,510,63.474,96.3,530,36.045,1200,1.379,214.8,5.762,1333,215.8,26.35,0.0,,,4.929415,0.0,IB04
2004-06-06,20.67,27.06,1010,11.95,440,63.258,91.95,530,29.755,1130,1.139,233.3,5.488,1252,229.2,27.45,0.0,,,5.154574,0.0,IB04
2004-06-07,21.43,30.62,1510,15.0,400,73.686,95.525,500,41.505,1430,1.217,60.03,5.939,1055,210.8,24.03,0.0,,,4.983573,0.0,IB04
2004-06-08,22.66,30.75,1150,15.66,230,68.426,93.375,530,37.805,1300,1.233,59.87,4.498,1441,257.7,24.8,0.0,,,5.208684,0.0,IB04
2004-06-09,22.9,31.61,1150,15.2,400,58.647,86.45,330,32.155,1600,1.029,73.5,5.282,1457,236.5,25.77,0.0,,,5.340643,0.0,IB04
2004-06-10,21.67,28.12,850,14.14,340,57.251,91.1,530,29.93,1300,1.245,218.7,5.851,1309,244.7,27.42,0.0,,,5.379283,0.0,IB04
2004-06-11,22.04,29.51,930,12.28,440,57.707,88.975,500,25.63,1200,1.182,215.6,5.547,1424,217.7,28.07,0.0,,,5.558047,0.0,IB04
2004-06-12,22.54,28.96,1430,14.87,440,53.6,87.475,230,27.738,1300,1.349,217.5,5.292,1229,218.3,26.99,0.0,,,5.548464,0.0,IB04
2004-06-13,22.71,28.38,1010,17.32,0,58.324,87.425,530,33.983,1600,1.046,58.53,4.724,1259,18.83,23.25,0.8,,,4.803966,0.0,IB04
2004-06-14,18.08,22.78,700,13.94,0,66.823,91.825,2400,41.728,900,0.673,48.54,4.988,721,58.44,10.11,4.0,,,2.383112,1.02977001667023,IB04
2004-06-15,16.92,22.54,1300,12.14,430,85.361,95.85,330,72.033,1800,0.434,42.12,3.959,1338,65.7,15.28,1.2,,,2.704763,0.0,IB04
2004-06-16,19.37,27.0,1210,11.02,420,76.712,97.375,530,48.83,1530,0.72,256.9,3.763,1244,41.08,14.58,0.6,,,3.060601,0.0,IB04
2004-06-17,24.02,30.49,930,18.25,2340,61.952,94.75,2400,37.045,1130,1.608,236.2,6.458,1319,267.1,27.52,0.2,,,5.864592,0.0,IB04
2004-06-18,22.21,28.57,1510,15.92,500,61.005,96.975,530,28.358,1600,1.238,216.3,5.792,1113,225.3,27.94,0.0,,,5.522481,0.0,IB04
2004-06-19,22.14,30.82,1440,15.13,420,68.939,86.6,400,39.528,1700,1.0,15.38,6.007,1352,213.8,19.44,0.2,,,4.334467,0.0,IB04
2004-06-20,21.76,27.51,1120,16.39,500,72.616,92.65,530,52.188,1200,1.25,185.6,5.302,1301,177.2,22.11,0.0,,,4.428589,0.0,IB04
2004-06-21,22.13,26.98,1220,16.39,430,74.937,94.975,530,51.033,1300,1.545,185.2,6.899,1416,211.9,25.87,0.0,,,5.000935,0.0,IB04
2004-06-22,23.453,29.42,1230,17.26,500,63.468,95.625,530,29.925,1300,1.079,321.02,3.67,1630,214.7,25.012,0.0,,,5.152738,0.0,IB04
2004-06-23,22.62,27.11,1350,15.8,440,74.1,95.6,2210,47.23,700,1.769,212.8,6.037,1331,209.0,26.91,0.0,,,5.104942321777344,0.0,IB04
2004-06-24,23.88,28.77,950,19.24,200,77.4,97.8,230,51.24,1520,1.464,214.6,6.076,1246,204.3,26.86,0.0,,,5.347360610961914,0.0,IB04
2004-06-25,25.53,33.41,1250,19.11,450,59.97,93.9,400,29.77,1330,0.949,40.34,4.841,1048,215.6,26.45,0.0,,,5.64832067489624,0.0,IB04
2004-06-26,25.58,33.87,1010,17.32,430,53.19,78.5,430,25.98,1010,1.113,327.3,6.017,1400,246.5,27.2,0.0,,,5.971436500549316,0.0,IB04
2004-06-27,26.36,35.33,1010,18.12,440,53.24,79.5,420,26.18,1000,1.038,287.6,5.39,1036,224.4,27.48,0.0,,,6.085780143737793,0.0,IB04
2004-06-28,26.94,34.48,920,19.78,450,48.18,71.6,500,25.12,910,1.147,244.6,5.419,1327,203.0,27.05,0.0,,,6.144326210021973,0.0,IB04
2004-06-29,25.81,33.66,1140,18.92,430,62.25,86.5,2340,33.23,1140,1.257,211.0,5.184,1311,228.5,26.21,0.0,,,5.895798206329346,0.0,IB04
2004-06-30,25.32,31.02,1320,18.12,450,67.04,92.7,400,43.74,800,1.106,226.6,4.743,1205,213.8,26.58,0.0,,,5.464737892150879,0.0,IB04
2004-07-01,26.11,32.87,1200,18.92,440,62.45,87.5,320,27.51,1130,1.205,238.3,5.184,1543,252.9,26.37,0.0,,,5.850915431976318,0.0,IB04
2004-07-02,24.68,29.42,1350,19.64,2320,62.18,87.3,40,40.04,1500,1.857,56.25,5.978,659,44.88,26.39,0.0,,,5.787063121795654,0.0,IB04
2004-07-03,23.89,30.95,1150,16.13,330,58.03,86.2,320,30.71,1150,1.411,162.4,6.517,1405,221.6,26.63,0.0,,,5.746606826782227,0.0,IB04
2004-07-04,24.06,30.83,950,16.99,450,64.35,87.6,450,34.38,950,1.39,220.5,6.87,1250,205.2,27.04,0.0,,,5.73922872543335,0.0,IB04
2004-07-05,26.63,35.98,1340,16.59,500,48.53,86.1,200,12.86,1720,1.133,81.2,5.331,1129,170.2,26.51,0.0,,,6.148201942443848,0.0,IB04
2004-07-06,27.45,35.51,1430,20.64,230,53.58,80.9,2230,25.44,1420,1.087,49.28,4.91,1110,47.3,20.98,0.0,,,5.302363872528076,0.0,IB04
2004-07-07,26.24,29.51,1450,23.29,30,69.9,80.6,1230,53.4,800,1.938,203.6,6.458,911,204.5,16.66,0.0,,,4.414663791656494,0.0,IB04
2004-07-08,25.33,33.02,1110,15.99,2330,57.04,95.3,420,29.17,1310,0.822,289.3,4.459,826,206.6,22.85,0.4,,,4.905788898468018,0.0,IB04
2004-07-09,22.98,28.37,1310,14.26,400,50.9,78.2,2340,27.46,950,1.698,188.8,6.684,1432,172.0,27.68,0.0,,,5.834433555603027,0.0,IB04
2004-07-10,22.53,28.31,940,15.4,500,62.7,89.7,400,32.99,930,1.531,181.9,6.644,1236,221.0,26.84,0.0,,,5.490081310272217,0.0,IB04
2004-07-11,23.0,28.5,1240,14.87,450,65.54,87.5,340,43.58,1020,1.48,155.3,6.38,1138,207.3,23.16,0.0,,,4.873260974884033,0.0,IB04
2004-07-12,19.15,21.96,100,15.07,0,83.3,97.9,1210,67.22,1710,0.688,56.04,3.812,820,69.14,6.551,11.6,,,1.6652268171310425,6.7512712478637695,IB04
2004-07-13,20.35,25.8,1250,13.35,350,73.3,97.7,240,48.93,1410,1.385,210.1,5.743,1409,186.4,20.05,0.2,,,4.003248691558838,0.0,IB04
2004-07-14,21.11,27.58,1020,15.26,410,70.7,95.0,420,37.45,1020,0.891,190.8,4.9,1114,214.7,13.33,0.0,,,3.194509506225586,0.0,IB04
2004-07-15,21.72,28.04,1250,12.88,410,67.68,97.4,510,38.65,1400,1.362,214.5,5.733,1226,225.0,27.01,0.0,,,5.198266506195068,0.0,IB04
2004-07-16,22.66,30.84,1010,14.14,450,68.28,95.7,410,24.86,1010,1.336,54.51,6.478,1329,207.1,27.06,0.0,,,5.659300327301025,0.0,IB04
2004-07-17,24.0,32.75,1600,16.13,400,61.56,93.0,410,27.05,1620,0.97,61.13,5.439,1327,199.2,17.83,0.0,,,4.341310024261475,0.0,IB04
2004-07-18,25.16,32.47,1140,19.65,100,72.6,90.4,2310,41.9,1150,1.444,72.6,5.988,1422,202.6,25.2,0.0,,,5.598397731781006,0.0,IB04
2004-07-19,25.29,30.17,940,19.44,420,74.7,94.9,450,50.04,940,1.466,193.6,5.998,1132,222.6,25.49,0.0,,,5.296814441680908,0.0,IB04
2004-07-20,25.37,30.17,940,19.91,500,75.4,94.7,510,54.5,1510,1.251,216.4,6.595,1107,213.8,24.86,0.0,,,5.086097717285156,0.0,IB04
2004-07-21,26.04,33.07,1330,19.91,340,72.4,94.3,310,40.58,1050,1.01,18.88,4.802,1537,237.2,21.99,0.0,,,4.897414207458496,0.0,IB04
2004-07-22,26.5,33.82,950,20.77,120,72.3,94.3,2320,34.39,850,1.278,237.3,5.733,1530,198.3,24.32,0.0,,,5.588452339172363,0.0,IB04
2004-07-23,26.5,30.92,840,21.7,50,80.3,97.8,610,54.99,840,1.211,193.3,5.047,1242,188.1,23.27,0.0,,,4.923988342285156,0.0,IB04
2004-07-24,28.28,34.53,1040,23.75,0,63.23,87.8,110,35.23,1100,1.201,138.9,4.969,1145,204.2,23.63,0.0,,,5.602125644683838,0.0,IB04
2004-07-25,26.15,31.95,950,19.97,430,62.66,82.2,430,40.37,930,1.718,203.7,6.546,1230,221.2,24.83,0.0,,,5.743931293487549,0.0,IB04
2004-07-26,25.38,29.37,1130,19.52,430,70.9,90.0,510,55.04,1210,1.989,224.6,6.38,1537,205.9,23.22,0.0,,,5.024860858917236,0.0,IB04
2004-07-27,26.07,29.77,1330,21.3,2330,69.08,83.5,520,55.3,1520,1.881,232.1,6.037,1215,226.3,23.82,0.0,,,5.2328782081604,0.0,IB04
2004-07-28,24.71,29.57,1240,18.78,440,72.5,90.1,450,53.18,1010,1.472,203.4,5.89,1307,213.1,24.93,0.0,,,5.091880798339844,0.0,IB04
2004-07-29,25.14,32.35,1450,19.05,510,68.28,92.1,440,36.19,940,0.777,48.26,4.88,1252,221.1,15.54,0.0,,,3.719684600830078,0.0,IB04
2004-07-30,25.51,32.22,1020,19.18,320,67.22,91.3,330,36.05,950,1.284,199.7,6.066,1356,220.4,23.22,0.0,,,5.200852394104004,0.0,IB04
2004-07-31,25.73,31.88,1200,19.32,510,66.17,90.6,430,39.1,1230,1.306,210.1,6.115,1415,219.8,23.92,0.0,,,5.2498393058776855,0.0,IB04
2004-08-01,25.24,31.68,1140,17.72,440,69.72,92.4,2350,34.58,1130,1.231,236.1,6.125,1412,212.7,24.41,0.0,,,5.239001274108887,0.0,IB04
2004-08-02,25.23,31.55,1220,17.92,400,72.8,95.9,440,33.85,1040,1.332,223.2,6.968,1340,211.9,17.94,0.0,,,4.426218032836914,0.0,IB04
2004-08-03,25.78,30.89,1250,19.05,510,77.2,94.7,230,43.18,940,1.449,210.9,5.831,1317,215.9,23.5,0.0,,,5.089831352233887,0.0,IB04
2004-08-04,26.9,32.82,1520,20.23,1150,71.1,92.7,1150,37.91,1530,0.97,267.0,7.26,1158,141.1,21.13,12.2,,,4.704314231872559,7.214845657348633,IB04
2004-08-05,24.48,28.77,1310,19.85,450,78.3,96.1,450,55.85,1030,1.475,198.9,6.174,1402,220.9,24.05,0.0,,,4.803173542022705,0.0,IB04
2004-08-06,25.19,30.78,940,19.32,440,74.3,95.6,530,48.25,940,1.246,207.9,5.87,1359,199.4,24.01,0.2,,,4.960994720458984,0.0,IB04
2004-08-07,26.59,34.73,1410,19.38,510,62.87,92.8,320,23.84,1410,1.285,93.0,5.87,1519,150.0,23.08,0.0,,,5.518107891082764,0.0,IB04
2004-08-08,26.98,33.94,1110,20.84,450,72.8,90.5,2240,44.5,1110,1.199,206.2,5.851,1435,212.9,22.43,0.0,,,5.080250263214111,0.0,IB04
2004-08-09,26.7,30.15,1330,22.82,350,78.9,94.8,320,60.83,1210,1.769,216.4,6.096,1428,197.3,23.43,0.0,,,4.9430365562438965,0.0,IB04
2004-08-10,26.96,31.35,1310,23.15,520,76.0,93.4,530,59.03,1340,1.861,225.4,7.1,1453,215.3,22.54,0.0,,,4.987778663635254,0.0,IB04
2004-08-11,26.59,32.35,1310,20.77,410,64.75,92.7,530,28.11,1310,1.734,224.5,7.12,1354,213.5,24.29,0.0,,,5.754889011383057,0.0,IB04
2004-08-12,26.56,32.42,1540,20.32,330,68.91,86.1,320,37.91,1600,1.905,225.9,7.75,1304,207.0,24.0,0.0,,,5.709442615509033,0.0,IB04
2004-08-13,26.81,33.61,1300,20.64,210,65.26,88.1,250,40.04,1230,1.138,88.1,5.165,1623,224.6,16.8,0.0,,,4.22594690322876,0.0,IB04
2004-08-14,25.42,31.17,940,19.85,440,74.2,92.1,450,49.85,930,1.37,206.5,6.693,1254,205.0,23.23,0.0,,,4.901786804199219,0.0,IB04
2004-08-15,25.63,34.47,1030,19.12,450,72.0,94.1,530,30.44,1030,1.145,208.5,6.223,1158,206.5,23.04,0.0,,,5.198902606964111,0.0,IB04
2004-08-16,25.72,32.02,1230,18.79,440,70.9,90.6,330,37.04,1230,1.323,194.1,6.047,1126,200.7,23.24,0.0,,,5.073519706726074,0.0,IB04
2004-08-17,26.48,30.69,1220,21.3,400,74.9,88.8,400,57.63,1350,1.515,214.7,5.704,1119,210.2,22.58,0.0,,,4.790317058563232,0.0,IB04
2004-08-18,27.31,32.42,1120,20.97,450,72.5,92.3,300,39.5,1220,1.699,214.1,5.41,1139,201.5,23.11,0.0,,,5.341520309448242,0.0,IB04
2004-08-19,27.0,31.09,1540,21.76,520,76.0,95.7,550,45.84,1540,1.93,215.9,6.938,1404,223.7,22.92,0.0,,,5.16989803314209,0.0,IB04
2004-08-20,27.33,32.81,1120,21.11,510,59.72,94.5,540,28.31,1440,1.24,226.0,6.105,1640,247.7,22.69,0.0,,,5.104506015777588,0.0,IB04
2004-08-21,24.44,31.03,1040,17.99,440,62.1,81.0,220,33.25,1050,1.415,137.7,6.556,1320,224.6,19.86,0.0,,,4.673370361328125,0.0,IB04
2004-08-22,24.51,31.36,1530,17.79,500,63.12,88.8,530,33.91,1720,1.302,159.3,6.301,1238,248.3,21.55,0.0,,,4.744630813598633,0.0,IB04
2004-08-23,26.52,34.59,1550,18.46,440,58.83,86.8,450,28.57,1500,1.035,87.5,5.135,1309,162.0,20.27,0.0,,,4.683882236480713,0.0,IB04
2004-08-24,26.61,32.95,1000,19.97,540,72.5,83.7,640,42.17,950,1.466,104.4,6.115,1500,226.5,20.32,0.0,,,4.808323383331299,0.0,IB04
2004-08-25,26.62,32.67,1140,23.1,520,69.46,82.8,520,44.23,1130,1.736,124.7,5.753,1326,203.9,20.44,0.0,,,5.047977924346924,0.0,IB04
2004-08-26,24.67,29.77,1050,21.51,340,72.0,88.0,410,49.72,1020,1.025,86.9,5.88,1207,220.0,17.53,0.0,,,3.799243211746216,0.0,IB04
2004-08-27,23.95,28.44,1510,19.05,520,72.9,88.5,530,57.72,1310,1.477,187.1,6.086,1411,191.4,14.51,0.0,,,3.368065118789673,0.0,IB04
2004-08-28,25.03,30.3,1110,19.38,430,71.6,89.3,440,51.1,1230,1.176,203.2,6.056,1243,191.5,20.01,0.0,,,4.167469024658203,0.0,IB04
2004-08-29,24.6,29.72,910,20.77,100,75.8,88.4,150,53.6,900,0.803,77.9,4.753,1033,229.4,9.86,0.0,,,2.53747034072876,0.0,IB04
2004-08-30,24.66,30.71,950,19.98,400,76.8,93.7,420,44.71,1000,1.11,90.4,6.243,1408,219.5,19.18,0.0,,,4.079384803771973,0.0,IB04
2004-08-31,24.56,30.58,940,18.72,410,74.9,91.6,520,47.52,940,1.19,238.7,6.194,1328,198.4,19.97,0.0,,,4.163723945617676,0.0,IB04
2004-09-01,25.56,30.43,1440,21.11,550,71.8,91.9,630,46.58,1640,1.539,128.0,6.586,1247,216.6,19.1,0.0,,,4.294492721557617,0.0,IB04
2004-09-02,25.88,31.35,1420,20.32,540,75.6,93.6,540,47.18,1120,1.111,77.6,6.145,1220,215.5,16.46,0.0,,,3.725284576416016,0.0,IB04
2004-09-03,27.3,31.22,1240,23.55,530,74.3,87.2,30,54.5,1230,1.734,54.46,7.72,1258,42.38,17.34,0.0,,,4.184647560119629,0.0,IB04
2004-09-04,30.05,38.77,1520,24.69,550,59.87,87.0,100,23.24,1420,1.062,63.65,4.988,1305,165.4,16.34,0.0,,,4.601067066192627,0.0,IB04
2004-09-05,29.12,36.53,1400,25.21,2220,62.79,84.3,230,26.44,1350,0.89,65.59,5.057,1543,203.0,11.0,0.0,,,3.4662649631500244,0.0,IB04
2004-09-06,27.52,33.22,1400,24.02,2310,68.09,88.8,430,48.03,1040,1.383,73.4,7.36,1524,88.2,13.92,0.0,,,3.74786114692688,0.0,IB04
2004-09-07,26.57,30.18,1530,23.22,100,67.28,82.5,630,49.73,920,1.726,65.32,7.11,924,137.2,12.54,0.0,,,3.578317165374756,0.0,IB04
2004-09-08,26.44,32.15,1210,22.44,2340,64.84,85.1,2340,38.43,1350,1.396,64.06,5.4,950,117.5,17.4,0.0,,,4.269116401672363,0.0,IB04
2004-09-09,25.6,32.75,1230,19.19,600,60.33,88.7,240,26.24,1350,1.159,108.3,6.066,1305,134.7,17.99,0.0,,,4.218508720397949,0.0,IB04
2004-09-10,25.14,32.74,1300,19.39,320,61.38,81.7,240,27.44,1300,0.98,89.0,5.116,1314,195.2,15.66,0.0,,,3.780971765518189,0.0,IB04
2004-09-11,25.35,31.83,1110,19.98,50,67.38,85.0,2200,43.11,1100,0.897,262.0,4.998,1437,220.0,15.89,0.0,,,3.514166593551636,0.0,IB04
2004-09-12,26.3,34.4,1130,22.1,610,72.3,87.6,2310,34.64,1130,1.015,44.82,6.223,1318,240.4,16.86,0.0,,,4.022491931915283,0.0,IB04
2004-09-13,25.14,30.38,940,20.18,350,78.0,91.8,230,44.92,920,1.457,206.7,5.547,1240,208.4,15.11,0.0,,,3.6323788166046143,0.0,IB04
2004-09-14,26.3,30.03,1250,22.3,300,75.5,94.1,410,56.19,1050,1.927,215.6,5.498,1454,211.9,17.2,1.2,,,3.8975272178649902,0.0,IB04
2004-09-15,23.26,28.39,940,19.49,1210,75.8,90.3,400,56.72,1020,1.495,57.73,5.116,1527,50.54,12.04,0.0,,,2.936987400054932,0.0,IB04
2004-09-16,21.45,26.46,1150,15.81,2340,63.23,84.2,0,42.26,1150,1.277,53.05,5.302,752,38.94,14.32,0.0,,,3.149904727935791,0.0,IB04
2004-09-17,20.91,29.58,1500,14.34,120,64.46,89.0,550,28.59,1500,0.911,38.95,4.782,1314,247.2,17.9,0.0,,,3.5011703968048096,0.0,IB04
2004-09-18,20.97,28.32,1030,12.89,610,65.53,91.3,340,17.06,1030,1.034,284.7,5.184,1242,212.2,19.41,0.0,,,3.6927528381347656,0.0,IB04
2004-09-19,21.57,28.78,1410,14.28,440,68.03,89.0,450,46.98,1410,0.989,55.97,5.645,1300,212.7,17.05,0.0,,,3.25171160697937,0.0,IB04
2004-09-20,22.09,27.65,1030,15.67,540,71.3,89.7,550,48.72,1420,0.998,224.6,5.39,1356,214.7,18.13,0.0,,,3.3012824058532715,0.0,IB04
2004-09-21,22.58,27.84,1230,16.14,550,74.4,90.6,110,55.15,900,1.184,270.6,6.282,1251,205.0,17.53,0.0,,,3.2796196937561035,0.0,IB04
2004-09-22,22.4,29.31,1610,16.67,350,74.2,94.8,450,38.39,1600,0.81,291.2,5.057,1354,192.4,15.84,0.0,,,3.076278686523437,0.0,IB04
2004-09-23,21.8,28.78,1320,14.21,540,74.1,95.4,340,49.45,1300,1.27,249.4,6.007,1331,260.9,17.75,0.0,,,3.3778417110443115,0.0,IB04
2004-09-24,22.67,32.1,1210,14.81,450,61.73,93.7,520,23.65,1230,0.827,4.002,5.596,948,216.7,17.76,0.0,,,3.477522850036621,0.0,IB04
2004-09-25,19.51,24.82,1430,13.68,0,51.55,70.5,0,23.94,1430,1.731,48.07,6.478,512,16.77,10.27,0.0,,,3.337582588195801,0.0,IB04
2004-09-26,18.8,26.26,1300,12.15,240,56.64,79.8,530,29.46,1300,0.791,49.21,5.076,1457,207.4,16.01,0.0,,,2.842308282852173,0.0,IB04
2004-09-27,17.73,25.53,1410,12.22,350,68.18,83.8,820,38.0,1410,0.531,44.01,4.4,1441,113.5,8.11,0.0,,,1.8546152114868164,0.0,IB04
2004-09-28,18.75,25.66,1240,11.23,450,70.7,91.0,600,44.19,1240,1.062,219.2,5.076,1228,212.3,17.27,0.0,,,2.933283805847168,0.0,IB04
2004-09-29,19.48,26.14,950,13.09,450,68.79,91.7,230,41.67,950,0.971,244.3,5.155,1404,216.2,17.2,0.0,,,2.9334025382995605,0.0,IB04
2004-09-30,20.05,28.65,1030,12.55,500,69.05,88.6,2300,41.32,1030,0.945,329.6,5.41,1233,202.0,17.15,0.0,,,3.058880567550659,0.0,IB04
2004-10-01,20.52,29.63,1110,12.89,610,73.8,92.1,0,32.92,1110,1.018,116.2,5.341,1422,201.1,16.94,0.0,,,3.219335556030273,0.0,IB04
2004-10-02,20.79,30.83,1050,13.15,500,70.3,93.9,130,27.87,950,1.03,63.7,5.38,1309,199.3,16.72,0.0,,,3.333921194076538,0.0,IB04
2004-10-03,21.29,31.95,1150,11.83,440,60.99,87.1,140,28.64,1210,0.677,35.97,5.018,1348,214.9,16.42,0.0,,,2.944237470626831,0.0,IB04
2004-10-04,22.81,33.08,1150,14.41,210,58.9,90.2,2350,20.99,1150,0.851,101.3,5.733,1300,127.6,15.63,0.0,,,3.220630168914795,0.0,IB04
2004-10-05,22.68,32.69,1140,16.47,430,69.7,90.1,510,30.71,1140,0.687,9.67,5.537,1344,217.8,12.72,0.0,,,2.712981939315796,0.0,IB04
2004-10-06,22.81,31.89,1130,16.07,550,71.2,90.4,240,34.25,1050,0.765,77.8,5.37,1258,213.3,13.64,0.0,,,2.787869453430176,0.0,IB04
2004-10-07,22.5,30.65,1140,17.73,150,82.1,95.7,350,48.52,1140,0.877,46.21,5.429,1236,196.2,12.42,0.0,,,2.581420660018921,0.0,IB04
2004-10-08,21.84,31.76,1120,16.13,430,77.4,97.7,700,30.12,1120,0.72,33.32,6.301,1210,213.4,13.95,0.0,,,2.73708724975586,0.0,IB04
2004-10-09,22.48,28.06,1030,15.21,550,73.0,88.4,430,54.59,1600,1.688,237.7,7.83,1302,229.8,14.46,0.0,,,2.9631659984588623,0.0,IB04
2004-10-10,22.3,24.74,1000,19.1,130,55.92,89.9,130,36.0,1120,2.277,251.0,7.25,1411,258.7,15.07,3.0,,,3.4190213680267334,0.168885588645935,IB04
2004-10-11,20.61,25.27,1210,12.09,0,57.14,88.1,2330,42.96,0,1.304,257.9,6.458,1001,218.3,11.55,0.0,,,2.445675611495972,0.0,IB04
2004-10-12,16.51,25.64,1040,11.43,300,73.7,90.0,2340,43.62,1040,0.587,41.45,4.175,1331,100.3,7.15,0.2,,,1.6360079050064087,0.0,IB04
2004-10-13,17.0,24.99,1210,10.76,550,70.6,93.6,550,38.73,1210,0.625,351.1,4.714,1325,241.3,14.43,0.8,,,2.122699737548828,0.0,IB04
2004-10-14,17.92,24.81,1100,10.83,120,66.62,92.2,330,34.34,1240,1.084,294.8,6.772,1130,241.7,13.47,0.2,,,2.426900625228882,0.0,IB04
2004-10-15,16.77,23.05,1010,10.83,2350,63.09,84.5,340,40.02,1410,0.694,302.2,5.733,1217,254.8,8.41,0.0,,,1.717767596244812,0.0,IB04
2004-10-16,17.75,24.21,1400,8.84,430,63.96,85.4,250,37.14,1430,1.919,255.8,7.96,1625,261.1,14.63,0.0,,,2.947683811187744,0.0,IB04
2004-10-17,18.64,25.4,1030,11.22,610,63.86,89.4,620,35.27,1040,0.933,2.678,5.184,1011,239.1,14.68,0.0,,,2.3585824966430664,0.0,IB04
2004-10-18,18.56,25.74,1200,11.63,550,74.7,90.0,600,42.47,1200,0.824,125.6,5.096,1351,183.3,10.55,0.0,,,1.9868357181549072,0.0,IB04
2004-10-19,21.36,25.4,1150,16.0,600,84.1,96.8,710,68.75,1030,1.796,231.8,5.919,1144,194.4,10.34,0.2,,,2.025770664215088,0.0,IB04
2004-10-20,22.51,25.87,1140,19.25,600,84.8,95.8,700,71.2,1420,1.527,220.6,5.998,1435,218.9,11.1,0.0,,,2.055969953536988,0.0,IB04
2004-10-21,22.39,26.86,1100,16.87,2340,77.9,94.0,0,52.53,1100,1.754,218.5,6.184,1149,230.8,11.71,0.2,,,2.519736766815185,0.0,IB04
2004-10-22,19.93,26.92,1150,13.81,620,82.1,95.4,240,52.99,1230,0.736,228.9,4.263,1342,202.6,12.4,0.2,,,1.9794249534606927,0.0,IB04
2004-10-23,20.24,27.06,1120,15.4,520,84.3,96.9,710,59.59,1100,0.681,244.6,4.302,1418,208.8,12.5,0.0,,,1.934467315673828,0.0,IB04
2004-10-24,20.8,28.92,1010,13.75,650,77.0,93.9,1930,41.16,850,0.731,226.4,4.459,1236,203.4,12.59,0.0,,,2.1143546104431152,0.0,IB04
2004-10-25,21.62,29.06,1110,15.01,600,78.9,95.9,650,40.89,2330,0.917,250.8,4.41,1218,199.5,9.62,0.2,,,2.084181785583496,0.0,IB04
2004-10-26,18.33,24.09,1130,10.03,0,60.27,85.6,0,35.61,1130,0.888,315.0,5.88,117,223.2,10.34,0.0,,,1.8715250492095947,0.0,IB04
2004-10-27,16.77,22.26,1010,8.91,420,72.9,90.4,600,49.72,1000,2.104,198.5,6.713,1135,216.6,7.5,1.8,,,2.1195390224456787,0.0,IB04
2004-10-28,19.93,23.11,910,17.53,2050,70.3,95.5,1110,50.85,2020,1.845,241.3,8.15,1058,215.7,5.524,5.4,,,1.8891911506652832,2.172354221343994,IB04
2004-10-29,19.07,22.17,1110,12.42,0,64.16,84.1,0,42.41,1510,2.536,236.8,10.23,842,218.3,10.46,0.6,,,2.6171672344207764,0.0,IB04
2004-10-30,14.58,17.27,1250,11.83,100,85.6,95.4,0,74.6,1510,0.198,62.11,2.548,1344,135.3,2.434,1.0,,,0.7001897692680359,0.0,IB04
2004-10-31,14.28,21.23,1150,8.84,620,78.7,95.8,310,45.49,1350,0.53,8.72,3.959,1752,119.2,8.08,1.2,,,1.2523070573806765,0.0,IB04
2004-11-01,11.77,15.68,1210,7.97,2350,89.6,96.4,0,69.29,1450,0.304,21.77,4.077,1040,193.2,3.714,8.0,,,0.7533129453659058,4.158726215362549,IB04
2004-11-02,12.76,20.96,1130,6.515,650,81.7,97.5,720,53.95,1150,0.341,4.809,2.705,1410,336.9,10.83,0.2,,,1.1504656076431274,0.0,IB04
2004-11-03,14.14,22.56,1120,7.11,600,76.7,96.5,250,44.22,1120,0.47,8.77,4.253,1156,218.3,10.8,0.2,,,1.291122317314148,0.0,IB04
2004-11-04,15.15,22.11,1310,9.16,200,82.8,95.7,340,55.7,1310,0.283,38.38,2.499,1100,39.71,6.559,1.4,,,0.9886877536773682,0.0,IB04
2004-11-05,16.74,18.4,1150,14.47,500,89.1,97.1,700,77.3,2340,1.241,40.66,5.498,1506,38.38,2.24,6.4,,,0.8707384467124939,2.950270652770996,IB04
2004-11-06,17.6,23.34,1350,12.69,2120,74.7,94.2,2140,47.81,1400,0.98,28.54,4.165,212,26.92,9.96,0.0,,,1.6133652925491333,0.0,IB04
2004-11-07,14.09,17.13,1030,11.76,120,88.3,93.9,1340,71.5,1020,0.29,36.79,2.411,1238,59.14,2.436,2.4,,,0.7049160599708557,0.0,IB04
2004-11-08,14.16,19.83,1140,9.31,620,76.1,96.2,2350,48.83,1100,0.492,307.0,3.518,1508,256.3,9.83,3.8,,,1.1265608072280884,0.8585160970687866,IB04
2004-11-09,13.57,19.32,1310,9.5,2340,84.7,98.1,750,56.99,1250,0.302,335.4,2.617,1251,295.5,7.42,0.4,,,0.9139265418052672,0.0,IB04
2004-11-10,11.9,17.47,1210,8.57,0,86.5,97.4,840,62.81,1220,0.713,42.59,3.655,1633,53.0,6.191,9.0,,,0.9585660099983216,4.894716262817383,IB04
2004-11-11,9.82,15.28,1430,6.114,250,81.2,97.8,0,51.2,1510,0.593,26.08,5.341,2123,69.44,5.802,16.2,,,0.9013550281524658,9.839381217956545,IB04
2004-11-12,12.22,17.86,1150,8.1,0,87.5,98.2,100,56.85,1300,0.971,22.48,5.9,1521,39.51,9.03,20.4,,,1.1504026651382446,12.541152000427246,IB04
2004-11-13,13.85,16.27,1120,11.89,10,59.95,91.5,0,36.6,2110,2.651,35.84,8.11,1021,13.56,7.67,0.2,,,2.054064989089966,0.0,IB04
2004-11-14,11.58,15.73,1010,5.909,0,54.59,90.7,2330,32.13,400,1.507,35.24,7.45,4,38.79,8.89,2.0,,,1.5582597255706787,0.0,IB04
2004-11-15,7.84,13.15,1120,3.65,450,83.7,95.5,510,58.22,1120,0.399,26.87,3.626,909,30.74,5.547,0.4,,,0.7064580917358398,0.0,IB04
2004-11-16,8.14,16.91,1420,1.19,620,78.9,96.7,730,47.84,1300,0.311,7.79,2.764,1008,295.7,10.31,0.0,,,0.7644612193107605,0.0,IB04
2004-11-17,8.87,17.6,1200,2.454,500,80.6,95.5,820,48.25,1200,0.456,35.34,4.792,1206,227.4,7.09,0.2,,,0.8489392399787903,0.0,IB04
2004-11-18,11.11,18.12,1200,3.584,620,81.3,96.5,700,58.18,1240,0.846,279.0,4.596,1129,259.4,9.12,0.0,,,1.0137503147125244,0.0,IB04
2004-11-19,11.9,19.77,1130,5.647,650,78.4,97.2,800,50.56,1300,0.321,345.4,2.675,1409,304.9,9.83,0.0,,,0.8235188722610474,0.0,IB04
2004-11-20,12.23,18.06,1350,6.843,430,82.7,95.5,620,60.99,1350,0.484,51.23,3.42,901,72.9,6.705,0.0,,,0.8192763328552246,0.0,IB04
2004-11-21,13.83,19.32,1030,8.44,720,84.1,95.9,750,63.77,1130,0.624,244.4,4.41,1310,219.3,9.56,0.0,,,0.9335798025131226,0.0,IB04
2004-11-22,12.81,20.3,1230,6.976,700,84.6,97.3,740,54.57,1130,0.483,162.7,3.42,1505,199.0,9.59,0.2,,,0.8967272043228149,0.0,IB04
2004-11-23,12.5,19.3,1340,6.84,700,85.2,97.7,710,55.09,1320,0.43,330.4,3.312,1310,209.0,9.24,0.2,,,0.8260082602500916,0.0,IB04
2004-11-24,12.43,19.77,1340,7.77,200,82.5,97.5,800,54.43,1410,0.334,1.68,3.126,1259,206.5,8.81,0.0,,,0.7761387228965759,0.0,IB04
2004-11-25,12.03,18.65,1330,6.643,2350,78.8,94.6,610,47.97,1340,0.246,48.79,2.381,1417,154.0,8.34,0.0,,,0.6853650212287903,0.0,IB04
2004-11-26,10.57,17.65,1310,4.111,610,82.2,96.2,440,54.18,1130,0.577,34.4,3.665,1247,226.0,8.92,0.2,,,0.813579261302948,0.0,IB04
2004-11-27,11.36,18.12,1330,5.514,410,85.4,95.3,450,64.45,1340,0.601,83.2,4.077,1238,208.3,7.51,0.0,,,0.7885861992835999,0.0,IB04
2004-11-28,11.77,18.45,1240,6.839,540,85.8,96.5,800,60.8,1120,0.368,67.81,2.891,1124,148.0,7.48,0.0,,,0.7086326479911804,0.0,IB04
2004-11-29,9.32,13.36,1020,4.645,2340,95.1,97.9,830,89.2,1330,0.187,4.772,2.675,1224,8.25,1.408,7.8,,,0.4879515171051025,4.007756233215332,IB04
2004-11-30,8.84,17.05,1220,2.922,520,82.5,97.6,350,49.64,1200,0.49,50.99,3.793,1411,197.9,8.93,0.2,,,0.7217448949813843,0.0,IB04
2004-12-01,14.16,18.92,1310,7.97,30,79.1,88.9,30,59.62,2340,1.353,103.2,9.28,2010,205.9,6.542,0.2,,,1.152108073234558,0.0,IB04
2004-12-02,14.29,18.53,1100,8.63,420,73.6,94.4,0,53.76,620,1.302,239.3,5.508,1253,227.7,7.8,0.0,,,1.143775463104248,0.0,IB04
2004-12-03,13.12,18.79,1150,7.84,700,90.1,97.9,710,70.0,1200,1.108,49.02,5.38,2056,49.4,5.27,19.6,,,0.8769426941871643,12.028536796569824,IB04
2004-12-04,14.49,17.73,1000,11.01,2120,87.2,97.7,0,73.9,1250,1.636,49.34,5.821,1346,85.8,7.69,18.0,,,0.9337435364723206,11.008570671081545,IB04
2004-12-05,13.19,18.85,1130,9.83,620,90.0,97.8,110,63.99,1130,0.757,48.41,3.92,2058,12.8,7.62,9.2,,,0.8298478126525879,5.038354873657227,IB04
2004-12-06,12.99,15.28,1030,11.36,720,86.4,95.8,0,76.5,1030,1.647,38.82,5.909,1031,19.63,4.89,5.6,,,0.8260877132415771,2.3257498741149902,IB04
2004-12-07,13.46,16.47,1030,11.56,730,90.1,98.0,300,75.1,1410,1.23,80.7,6.831,1407,122.0,4.33,12.0,,,0.7794362306594849,7.01525354385376,IB04
2004-12-08,13.14,17.78,1120,9.69,1940,85.3,95.8,2200,63.58,1200,0.754,54.56,3.146,1427,25.59,6.559,2.4,,,0.7962808609008789,0.0,IB04
2004-12-09,13.42,15.94,1500,11.23,30,92.7,97.6,100,86.7,1530,0.621,34.4,3.45,1719,18.58,2.495,3.8,,,0.5713120698928833,0.8574740290641785,IB04
2004-12-10,13.453,19.72,1110,9.83,0,83.694,94.6,0,65.42,1500,0.664,16.964,2.187,1330,49.25,7.463,0.0,,,0.7950007,0.0,IB04
2004-12-11,12.33,17.98,1230,6.449,700,82.2,96.6,2350,63.39,1240,0.668,39.92,3.254,1022,54.12,8.32,0.4,,,0.7278388738632202,0.0,IB04
2004-12-12,11.83,17.73,1410,7.97,2320,93.5,98.5,0,73.2,1050,0.287,44.15,2.695,1025,47.01,5.237,4.8,,,0.5741434693336487,1.6846494674682615,IB04
2004-12-13,11.434,18.23,1300,6.112,620,87.542,98.8,330,43.238,1200,0.44,29.239,1.672,1430,55.45,8.585,0.2,,,0.6662924,0.0,IB04
2004-12-14,11.739,17.98,1240,6.576,730,89.316,98.4,800,64.19,1300,0.293,31.505,1.153,1330,46.66,7.055,0.2,,,0.5759493,0.0,IB04
2004-12-15,11.771,18.14,1120,7.64,2340,91.118,98.5,740,71.305,1430,0.382,37.886,1.283,1500,103.8,6.039,0.2,,,0.6029007,0.0,IB04
2004-12-16,11.715,18.52,1200,5.915,720,86.044,97.9,740,68.07,1530,0.388,339.536,1.38,1400,230.4,8.178,0.0,,,0.6014227,0.0,IB04
2004-12-17,13.964,17.46,1100,10.71,30,72.455,86.1,130,58.9,1430,0.944,285.79,3.102,2100,248.4,7.612,0.2,,,0.9082753,0.0,IB04
2004-12-18,13.24,18.05,1310,6.115,0,75.088,96.2,0,51.49,1330,0.55,5.01,4.488,120,354.0,7.18,0.0,,,0.7222935,0.0,IB04
2004-12-19,13.41,18.2,1020,5.38,210,80.0,98.8,340,58.71,0,1.499,252.5,5.909,1324,212.9,8.72,0.0,,,1.0320615768432615,0.0,IB04
2004-12-20,13.56,17.18,1420,9.24,0,67.18,87.0,2010,50.95,520,1.251,355.9,4.675,1538,49.94,7.56,1.6,,,1.087679386138916,0.0,IB04
2004-12-21,9.68,13.3,950,6.048,720,77.4,90.1,730,52.55,1150,0.621,52.34,3.44,1554,39.16,5.55,0.0,,,0.6965793967247009,0.0,IB04
2004-12-22,8.13,12.75,1350,0.863,2350,73.6,94.7,0,51.68,1350,0.998,37.89,4.763,1141,33.95,6.529,0.0,,,0.7914405465126038,0.0,IB04
2004-12-23,6.19,15.79,1310,-0.475,640,80.4,97.2,700,45.85,1230,0.462,334.3,5.223,1355,236.4,8.0,0.0,,,0.6140303015708923,0.0,IB04
2004-12-24,7.5,16.19,1250,1.13,700,85.7,97.2,730,61.73,1300,0.681,338.0,4.606,1238,224.0,8.85,0.2,,,0.6568139791488647,0.0,IB04
2004-12-25,10.36,15.35,1310,3.724,100,78.2,97.8,520,58.15,1310,1.43,263.2,6.703,959,210.0,4.31,1.2,,,0.9841226935386658,0.0,IB04
2004-12-26,6.008,8.77,10,2.186,2350,89.0,96.1,0,78.6,150,0.43,325.5,3.636,1532,252.1,0.929,11.6,,,0.4972081780433655,6.734043598175049,IB04
2004-12-27,6.422,13.08,1340,1.391,410,77.0,96.4,30,46.09,1130,0.549,292.8,4.145,1306,267.8,7.04,0.2,,,0.6358491778373718,0.0,IB04
2004-12-28,8.64,13.1,1940,0.323,620,70.5,94.4,710,48.0,1330,1.039,285.6,6.076,1729,237.3,6.595,1.0,,,0.8555740118026733,0.0,IB04
2004-12-29,10.09,13.74,1240,7.39,630,54.25,75.4,10,33.91,1030,1.494,355.7,8.77,1902,46.01,6.628,0.2,,,1.389494776725769,0.0,IB04
2004-12-30,8.71,13.27,1320,1.329,0,63.24,90.9,2250,45.63,300,1.871,32.65,7.63,17,29.69,8.28,0.0,,,1.2040859460830688,0.0,IB04
2004-12-31,7.72,15.41,1440,0.729,240,83.3,94.5,2220,60.82,1440,0.21,355.2,2.607,718,123.5,3.843,0.0,,,,,IB04
2005-01-01,9.71,17.45,1350,4.311,710,84.6,96.1,2350,57.38,1450,0.428,216.0,2.92,1218,233.6,7.98,0.0,,,0.6397452354431152,0.0,IB04
2005-01-02,8.15,17.52,1500,2.059,650,84.7,97.2,650,54.92,1510,0.4,357.6,2.832,1343,216.6,8.4,0.0,,,0.6213257312774658,0.0,IB04
2005-01-03,10.05,16.38,1240,4.123,2310,81.0,96.1,50,57.26,1210,0.522,45.32,2.734,1244,64.33,8.28,0.0,,,0.670426070690155,0.0,IB04
2005-01-04,7.24,15.0,1320,0.461,700,86.5,97.7,830,65.74,1520,0.682,262.7,4.479,1332,191.9,8.77,0.2,,,0.647779643535614,0.0,IB04
2005-01-05,7.2,15.09,1230,1.19,700,86.4,97.2,720,61.96,1230,0.436,300.8,4.488,1254,217.8,5.711,0.0,,,0.609208881855011,0.0,IB04
2005-01-06,7.18,17.38,1250,-0.274,730,83.5,98.0,630,37.7,1340,0.424,43.55,3.518,1401,186.9,9.15,0.2,,,0.6828127503395081,0.0,IB04
2005-01-07,7.1,15.49,1040,0.863,640,87.0,97.8,610,60.36,1040,0.609,93.5,3.548,1306,216.3,9.03,0.0,,,0.6788321137428284,0.0,IB04
2005-01-08,9.35,16.66,1230,3.122,540,87.8,98.1,900,62.27,1230,0.368,66.94,3.097,1122,214.0,8.35,0.2,,,0.6237775683403015,0.0,IB04
2005-01-09,9.63,14.67,1340,3.986,620,84.5,97.1,710,63.55,1340,0.21,44.2,1.715,1227,35.74,3.809,0.0,,,0.565139889717102,0.0,IB04
2005-01-10,9.49,13.81,1300,3.189,2350,80.2,94.0,0,58.35,1300,0.183,29.06,1.842,1148,185.7,3.586,0.0,,,0.564730703830719,0.0,IB04
2005-01-11,9.21,13.97,1110,3.189,0,79.6,95.6,120,54.49,1140,0.39,47.19,2.783,1535,220.4,5.099,0.0,,,0.6527412533760071,0.0,IB04
2005-01-12,10.22,14.88,1400,5.646,0,79.9,93.6,2350,59.96,1320,0.468,316.7,4.253,1406,217.9,4.648,0.0,,,0.6986625790596008,0.0,IB04
2005-01-13,7.8,15.86,1310,1.856,730,82.6,97.0,750,44.99,1210,0.371,54.81,2.705,1340,213.6,8.88,0.2,,,0.6721742749214172,0.0,IB04
2005-01-14,7.28,16.47,1210,0.328,450,88.3,97.7,800,62.66,1250,0.544,316.7,3.528,1359,230.3,9.37,0.0,,,0.7257378697395325,0.0,IB04
2005-01-15,7.73,15.46,1410,1.457,600,89.2,98.4,700,70.5,1410,0.486,19.17,3.548,1336,206.5,9.31,0.2,,,0.6714065670967102,0.0,IB04
2005-01-16,8.61,16.2,1410,2.922,600,86.5,97.8,850,57.47,1410,0.302,66.81,2.764,1434,216.6,7.17,0.2,,,0.6594051718711853,0.0,IB04
2005-01-17,9.12,13.1,1210,3.979,40,91.6,97.1,2340,78.3,1240,0.157,226.2,1.49,1445,211.5,1.871,0.0,,,0.5272560119628906,0.0,IB04
2005-01-18,10.48,15.47,1340,2.988,410,76.5,98.1,720,42.61,1910,1.39,283.4,6.194,1134,259.7,7.55,0.0,,,1.2513597011566162,0.0,IB04
2005-01-19,11.0,15.15,1320,7.12,2330,64.07,81.4,2220,48.69,30,0.733,341.6,4.087,1506,328.5,6.824,0.0,,,0.9751653671264648,0.0,IB04
2005-01-20,11.678,18.84,1450,4.277,500,72.035,91.0,530,45.91,1500,0.618,289.189,2.053,1030,217.2,8.911,0.0,,,0.9987481,0.0,IB04
2005-01-21,13.28,18.64,1310,5.18,0,65.85,93.6,2350,42.43,1450,0.859,320.9,4.596,608,280.5,10.32,0.0,,,1.165435552597046,0.0,IB04
2005-01-22,8.72,18.25,1400,2.855,700,82.7,98.0,830,44.77,1410,0.448,334.4,3.293,1047,213.5,10.05,0.2,,,0.8861122727394104,0.0,IB04
2005-01-23,8.65,16.21,1100,2.052,720,83.7,96.3,740,62.48,1100,0.552,349.6,3.597,1605,205.0,10.04,0.0,,,0.8463852405548096,0.0,IB04
2005-01-24,5.81,9.57,1440,1.651,2300,85.7,96.9,500,63.14,1300,1.21,47.67,4.988,1458,50.19,1.756,5.0,,,0.7752485871315002,1.847065806388855,IB04
2005-01-25,4.075,7.57,1110,1.384,2100,53.75,92.5,120,31.41,920,0.986,2.411,5.135,1745,122.7,6.298,0.2,,,0.9582874178886414,0.0,IB04
2005-01-26,1.814,6.182,1210,-1.938,2350,71.4,95.8,2330,32.49,230,0.874,1.974,4.567,1108,77.8,7.05,1.2,,,0.8469057679176331,0.0,IB04
2005-01-28,4.792,11.68,1220,-2.469,220,65.15,93.2,740,35.86,1230,0.611,316.7,3.636,1841,286.7,9.1,1.2,,,0.9010971188545228,0.0,IB04
2005-01-29,6.435,13.25,920,1.586,2310,72.4,87.6,140,54.85,930,0.996,17.17,5.537,1526,61.19,6.005,0.8,,,1.0130343437194824,0.0,IB04
2005-01-30,4.329,11.35,1240,-1.673,2300,68.54,91.5,2320,43.41,1230,0.619,12.84,5.253,1121,60.23,9.26,0.0,,,0.8897683620452881,0.0,IB04
2005-01-31,3.746,12.2,1350,-2.268,120,78.7,92.9,2350,50.76,1630,0.371,19.79,2.891,1401,191.6,7.73,0.4,,,0.7454593181610107,0.0,IB04
2005-02-01,5.971,15.53,1240,-2.201,310,72.5,95.8,630,37.78,1220,0.496,331.5,3.93,1410,246.5,11.15,0.0,,,0.996324896812439,0.0,IB04
2005-02-02,7.37,12.82,1120,0.996,0,71.4,93.3,140,48.87,1310,0.935,55.1,4.733,1040,68.85,9.87,0.0,,,1.098000168800354,0.0,IB04
2005-02-03,6.96,14.61,1200,-0.536,530,80.7,96.6,820,49.2,1210,0.824,59.09,4.43,1500,191.4,8.81,0.0,,,1.0867631435394287,0.0,IB04
2005-02-04,9.46,13.81,1310,5.781,20,83.0,94.9,440,60.35,1150,0.533,65.76,3.606,1320,222.1,7.55,0.2,,,0.9158385992050172,0.0,IB04
2005-02-05,7.47,12.83,1100,2.253,610,88.1,97.0,800,67.1,1250,0.249,39.43,2.185,1115,36.7,4.499,0.8,,,0.6829409003257751,0.0,IB04
2005-02-06,7.29,14.72,1440,1.993,350,85.7,96.8,410,52.66,1430,0.498,58.33,5.459,1624,177.2,7.06,0.0,,,0.922485053539276,0.0,IB04
2005-02-07,10.52,16.38,1240,7.11,300,84.1,98.2,850,51.98,1430,0.849,62.44,4.949,1432,155.2,11.24,37.2,,,1.288485050201416,22.532495498657227,IB04
2005-02-08,9.37,12.7,1000,7.58,700,91.2,97.8,1300,74.6,1030,1.269,50.03,4.978,1634,38.99,2.488,15.0,,,0.7935447096824646,9.045665740966797,IB04
2005-02-09,10.18,14.87,1400,4.652,2350,84.0,95.8,2350,67.15,1300,1.355,43.4,5.37,1614,38.78,7.91,0.0,,,1.1557315587997437,0.0,IB04
2005-02-10,7.84,15.93,1200,1.13,700,82.305,98.2,730,55.7,1430,0.382,86.4,4.106,1419,223.9,10.89,0.2,,,1.044773,0.0,IB04
2005-02-11,8.69,15.6,1220,0.328,540,84.0,98.4,450,63.54,1520,1.299,247.9,5.684,1245,239.2,12.95,0.0,,,1.3652064800262451,0.0,IB04
2005-02-12,9.66,16.08,1120,2.457,700,86.793,97.6,730,73.7,1330,1.181,238.9,5.586,1410,215.8,10.93,0.0,,,1.207676,0.0,IB04
2005-02-13,14.55,19.17,1400,7.31,20,56.799,91.3,30,19.26,1100,0.996,307.8,5.733,2340,260.7,13.78,0.0,,,1.909489,0.0,IB04
2005-02-14,9.99,13.56,0,7.32,2150,43.56,68.26,310,25.92,1930,1.279,344.3,6.84,234,307.8,9.66,1.4,,,1.8191869258880613,0.0,IB04
2005-02-15,7.38,12.67,1230,1.451,510,57.39,93.6,2230,20.63,1630,0.732,8.36,5.468,2147,8.64,14.25,1.2,,,1.4339905977249146,0.0,IB04
2005-02-16,4.722,9.89,1400,-0.338,2200,67.63,93.7,50,39.74,1540,0.803,20.91,4.381,1155,62.81,10.14,0.2,,,1.1624855995178225,0.0,IB04
2005-02-17,3.656,7.84,1300,-0.074,0,81.3,94.1,0,64.61,1440,0.747,38.05,4.253,1142,22.11,5.215,0.0,,,0.795098066329956,0.0,IB04
2005-02-18,4.722,12.81,1310,-1.003,140,76.1,95.9,150,46.26,1300,0.287,5.948,2.538,1228,273.5,10.7,0.0,,,1.008675456047058,0.0,IB04
2005-02-19,6.26,13.01,1210,-1.733,230,74.7,92.7,340,51.64,1040,0.899,322.7,5.978,1500,247.7,12.2,0.0,,,1.3371548652648926,0.0,IB04
2005-02-20,7.6,13.36,1420,3.456,240,76.9,92.5,240,51.41,1700,0.645,294.4,4.684,1104,204.5,7.62,0.4,,,1.1239978075027466,0.0,IB04
2005-02-21,5.156,9.44,1140,-0.207,2340,73.3,89.8,2340,51.37,1520,1.017,40.97,5.253,1320,34.14,9.93,2.0,,,1.2083483934402466,0.0,IB04
2005-02-22,6.126,11.9,1920,-1.933,310,71.6,96.4,710,41.74,1350,1.866,264.5,8.78,1608,227.9,9.9,3.2,,,1.642096757888794,0.3437961339950561,IB04
2005-02-23,6.68,9.97,1130,3.85,620,80.1,92.6,2320,62.59,1140,0.242,4.654,2.901,12,271.6,3.661,0.4,,,0.7274389266967773,0.0,IB04
2005-02-24,7.99,12.56,1110,5.514,50,81.7,92.4,130,62.23,1150,0.636,45.57,3.116,1821,40.13,7.36,0.0,,,1.0761773586273191,0.0,IB04
2005-02-25,7.02,10.43,1400,5.313,2340,88.1,95.7,2330,74.9,1400,1.86,49.14,5.459,1518,43.44,6.064,4.8,,,1.0127557516098022,1.686266541481018,IB04
2005-02-26,7.09,13.61,1120,1.651,650,73.8,96.1,800,40.26,1110,0.847,320.7,5.939,1404,254.9,12.91,1.4,,,1.5479389429092407,0.0,IB04
2005-02-27,6.344,13.33,1420,1.329,640,75.0,97.4,710,41.12,1410,0.332,4.83,3.508,1259,310.4,10.99,0.2,,,1.2058374881744385,0.0,IB04
2005-02-28,4.347,5.849,900,3.315,1930,80.4,87.2,750,69.24,1620,2.569,51.45,6.703,1439,65.86,7.97,0.0,,,1.1624979972839355,0.0,IB04
2005-03-01,6.006,9.5,1140,2.654,0,82.0,90.1,1450,68.01,1140,1.382,43.41,4.939,1149,57.2,5.414,1.4,,,1.030993103981018,0.0,IB04
2005-03-02,7.55,11.95,1210,2.327,340,78.1,91.9,720,48.28,1110,1.466,195.0,5.821,1851,206.5,10.53,0.8,,,1.590819239616394,0.0,IB04
2005-03-03,10.82,15.6,1340,6.115,2230,67.66,83.0,2220,39.51,1510,1.295,263.1,5.655,147,245.5,11.78,0.0,,,1.9766796827316284,0.0,IB04
2005-03-04,6.477,9.3,1310,0.194,0,75.4,92.8,0,56.65,1550,1.48,47.41,7.2,1213,32.63,7.14,0.6,,,1.236187219619751,0.0,IB04
2005-03-05,8.12,14.68,1550,-2.067,500,65.65,96.0,520,46.09,920,1.258,271.4,6.595,1156,251.6,15.63,0.0,,,1.926701903343201,0.0,IB04
2005-03-06,7.06,13.09,950,-0.603,2230,71.0,93.0,2320,47.55,910,0.939,17.93,5.106,1147,17.45,12.74,0.4,,,1.6054028272628784,0.0,IB04
2005-03-07,4.469,10.75,1540,-0.93,2310,68.34,93.2,530,30.11,1600,0.84,33.78,4.851,1120,34.05,13.82,0.2,,,1.6122077703475952,0.0,IB04
2005-03-08,5.964,14.0,1250,-0.068,0,65.59,89.5,700,31.64,1240,0.56,15.35,3.597,1637,182.3,15.85,0.0,,,1.7160837650299072,0.0,IB04
2005-03-09,6.316,13.67,1300,-2.335,400,76.7,93.5,650,51.72,930,1.161,237.3,6.203,1338,230.4,17.8,0.2,,,1.9291388988494875,0.0,IB04
2005-03-10,7.11,14.4,1210,0.261,630,80.0,95.6,510,54.4,1120,0.946,197.9,4.92,1422,219.1,17.66,0.0,,,1.910115361213684,0.0,IB04
2005-03-11,8.14,13.08,1600,1.923,100,82.0,97.3,2340,61.16,1620,0.82,71.5,4.841,1442,219.5,7.48,5.8,,,1.226559042930603,2.4853758811950684,IB04
2005-03-12,7.23,13.42,1000,0.863,620,83.3,98.4,640,57.5,950,1.017,223.8,5.713,1311,210.3,16.07,0.0,,,1.8014578819274905,0.0,IB04
2005-03-13,8.26,15.08,1220,2.125,110,84.3,96.1,120,59.56,1210,0.667,344.4,3.92,1500,206.7,12.04,0.0,,,1.555641531944275,0.0,IB04
2005-03-14,10.04,17.26,1120,2.988,630,85.1,97.8,720,56.26,1130,0.881,13.35,4.586,1200,197.4,17.62,0.2,,,2.1314425468444824,0.0,IB04
2005-03-15,12.05,18.72,1340,6.85,550,81.9,95.5,550,49.98,1310,0.914,61.95,3.871,1433,212.1,13.55,0.0,,,2.054194688796997,0.0,IB04
2005-03-16,13.159,20.9,1330,7.5,620,76.323,94.6,540,32.97,1300,0.871,51.211,2.874,1500,209.3,18.556,0.0,,,2.660951,0.0,IB04
2005-03-17,12.647,22.09,1320,4.983,620,74.738,97.6,340,41.1,1400,0.768,44.174,2.319,1500,212.1,18.697,0.2,,,2.594395,0.0,IB04
2005-03-18,12.21,21.43,1220,5.053,500,68.4,90.9,20,31.35,1230,0.75,22.69,4.302,1309,214.9,19.36,0.0,,,2.671326398849488,0.0,IB04
2005-03-19,10.83,20.18,1040,2.989,440,73.8,94.1,2330,28.36,1040,0.883,358.9,5.116,1351,201.0,19.47,0.0,,,2.693732500076294,0.0,IB04
2005-03-20,11.11,15.59,1330,4.585,200,84.9,95.6,210,67.94,1310,1.05,214.4,4.645,1042,212.9,15.32,0.2,,,1.9758015871047967,0.0,IB04
2005-03-21,13.49,17.33,1430,11.96,2310,84.4,91.8,2330,68.54,1440,0.802,200.7,3.234,2119,140.1,8.52,0.0,,,1.5473579168319702,0.0,IB04
2005-03-22,14.13,20.11,1410,9.11,630,85.4,97.0,2130,58.12,1000,1.348,171.8,5.557,1114,234.9,17.04,0.0,,,2.571194887161255,0.0,IB04
2005-03-23,13.834,20.59,1100,10.49,110,89.502,97.4,340,69.856,1130,1.002,116.251,3.067,1600,210.7,15.124,0.0,,,2.228714,0.0,IB04
2005-03-24,13.66,17.78,1340,8.84,2350,89.8,97.3,650,75.0,1330,1.405,195.7,5.9,1528,184.5,16.37,0.0,,,2.221376419067383,0.0,IB04
2005-03-25,14.321,21.56,1450,9.64,0,85.393,97.0,10,70.2,1100,1.109,100.462,2.768,1530,241.6,16.545,0.0,,,2.437485,0.0,IB04
2005-03-26,14.21,16.67,1510,13.02,0,88.2,93.3,50,80.4,1510,1.786,221.0,5.821,1556,215.6,7.37,0.0,,,1.4575320482254028,0.0,IB04
2005-03-27,15.035,22.64,1250,8.24,510,74.426,98.1,620,43.325,1500,1.417,231.993,3.732,1200,225.6,20.614,0.2,,,3.3101,0.0,IB04
2005-03-28,13.84,20.5,1210,8.24,610,82.673,96.3,550,56.628,1200,1.225,177.3,5.008,1328,215.5,15.54,0.0,,,2.503766,0.0,IB04
2005-03-29,14.533,23.37,1100,7.11,430,77.1,97.4,410,38.01,1400,1.218,249.241,3.561,1400,225.5,17.857,0.2,,,3.118675,0.0,IB04
2005-03-30,14.07,19.38,1250,7.91,540,78.8,93.7,600,56.87,1000,1.775,219.8,7.09,1235,211.9,19.55,0.0,,,2.9510433673858643,0.0,IB04
2005-03-31,14.04,19.12,930,7.57,500,70.442,92.4,2350,50.88,930,1.526,230.1,5.998,1056,221.1,21.25,0.0,,,3.120023,0.0,IB04
2005-04-01,12.9,20.56,1150,5.38,530,73.7,96.0,330,36.15,1150,1.086,47.29,5.165,1231,221.8,20.57,0.0,,,3.099625587463379,0.0,IB04
2005-04-02,14.43,19.86,1330,9.7,30,75.7,93.1,50,50.58,1350,1.19,55.43,4.341,1622,138.0,13.55,0.0,,,2.4497785568237305,0.0,IB04
2005-04-03,14.21,17.79,1340,10.77,2350,80.7,91.4,640,67.75,1600,1.268,50.3,4.234,1752,54.88,7.92,0.4,,,1.6893365383148191,0.0,IB04
2005-04-04,13.48,20.76,1310,7.38,540,73.8,92.9,630,42.69,1240,1.06,36.29,4.714,1314,42.34,17.37,0.0,,,2.844357490539551,0.0,IB04
2005-04-05,13.58,21.16,1320,7.18,0,73.6,93.9,140,43.82,1320,0.839,47.59,4.273,922,38.76,16.58,0.0,,,2.6843295097351074,0.0,IB04
2005-04-06,12.66,19.32,1050,4.318,530,78.6,95.8,640,44.23,1120,1.231,218.1,5.606,1506,217.2,21.34,0.0,,,3.1157772541046143,0.0,IB04
2005-04-07,15.032,23.09,1300,8.38,540,78.369,93.5,640,38.33,1300,0.679,21.697,1.799,1430,228.2,15.65,0.0,,,2.694026,0.0,IB04
2005-04-08,13.35,19.13,1040,10.1,300,81.3,95.2,2140,60.18,1120,1.252,52.68,5.39,1512,59.52,10.27,4.8,,,2.022531032562256,1.689995288848877,IB04
2005-04-09,8.48,15.41,1500,2.259,0,78.7,96.2,0,32.91,1520,1.057,50.31,5.312,2042,34.64,11.94,9.6,,,2.1365463733673096,5.341989517211914,IB04
2005-04-10,9.37,16.2,1330,1.264,230,62.75,97.9,240,31.31,1200,1.218,6.633,5.743,731,350.5,18.06,0.0,,,2.7304415702819824,0.0,IB04
2005-04-11,13.01,18.52,1020,6.583,50,63.16,87.4,0,36.1,1020,1.084,298.6,4.88,1321,209.1,16.34,0.0,,,2.787619113922119,0.0,IB04
2005-04-12,11.89,17.8,1110,5.447,410,77.2,95.1,420,47.05,1720,1.381,207.5,6.968,1507,216.9,19.57,0.0,,,2.939821481704712,0.0,IB04
2005-04-13,11.89,17.92,1320,5.38,500,80.4,96.0,630,55.26,1710,1.358,216.4,5.949,1419,219.9,22.6,0.2,,,3.1013615131378174,0.0,IB04
2005-04-14,12.57,19.45,1230,5.053,340,76.8,95.5,500,47.31,1530,1.187,197.3,4.704,1731,217.1,21.51,0.0,,,3.1747069358825684,0.0,IB04
2005-04-15,13.7,21.57,1200,5.848,0,77.4,95.0,130,51.23,1200,0.816,321.8,4.724,1838,343.4,13.71,0.0,,,2.4273667335510254,0.0,IB04
2005-04-16,13.66,18.85,1230,5.848,0,50.25,89.8,20,27.42,1420,1.135,296.0,5.027,1552,323.1,24.18,0.0,,,3.623889923095703,0.0,IB04
2005-04-17,14.56,19.98,1410,9.97,300,54.49,92.0,2340,24.82,1550,1.738,258.0,7.73,1247,219.2,24.38,0.0,,,4.116382122039795,0.0,IB04
2005-04-18,16.05,23.57,1240,10.23,500,75.8,93.0,2350,44.16,1220,1.973,222.5,7.79,1428,222.6,22.69,0.0,,,4.1013898849487305,0.0,IB04
2005-04-19,14.96,21.9,1320,9.44,2330,68.38,95.1,20,22.95,1220,1.796,310.0,6.899,1503,224.4,23.57,0.0,,,4.292576789855957,0.0,IB04
2005-04-20,14.99,20.71,1550,8.31,330,64.63,93.6,450,28.55,1550,1.42,292.4,6.341,1727,226.3,20.43,0.0,,,3.63750433921814,0.0,IB04
2005-04-21,17.37,23.75,1350,12.63,310,64.86,92.8,520,33.34,1440,1.099,316.6,6.321,1528,240.5,24.45,0.0,,,4.14501953125,0.0,IB04
2005-04-22,16.34,21.24,1330,10.7,2350,74.1,91.7,600,52.57,1650,1.402,213.4,5.263,1631,211.1,18.52,0.0,,,3.250021457672119,0.0,IB04
2005-04-23,16.7,24.08,1220,8.64,440,74.7,92.2,500,45.09,940,1.219,284.6,5.312,1428,209.5,22.82,0.0,,,3.887821912765503,0.0,IB04
2005-04-24,14.56,19.07,1430,9.83,0,89.4,96.7,0,75.9,1450,1.508,229.5,7.39,1557,216.7,10.23,0.0,,,1.9002013206481927,0.0,IB04
2005-04-25,16.66,25.68,1300,8.77,230,62.41,98.1,630,17.94,1340,0.992,5.406,5.88,1704,143.5,25.21,0.2,,,4.356713771820068,0.0,IB04
2005-04-26,14.76,23.83,1050,7.18,430,66.89,93.4,440,37.88,1050,1.458,351.1,6.252,1134,208.1,24.95,0.0,,,4.227550506591797,0.0,IB04
2005-04-27,16.2,26.94,1230,6.583,320,56.43,85.7,130,25.08,1700,0.971,50.16,4.655,1453,255.0,23.8,0.0,,,4.259768486022949,0.0,IB04
2005-04-28,16.27,25.75,1030,7.45,410,58.52,86.8,600,23.81,1030,1.339,352.5,6.429,1302,221.6,24.85,0.0,,,4.604111671447754,0.0,IB04
2005-04-29,16.12,25.89,950,6.984,510,59.95,84.5,520,19.74,940,1.355,10.17,6.233,1328,238.6,25.33,0.0,,,4.739030361175537,0.0,IB04
2005-04-30,17.86,27.95,1000,8.71,430,53.36,85.2,500,22.61,950,1.167,291.0,5.86,1410,237.9,25.21,0.0,,,4.7764763832092285,0.0,IB04
2005-05-01,20.46,29.98,1440,9.77,510,47.38,84.0,2310,18.99,1450,1.25,80.3,5.635,1359,153.7,25.02,0.0,,,5.12420654296875,0.0,IB04
2005-05-02,20.12,27.27,1300,12.7,340,63.13,85.7,340,42.6,1300,1.319,13.91,7.92,1356,221.6,19.38,0.0,,,4.051566123962402,0.0,IB04
2005-05-03,19.64,25.71,930,16.4,310,78.5,91.9,2230,47.83,940,1.531,221.2,9.01,958,218.2,19.02,0.0,,,3.923992395401001,0.0,IB04
2005-05-04,19.72,25.54,1220,15.48,450,57.67,91.9,250,33.41,1020,1.622,58.46,5.429,916,44.99,18.55,0.0,,,4.146339416503906,0.0,IB04
2005-05-05,16.39,19.53,1310,14.34,1100,75.4,92.3,1420,62.07,920,1.963,107.6,5.419,1801,223.9,8.47,4.2,,,2.1889216899871826,1.1966732740402222,IB04
2005-05-06,18.4,25.74,1500,10.49,510,61.47,92.9,600,20.67,1500,1.432,281.6,6.488,1400,245.3,26.07,0.0,,,4.945971012115479,0.0,IB04
2005-05-07,15.7,21.56,1330,8.11,420,77.4,92.5,310,58.5,1530,1.595,212.6,6.292,1347,215.2,26.13,0.0,,,4.045288562774658,0.0,IB04
2005-05-08,17.56,24.5,910,9.57,330,70.8,92.7,100,28.48,910,1.668,200.6,6.145,1223,221.7,23.51,0.0,,,4.593616485595703,0.0,IB04
2005-05-09,18.66,23.49,1340,12.56,450,79.5,95.2,510,57.32,900,1.627,207.3,6.223,1528,224.6,22.88,0.0,,,4.014698505401611,0.0,IB04
2005-05-10,20.118,26.821,1130,14.004,500,73.652,88.4,0,47.043,1130,1.084,206.942,3.901,1330,214.4,25.267,0.0,,,4.598798,0.0,IB04
2005-05-11,18.74,24.68,1350,15.28,2250,79.5,93.3,330,54.89,1220,1.505,48.61,6.047,1457,227.8,16.46,0.0,,,3.4098896980285645,0.0,IB04
2005-05-12,17.29,22.1,1140,11.36,350,83.9,96.8,520,61.12,900,1.42,221.1,7.04,1352,233.6,16.94,1.0,,,3.103393077850342,0.0,IB04
2005-05-13,19.46,24.69,950,14.55,430,81.8,97.3,550,57.69,950,1.926,221.3,6.546,1421,216.9,24.68,0.2,,,4.407493591308594,0.0,IB04
2005-05-14,20.55,26.34,1240,13.16,2350,59.89,94.0,550,24.07,1540,1.152,318.8,4.91,1829,114.9,27.05,0.0,,,5.01685094833374,0.0,IB04
2005-05-15,17.65,23.42,1050,10.97,330,73.7,91.8,2300,40.96,920,1.639,223.7,6.017,1209,221.7,23.93,0.0,,,4.386214256286621,0.0,IB04
2005-05-16,18.33,25.28,1440,11.43,400,68.12,93.7,530,37.27,1320,1.175,73.0,6.056,1609,157.2,18.35,0.0,,,3.758575677871704,0.0,IB04
2005-05-17,17.11,21.51,1130,13.76,2050,67.61,89.6,100,46.36,1140,2.409,265.1,9.16,1131,238.8,17.59,1.4,,,3.7799811363220215,0.0,IB04
2005-05-18,18.24,24.03,1130,11.29,2320,52.87,75.4,0,31.09,1800,1.692,299.5,7.95,1241,249.3,27.03,0.0,,,5.089561462402344,0.0,IB04
2005-05-19,16.83,22.5,1050,8.65,430,72.3,93.4,2320,45.09,1040,1.995,215.4,7.16,1551,228.3,26.85,0.0,,,4.601917266845703,0.0,IB04
2005-05-20,18.17,25.48,1230,8.97,430,64.71,96.2,510,22.4,1100,1.494,277.3,5.831,1547,230.5,27.03,0.0,,,5.088052749633789,0.0,IB04
2005-05-21,19.03,26.14,1310,9.44,400,59.27,83.8,40,22.95,840,1.595,314.5,5.841,1316,236.9,24.58,0.0,,,5.051084995269775,0.0,IB04
2005-05-22,19.24,24.61,1330,13.5,420,76.0,89.8,2340,52.01,1410,2.005,224.1,7.13,1507,218.3,22.76,0.0,,,4.400588512420654,0.0,IB04
2005-05-23,19.48,25.48,1310,12.5,0,60.01,90.1,20,31.81,1130,1.958,77.0,7.52,1517,223.8,25.46,0.0,,,5.159130096435547,0.0,IB04
2005-05-24,17.76,23.82,1240,9.91,440,64.56,91.3,350,33.41,950,1.64,244.7,6.311,1408,216.3,27.22,0.0,,,4.91755485534668,0.0,IB04
2005-05-25,17.93,26.49,920,9.71,320,70.9,93.1,540,27.01,910,1.562,226.0,5.958,1250,238.0,27.72,0.0,,,5.284241676330566,0.0,IB04
2005-05-26,18.72,26.36,920,10.04,350,66.69,92.1,240,36.81,910,1.456,282.4,6.125,1239,230.0,27.06,0.0,,,5.026397228240967,0.0,IB04
2005-05-27,20.42,28.54,920,11.64,450,57.37,83.1,450,25.53,920,1.725,257.0,6.399,1258,228.4,27.56,0.0,,,5.770937442779541,0.0,IB04
2005-05-28,20.87,29.26,950,12.03,440,56.37,81.6,2310,25.33,940,1.569,306.6,6.958,1410,230.5,26.75,0.0,,,5.670064449310303,0.0,IB04
2005-05-29,21.71,29.39,1030,12.56,430,58.0,85.9,150,26.13,1000,1.579,272.5,6.399,1327,228.8,26.32,0.0,,,5.625730991363525,0.0,IB04
2005-05-30,22.04,31.83,1240,15.75,450,59.98,80.6,2340,26.59,1220,1.346,53.9,8.17,1450,35.88,14.87,0.0,,,4.41348934173584,0.0,IB04
2005-05-31,20.1,24.31,1030,16.14,0,64.87,82.0,0,46.09,1040,1.544,60.7,5.243,909,58.28,11.36,0.0,,,3.141786575317383,0.0,IB04
2005-06-01,21.77,26.6,1350,15.81,10,45.83,84.0,10,28.07,1400,2.23,57.74,8.08,838,16.01,21.78,0.0,,,5.280580520629883,0.0,IB04
2005-06-02,22.89,28.99,1320,17.74,2340,52.14,89.4,2250,30.66,1300,1.975,61.63,5.939,1042,75.0,25.22,0.0,,,5.743106365203857,0.0,IB04
2005-06-03,22.71,32.18,1130,16.55,240,64.71,90.1,250,28.46,1130,1.475,135.6,6.723,1214,224.4,25.34,0.0,,,5.77570104598999,0.0,IB04
2005-06-04,21.66,29.99,1230,16.68,320,73.0,94.5,440,36.46,1230,1.391,71.1,6.017,1430,220.9,24.84,0.0,,,5.251524448394775,0.0,IB04
2005-06-05,21.73,28.66,1230,15.94,2340,62.21,79.9,500,34.39,1250,1.79,83.4,6.556,1452,227.4,26.33,0.0,,,5.692443370819092,0.0,IB04
2005-06-06,20.55,26.35,900,13.23,330,66.53,88.0,500,33.47,910,1.768,243.8,6.831,1309,216.3,27.49,0.0,,,5.442503929138184,0.0,IB04
2005-06-07,22.25,29.79,1100,14.82,350,65.95,87.6,0,32.8,1110,2.054,172.8,7.03,1634,208.8,25.3,0.0,,,5.816534519195557,0.0,IB04
2005-06-08,22.55,30.31,1230,14.09,500,61.62,93.9,410,26.33,1720,1.424,83.9,4.998,1425,219.1,25.59,0.0,,,5.530595302581787,0.0,IB04
2005-06-09,20.55,26.8,1030,13.76,440,56.28,87.0,330,24.2,940,1.848,163.5,7.23,1319,198.5,28.0,0.0,,,5.776010513305664,0.0,IB04
2005-06-10,20.16,26.41,920,13.16,130,62.74,85.6,340,38.81,920,1.598,126.2,6.105,1128,245.4,26.89,0.0,,,5.222169399261475,0.0,IB04
2005-06-11,22.04,29.38,1450,13.5,310,53.56,85.6,320,24.13,1150,1.566,102.4,6.341,1206,216.1,26.15,0.0,,,5.678832530975342,0.0,IB04
2005-06-12,22.44,31.71,1200,15.08,410,60.89,87.4,2300,26.54,830,1.317,26.69,7.39,1344,224.5,23.32,0.0,,,5.360167503356934,0.0,IB04
2005-06-13,21.84,27.74,940,16.02,400,75.8,93.3,440,44.34,940,1.843,206.0,6.135,1009,239.3,22.66,0.0,,,4.873782634735107,0.0,IB04
2005-06-14,23.78,31.24,1420,18.0,2340,67.37,84.4,2350,23.39,1430,1.898,218.2,6.096,1319,201.1,26.18,0.0,,,6.315055847167969,0.0,IB04
2005-06-15,21.91,26.2,1050,14.88,440,74.8,92.5,2230,51.09,840,1.942,218.3,6.88,1323,207.9,25.19,0.0,,,4.947066307067871,0.0,IB04
2005-06-16,22.82,29.4,910,16.07,430,71.8,95.7,520,33.87,910,1.539,233.4,6.243,1311,262.3,25.11,0.0,,,5.379008769989014,0.0,IB04
2005-06-17,24.49,31.96,1450,16.21,450,58.96,89.8,500,29.19,1440,1.206,61.27,6.272,1518,220.5,27.27,0.0,,,5.791189670562744,0.0,IB04
2005-06-18,24.12,29.79,900,16.08,440,53.45,83.5,250,31.2,830,1.597,229.9,6.154,1217,221.6,26.9,0.0,,,5.821991443634033,0.0,IB04
2005-06-19,23.84,29.19,1150,16.35,500,62.32,81.6,0,37.33,1600,1.602,220.5,6.321,1207,218.4,26.84,0.0,,,5.685380935668945,0.0,IB04
2005-06-20,24.24,29.19,1240,17.08,500,65.71,88.2,330,39.19,930,1.586,209.5,5.929,1125,225.1,26.14,0.0,,,5.538097858428955,0.0,IB04
2005-06-21,24.45,29.44,1400,18.6,400,67.11,89.6,440,39.45,1400,1.601,190.7,5.782,1156,217.8,21.59,0.0,,,4.982053756713867,0.0,IB04
2005-06-22,25.38,31.11,1340,18.74,310,64.22,88.3,350,38.19,1450,1.806,208.4,6.507,1524,224.1,25.19,0.0,,,5.793782711029053,0.0,IB04
2005-06-23,26.07,30.96,1530,20.72,430,65.28,84.6,240,39.38,1550,1.569,225.7,5.321,1221,191.9,26.51,0.0,,,5.895343780517578,0.0,IB04
2005-06-24,26.22,34.09,1000,19.8,500,61.13,85.5,310,27.92,1000,1.422,333.8,6.938,1235,243.2,23.37,0.0,,,5.802235126495361,0.0,IB04
2005-06-25,24.96,30.59,910,18.94,310,72.5,89.3,0,49.33,910,1.633,231.2,6.243,1251,191.1,26.8,0.0,,,5.671679973602295,0.0,IB04
2005-06-26,25.74,30.18,1800,19.33,500,74.7,91.4,510,57.34,830,1.587,215.9,6.527,1347,218.0,24.94,0.0,,,5.241725921630859,0.0,IB04
2005-06-27,27.49,33.69,1420,21.25,230,63.06,91.9,320,29.05,1420,1.435,215.1,6.115,1502,241.6,24.57,0.0,,,5.908566474914551,0.0,IB04
2005-06-28,28.78,37.15,940,20.85,410,48.96,77.5,450,12.99,1510,1.386,55.31,7.54,1054,251.4,26.22,0.0,,,6.7177815437316895,0.0,IB04
2005-06-29,25.88,32.04,1710,19.33,420,67.65,90.5,2350,44.59,1810,2.173,242.8,9.33,1127,233.0,24.88,0.0,,,5.903717994689941,0.0,IB04
2005-06-30,26.05,32.04,1010,21.06,330,72.4,91.7,130,39.45,1050,1.835,177.1,7.16,1152,221.8,26.97,0.0,,,6.163915634155273,0.0,IB04
2005-07-01,25.71,31.36,1300,20.92,440,66.34,90.8,430,41.05,1300,1.594,67.18,6.282,1426,218.7,25.89,0.0,,,5.777344226837158,0.0,IB04
2005-07-02,24.68,29.12,1130,18.4,420,65.65,85.5,430,47.6,840,1.842,217.5,6.399,1344,233.3,26.98,0.0,,,5.680241584777832,0.0,IB04
2005-07-03,24.96,29.84,1100,18.4,330,71.7,90.3,450,46.45,1110,1.681,222.0,6.115,1243,212.0,27.03,0.0,,,5.671401977539063,0.0,IB04
2005-07-04,26.33,33.36,1030,18.94,420,64.05,93.0,450,28.38,1140,1.565,15.34,6.527,1551,112.1,18.83,0.0,,,5.135829925537109,0.0,IB04
2005-07-05,24.41,29.52,1300,18.27,0,60.1,83.1,10,36.86,1250,2.131,78.5,5.831,1503,246.2,26.59,0.0,,,6.026356220245361,0.0,IB04
2005-07-06,23.16,27.32,1300,16.61,440,66.42,84.3,450,52.99,1400,1.979,210.0,6.556,1255,186.8,27.36,0.0,,,5.431879997253418,0.0,IB04
2005-07-07,24.04,29.06,850,18.4,340,67.43,84.6,340,42.46,850,1.534,86.1,6.154,1226,226.1,22.52,0.0,,,5.004367828369141,0.0,IB04
2005-07-08,23.97,29.91,1410,20.39,450,55.78,74.1,0,35.79,1440,1.959,60.51,5.302,836,53.32,23.71,0.0,,,5.798961162567139,0.0,IB04
2005-07-09,24.29,30.24,1150,18.93,300,53.34,68.87,250,31.32,1130,1.581,54.82,6.35,1631,229.1,25.86,0.0,,,5.883448600769043,0.0,IB04
2005-07-10,22.31,25.97,800,17.87,0,65.54,82.1,0,48.63,800,1.194,51.46,4.469,1005,38.35,12.01,0.4,,,3.1141223907470703,0.0,IB04
2005-07-11,23.52,30.24,1340,13.96,500,60.71,89.8,520,31.19,1110,2.178,236.2,7.76,1409,251.5,27.66,0.0,,,6.207644462585449,0.0,IB04
2005-07-12,24.73,32.56,1330,16.68,450,61.11,87.4,320,23.79,1240,1.628,209.0,6.419,1318,237.2,27.43,0.0,,,6.291955471038818,0.0,IB04
2005-07-13,25.12,31.84,940,16.48,510,55.6,84.8,530,22.59,910,1.666,263.8,5.958,1338,243.0,26.97,0.0,,,6.200600624084473,0.0,IB04
2005-07-14,26.92,35.08,1250,17.6,210,43.35,79.0,220,21.66,920,1.518,100.2,6.184,1332,133.1,26.84,0.0,,,6.4886884689331055,0.0,IB04
2005-07-15,27.75,35.94,1440,19.34,340,39.16,59.93,120,16.99,1510,1.406,100.4,6.017,1242,218.6,24.78,0.0,,,6.368411540985107,0.0,IB04
2005-07-16,26.98,36.62,950,19.8,220,59.83,86.6,2200,20.52,1000,1.378,233.5,6.38,1118,217.7,24.72,0.0,,,6.277934074401856,0.0,IB04
2005-07-17,27.01,32.54,810,20.92,310,70.7,92.1,2340,34.0,810,1.522,231.3,5.713,1604,226.6,23.98,0.0,,,5.645842552185059,0.0,IB04
2005-07-18,26.84,34.1,1710,22.24,210,73.2,92.4,10,24.39,1700,1.558,176.3,6.35,1056,233.2,14.48,0.0,,,4.720645904541016,0.0,IB04
2005-07-19,25.53,31.11,1020,19.26,440,59.54,84.2,440,35.92,1510,1.589,153.4,6.066,1129,261.6,26.4,0.0,,,5.848082542419434,0.0,IB04
2005-07-20,24.71,29.78,1300,18.27,440,65.06,86.2,520,41.52,1310,1.581,227.4,5.998,1414,241.7,25.63,0.0,,,5.475459575653076,0.0,IB04
2005-07-21,25.32,31.72,920,17.54,440,64.2,89.0,520,35.19,920,1.577,189.9,7.04,1238,239.7,25.48,0.0,,,5.701549530029297,0.0,IB04
2005-07-22,25.45,32.18,930,17.74,520,59.57,86.4,330,21.46,930,1.538,240.6,6.341,1528,238.9,24.57,0.0,,,5.824058532714844,0.0,IB04
2005-07-23,24.96,31.58,920,18.87,530,69.59,89.6,300,31.13,920,1.684,177.9,6.997,1143,230.0,23.55,0.0,,,5.59670877456665,0.0,IB04
2005-07-24,24.99,28.98,1040,19.47,500,75.3,90.5,510,57.52,950,1.584,214.9,5.87,1253,203.4,24.11,0.0,,,4.951639175415039,0.0,IB04
2005-07-25,25.42,29.51,1500,20.26,500,77.0,92.0,500,58.39,900,1.532,213.2,5.958,1122,204.1,22.22,0.0,,,4.702396869659424,0.0,IB04
2005-07-26,25.56,30.7,1340,20.85,110,78.1,93.3,240,57.71,1340,1.687,236.5,5.86,1516,221.6,24.7,0.0,,,5.209856986999512,0.0,IB04
2005-07-27,26.12,29.31,1620,21.78,0,73.7,89.1,0,58.85,1620,1.416,211.8,5.958,1132,216.7,23.04,0.0,,,4.843748092651367,0.0,IB04
2005-07-28,25.73,30.24,1220,19.19,450,76.0,94.3,520,54.78,1220,1.544,232.6,6.076,1242,225.5,23.51,0.0,,,4.954593181610107,0.0,IB04
2005-07-29,26.54,30.57,1530,20.98,340,76.1,91.2,350,60.99,950,1.865,217.5,6.948,1452,228.1,22.7,0.0,,,4.934754371643066,0.0,IB04
2005-07-30,27.1,33.69,1100,22.78,0,70.4,91.6,430,43.24,1100,1.673,62.82,6.899,1233,240.1,23.16,0.0,,,5.590296745300293,0.0,IB04
2005-07-31,25.83,31.63,1320,20.26,500,59.68,84.6,420,36.52,1110,1.863,55.24,6.007,817,59.66,24.19,0.0,,,5.749777317047119,0.0,IB04
2005-08-01,26.05,33.08,1320,20.45,50,56.0,76.0,100,29.78,1320,1.86,57.1,7.87,1337,247.9,23.54,0.0,,,6.055738925933838,0.0,IB04
2005-08-02,23.48,28.06,1050,18.53,2350,60.23,76.8,1350,43.66,1050,1.148,53.65,4.773,1339,19.41,12.51,0.4,,,3.339438915252685,0.0,IB04
2005-08-03,23.62,31.5,1530,15.62,500,59.14,85.3,510,25.85,1550,1.575,10.04,6.791,1416,242.9,25.41,0.0,,,5.710444450378418,0.0,IB04
2005-08-04,24.19,30.32,1730,16.48,520,56.26,84.7,540,28.46,1730,1.731,349.6,7.59,1445,227.0,24.97,0.0,,,5.620645999908447,0.0,IB04
2005-08-05,24.83,33.5,1510,15.68,420,56.17,80.4,140,21.52,1530,1.498,321.9,7.02,1339,244.2,25.0,0.0,,,5.887965202331543,0.0,IB04
2005-08-06,24.44,30.58,1330,16.81,430,62.33,87.2,440,25.92,1350,1.588,235.6,5.89,1111,229.3,25.06,0.0,,,5.563902378082275,0.0,IB04
2005-08-07,24.52,29.86,900,16.22,520,64.19,83.5,230,36.39,1140,1.758,211.4,6.027,1422,222.5,24.48,0.0,,,5.37789249420166,0.0,IB04
2005-08-08,25.77,33.43,1320,19.66,520,65.87,89.1,540,37.31,1320,1.66,109.1,7.08,1542,228.1,22.03,0.0,,,5.401838302612305,0.0,IB04
2005-08-09,26.77,34.28,1450,20.19,520,63.36,84.1,540,32.31,1430,1.486,66.31,6.076,1621,227.9,21.38,0.0,,,5.386627674102783,0.0,IB04
2005-08-10,26.81,31.31,1550,23.7,330,71.1,83.9,2240,46.12,1600,1.54,201.8,6.782,1130,226.3,9.37,0.0,,,3.307046890258789,0.0,IB04
2005-08-11,26.22,33.42,1310,20.65,520,68.28,91.6,610,44.38,1530,1.606,71.9,8.25,1210,240.3,22.39,0.0,,,5.261817932128906,0.0,IB04
2005-08-12,24.72,30.38,1100,17.67,430,61.74,86.6,430,34.79,1110,1.841,230.2,7.13,1405,217.1,23.68,0.0,,,5.391082286834717,0.0,IB04
2005-08-13,24.01,28.99,1330,16.54,530,65.79,85.2,440,45.26,1320,1.81,202.9,6.654,1435,220.6,23.32,0.0,,,4.971824645996094,0.0,IB04
2005-08-14,25.05,32.5,1020,17.87,530,66.8,87.0,540,30.65,1020,1.607,192.2,6.321,1527,211.5,23.34,0.0,,,5.472358226776123,0.0,IB04
2005-08-15,25.32,32.75,1250,20.26,510,66.0,89.7,430,34.25,1240,1.745,64.65,7.32,1452,213.7,22.9,0.0,,,5.524662494659424,0.0,IB04
2005-08-16,24.8,31.37,1040,18.27,520,63.45,86.0,520,29.19,1020,1.525,105.6,7.52,1239,228.9,20.77,0.0,,,4.992499828338623,0.0,IB04
2005-08-17,25.42,31.96,1140,19.73,510,68.29,87.5,530,45.18,1140,1.374,70.8,8.08,1634,259.3,18.42,0.0,,,4.388803005218506,0.0,IB04
2005-08-18,25.9,32.95,1110,21.05,520,68.76,85.2,2230,37.38,1100,1.503,75.5,7.4,1329,212.0,19.37,0.0,,,4.871758937835693,0.0,IB04
2005-08-19,25.3,31.57,1140,20.85,520,71.5,91.8,610,41.58,1140,1.532,72.5,7.09,1346,230.8,19.88,0.0,,,4.687883377075195,0.0,IB04
2005-08-21,20.67,27.66,1400,14.02,520,62.91,95.0,540,26.13,1520,0.776,348.3,4.479,1126,303.0,23.77,0.2,,,4.235324859619141,0.0,IB04
2005-08-22,21.98,28.26,1440,15.42,520,59.3,88.7,620,28.6,1720,1.337,326.0,7.04,1637,219.1,23.95,0.0,,,4.778450965881348,0.0,IB04
2005-08-23,21.91,27.93,1200,14.29,520,64.74,89.2,530,38.2,1320,1.974,251.9,8.0,1515,227.4,23.51,0.0,,,4.913310050964356,0.0,IB04
2005-08-24,22.62,27.42,900,16.21,320,69.45,91.9,600,50.8,920,1.672,250.1,6.644,1415,220.9,23.58,0.0,,,4.536548614501953,0.0,IB04
2005-08-25,22.97,27.46,1320,17.34,310,75.7,91.9,0,58.59,1100,1.427,211.0,5.851,1332,186.0,22.15,0.0,,,4.199182510375977,0.0,IB04
2005-08-26,24.27,30.57,1040,18.07,340,75.2,92.4,0,41.79,1020,1.447,64.28,6.409,1449,203.7,22.07,0.0,,,4.689174652099609,0.0,IB04
2005-08-27,23.95,28.34,920,17.74,540,75.9,94.6,320,57.68,910,1.273,12.38,5.478,1123,269.9,18.64,0.0,,,3.761385917663574,0.0,IB04
2005-08-28,25.02,31.7,1200,20.26,0,66.59,88.0,350,38.05,1210,1.435,52.11,6.341,1241,217.1,19.55,0.0,,,4.588847160339356,0.0,IB04
2005-08-29,24.18,31.7,1240,17.48,410,66.02,88.7,420,34.12,1240,1.114,62.05,5.557,1354,212.1,20.39,0.0,,,4.405009746551514,0.0,IB04
2005-08-30,23.45,29.25,1050,17.4,510,72.7,91.8,550,42.65,1050,1.389,127.6,6.586,1254,206.6,20.82,0.0,,,4.318963050842285,0.0,IB04
2005-08-31,23.28,28.33,940,17.48,540,74.8,93.0,430,50.6,920,1.267,309.6,5.792,1453,194.3,21.49,0.0,,,4.1573805809021,0.0,IB04
2005-09-01,24.74,32.23,1530,17.93,400,65.49,93.1,500,31.92,1530,1.173,57.56,5.586,1310,236.9,20.94,0.0,,,4.545785903930664,0.0,IB04
2005-09-02,25.53,34.15,1520,18.0,510,56.06,83.3,40,27.05,1540,0.983,43.42,4.616,1139,232.3,21.16,0.0,,,4.604393005371094,0.0,IB04
2005-09-03,24.7,34.95,1140,16.82,550,58.87,81.9,2120,25.52,1140,1.367,16.98,5.841,1315,216.5,21.56,0.0,,,5.174610137939453,0.0,IB04
2005-09-04,23.46,29.35,900,15.42,550,70.8,90.4,2320,32.94,900,1.219,294.2,6.027,1315,256.5,20.99,0.0,,,4.253200531005859,0.0,IB04
2005-09-05,23.97,28.32,1220,19.13,310,78.3,93.2,410,62.46,1250,1.164,165.2,6.086,1343,243.4,17.2,0.0,,,3.4351837635040283,0.0,IB04
2005-09-06,24.76,29.66,1310,19.79,0,71.2,89.7,50,52.94,1750,1.475,337.9,7.22,1515,246.9,15.68,0.0,,,3.61532998085022,0.0,IB04
2005-09-07,21.55,24.9,1010,18.83,1120,81.4,94.0,2140,66.84,1010,2.007,145.1,9.64,2229,151.8,6.224,13.0,,,2.033341646194458,7.722080707550049,IB04
2005-09-08,22.06,25.22,1400,17.71,2130,74.2,97.3,2200,52.81,1400,2.249,233.6,8.57,1246,218.9,15.17,25.0,,,3.375740528106689,15.4593505859375,IB04
2005-09-09,22.18,26.53,1330,16.07,550,80.5,97.1,600,60.89,930,1.391,223.6,7.03,1153,233.7,20.82,0.2,,,3.7009549140930176,0.0,IB04
2005-09-10,23.43,27.99,1340,19.2,120,78.4,95.5,240,58.59,1340,1.778,261.2,8.35,1433,244.6,20.46,0.0,,,3.982258558273315,0.0,IB04
2005-09-11,22.6,29.24,1330,15.82,0,63.02,89.0,350,26.07,1650,0.793,339.3,5.537,1506,219.9,20.6,0.0,,,3.7880218029022217,0.0,IB04
2005-09-12,20.24,29.65,1240,13.56,540,66.99,89.2,420,28.59,1230,0.848,37.12,6.252,1411,184.9,18.61,0.2,,,3.585513114929199,0.0,IB04
2005-09-13,20.46,26.99,1230,14.95,510,73.6,91.9,500,52.82,1520,1.047,46.51,4.635,1141,86.6,15.62,0.0,,,3.0366106033325195,0.0,IB04
2005-09-14,21.35,28.26,1540,14.29,500,70.0,92.1,430,44.99,1140,1.045,75.1,5.723,1344,238.7,18.61,0.0,,,3.504781007766724,0.0,IB04
2005-09-15,21.1,27.66,1320,14.02,550,71.4,95.9,620,33.6,1400,1.044,302.9,5.253,1605,220.6,20.89,0.0,,,3.7548458576202393,0.0,IB04
2005-09-16,22.14,27.6,1250,14.36,450,76.0,89.6,410,61.66,1450,1.347,228.4,6.252,1153,242.6,19.02,0.0,,,3.4644484519958496,0.0,IB04
2005-09-17,20.31,23.84,130,17.98,1210,80.9,94.4,1150,60.27,2030,1.673,54.31,6.791,509,243.0,4.466,8.4,,,1.8002307415008545,4.4642863273620605,IB04
2005-09-18,17.17,20.32,1110,13.69,2350,75.1,94.5,700,56.5,1230,1.223,44.59,5.41,221,44.26,8.51,4.4,,,1.92983078956604,1.3618462085723877,IB04
2005-09-19,16.71,23.61,1400,10.63,510,72.7,92.7,540,47.81,1400,0.634,4.957,4.312,1503,256.7,13.42,0.2,,,2.311653614044189,0.0,IB04
2005-09-20,17.35,23.69,1450,9.31,500,70.8,90.3,510,45.88,1010,1.035,357.4,5.635,1136,261.6,19.84,0.0,,,3.113123655319214,0.0,IB04
2005-09-21,18.36,24.41,1430,11.44,520,73.9,93.3,320,52.08,1340,0.979,14.14,5.478,1400,229.7,19.66,0.0,,,3.08913516998291,0.0,IB04
2005-09-22,18.85,24.81,1410,11.69,610,74.7,95.6,620,50.14,1130,0.907,20.79,5.331,1257,199.5,19.03,0.0,,,3.025137662887573,0.0,IB04
2005-09-23,19.43,25.16,940,13.3,540,76.4,93.1,620,55.28,1030,0.76,29.82,4.243,1245,271.8,11.79,0.2,,,2.2485833168029785,0.0,IB04
2005-09-24,21.05,26.28,1010,15.28,610,76.3,93.5,630,50.73,1040,0.93,286.0,5.174,1133,236.5,15.63,0.0,,,2.8378350734710693,0.0,IB04
2005-09-25,20.62,25.08,1240,15.62,440,79.3,97.2,0,60.21,1310,1.052,2.02,6.448,2323,3.412,15.13,20.6,,,2.66318941116333,12.708944320678713,IB04
2005-09-26,18.64,24.75,1210,15.8,10,92.1,97.9,2310,65.48,1230,0.956,51.25,4.518,1618,116.5,10.15,34.8,,,1.9998811483383176,21.197643280029297,IB04
2005-09-27,20.07,26.02,1410,15.55,350,87.6,98.0,510,63.82,1410,0.541,18.24,4.655,1149,230.7,11.12,0.2,,,2.028918027877808,0.0,IB04
2005-09-28,20.91,27.39,1150,15.81,510,82.2,97.2,240,50.99,1210,0.703,36.78,5.753,1309,193.9,16.43,0.2,,,2.7913732528686523,0.0,IB04
2005-09-29,20.7,26.47,1100,14.88,600,81.0,97.5,620,56.07,1100,0.803,41.2,4.106,1251,258.2,16.52,0.2,,,2.7476673126220703,0.0,IB04
2005-09-30,20.23,24.48,1130,15.02,2350,78.8,93.3,340,58.3,1010,0.77,357.4,5.321,1314,240.3,14.07,0.0,,,2.3849196434021,0.0,IB04
2005-10-01,19.66,24.28,1210,13.03,610,81.5,94.4,400,55.72,840,1.044,301.6,6.556,1412,240.6,17.21,0.0,,,2.738290786743164,0.0,IB04
2005-10-02,16.77,19.2,610,13.22,2340,91.6,95.5,0,83.6,950,1.082,43.84,4.802,1117,35.63,3.712,2.4,,,1.0115431547164917,0.0,IB04
2005-10-03,15.42,21.76,1430,10.63,2330,79.9,95.5,0,47.3,1310,0.79,22.35,4.841,147,39.64,10.75,1.6,,,1.92737090587616,0.0,IB04
2005-10-04,15.89,23.54,1450,8.91,530,73.4,95.9,600,33.41,1500,0.605,16.15,3.303,947,280.3,16.78,0.0,,,2.370826005935669,0.0,IB04
2005-10-05,15.6,20.45,1010,10.51,550,84.5,96.6,2350,58.31,1040,0.611,54.89,4.214,1106,188.1,7.69,2.4,,,1.4647570848464966,0.0,IB04
2005-10-07,16.24,23.01,1230,9.11,600,77.1,97.1,400,47.55,1100,0.703,35.1,4.214,1235,229.1,16.51,0.2,,,2.298159122467041,0.0,IB04
2005-10-08,16.86,23.55,1400,10.17,330,78.2,96.0,340,49.95,1140,0.745,15.43,3.9,1430,250.6,15.9,0.0,,,2.2922165393829346,0.0,IB04
2005-10-09,17.78,25.28,1140,11.16,500,80.0,96.9,640,48.07,1130,0.736,27.22,5.615,1334,223.7,16.08,0.2,,,2.392935276031494,0.0,IB04
2005-10-10,18.6,24.88,1150,12.63,520,80.1,96.0,220,52.54,1200,0.799,49.45,5.615,1501,233.6,13.38,0.2,,,2.183387517929077,0.0,IB04
2005-10-11,19.01,26.48,1220,15.22,2150,81.2,94.8,0,51.14,1200,0.759,61.33,5.909,1230,229.5,9.84,0.0,,,1.967142939567566,0.0,IB04
2005-10-12,18.52,25.03,1050,13.96,350,89.2,97.1,2200,63.22,1050,0.822,63.28,6.331,1400,201.1,7.86,4.4,,,1.628424048423767,1.3609485626220703,IB04
2005-10-13,19.69,26.48,1310,15.75,0,82.3,97.6,430,60.54,1330,0.949,347.4,7.73,1434,233.3,12.62,0.2,,,2.192314624786377,0.0,IB04
2005-10-14,16.07,18.94,910,13.69,2050,90.8,96.4,2140,79.5,900,0.53,52.45,5.321,1159,168.7,2.031,6.4,,,0.7812734246253967,2.949693202972412,IB04
2005-10-15,17.58,19.93,1110,15.08,20,92.6,97.1,1310,82.3,910,0.383,49.92,2.46,1321,59.24,2.867,6.4,,,0.8228472471237183,2.9499614238739014,IB04
2005-10-16,20.75,26.07,1210,16.74,320,89.4,97.4,350,72.0,1220,0.514,29.82,3.508,1335,223.8,8.54,0.0,,,1.547038435935974,0.0,IB04
2005-10-17,20.72,25.54,1420,16.94,350,89.7,97.7,640,73.0,1440,0.459,42.07,2.979,901,53.92,9.04,0.2,,,1.5565294027328491,0.0,IB04
2005-10-18,21.12,26.21,1220,18.2,240,88.3,96.2,550,67.41,1210,0.722,14.55,5.194,1412,239.2,8.72,0.4,,,1.666520595550537,0.0,IB04
2005-10-19,20.13,24.17,1320,15.82,2350,87.5,96.8,540,67.3,1320,0.94,243.2,5.802,1402,253.8,9.6,0.6,,,1.7081396579742432,0.0,IB04
2005-10-20,18.71,23.02,1240,14.28,550,86.6,97.3,700,71.2,1430,0.977,287.6,5.831,1240,243.8,13.96,0.0,,,1.9424779415130613,0.0,IB04
2005-10-21,18.99,23.1,1350,14.35,210,83.7,97.3,220,63.77,1540,1.534,247.1,6.135,1407,241.9,11.24,0.2,,,1.950539231300354,0.0,IB04
2005-10-22,18.35,23.89,1200,12.63,630,86.2,97.7,620,61.02,1220,0.953,358.9,5.782,1139,225.2,13.03,0.2,,,1.9199872016906736,0.0,IB04
2005-10-23,19.07,23.7,1450,15.62,420,86.3,97.0,520,68.83,1610,0.83,27.97,4.498,1003,188.4,10.59,0.0,,,1.6649516820907593,0.0,IB04
2005-10-24,18.34,24.74,1300,13.1,2350,78.3,92.8,2120,54.87,1240,0.996,34.84,3.91,924,36.1,13.74,0.0,,,2.0643980503082275,0.0,IB04
2005-10-25,17.52,25.14,1120,12.16,630,81.5,95.3,0,54.08,1130,0.845,28.51,4.665,1430,241.8,13.35,0.0,,,1.9446165561676023,0.0,IB04
2005-10-26,18.3,24.7,1150,12.83,520,85.2,97.4,550,60.03,1150,0.702,65.57,3.9,1347,131.1,8.41,0.2,,,1.4895449876785278,0.0,IB04
2005-10-27,20.74,27.47,1200,16.07,2330,82.0,96.3,0,49.13,1300,0.93,67.47,4.263,1315,130.1,11.95,0.2,,,2.083299398422241,0.0,IB04
2005-10-28,19.64,26.8,1300,15.22,630,84.3,97.1,300,52.93,1330,0.673,55.4,3.783,1501,126.3,10.57,0.2,,,1.7432653903961182,0.0,IB04
2005-10-29,20.1,27.0,1230,15.94,540,86.1,96.7,2350,52.13,1230,0.735,36.15,4.057,1356,227.6,11.16,0.2,,,1.829892635345459,0.0,IB04
2005-10-30,19.99,28.39,1200,13.62,550,79.8,97.4,600,43.53,1220,0.681,56.47,4.214,1142,158.4,9.83,0.2,,,1.7805131673812866,0.0,IB04
2005-10-31,19.8,25.63,1240,15.28,2330,79.4,96.5,2340,51.29,1240,0.998,277.0,7.69,1313,238.0,6.183,0.0,,,1.5965417623519895,0.0,IB04
2005-11-01,17.19,24.43,1030,11.17,2340,77.5,97.3,410,44.69,1020,0.912,4.671,5.821,1259,226.7,11.21,0.0,,,1.7700717449188232,0.0,IB04
2005-11-02,16.07,23.22,1210,9.51,420,83.3,96.7,700,57.3,1140,0.805,38.39,5.713,1249,168.8,11.9,0.2,,,1.5615280866622925,0.0,IB04
2005-11-03,17.07,24.02,1110,10.58,630,86.5,96.6,2350,67.16,1100,0.735,14.88,4.684,1338,236.1,10.69,0.2,,,1.4410134553909302,0.0,IB04
2005-11-04,18.68,23.77,1330,13.95,700,80.0,97.3,740,56.23,1340,0.83,346.6,6.86,1226,286.9,8.7,0.0,,,1.4655892848968506,0.0,IB04
2005-11-05,15.74,18.47,20,13.03,2230,77.8,86.7,200,65.54,1130,1.532,46.38,5.87,1037,86.9,3.53,0.4,,,1.2782336473464966,0.0,IB04
2005-11-06,14.23,22.03,1230,7.58,630,74.7,96.8,710,40.02,1230,0.646,5.498,6.017,1323,232.6,11.64,0.0,,,1.4067686796188354,0.0,IB04
2005-11-07,13.38,21.3,1240,6.583,540,79.8,95.3,700,52.16,1200,0.831,43.27,5.067,1205,193.5,11.44,0.2,,,1.4018442630767822,0.0,IB04
2005-11-08,14.37,22.96,1150,7.32,500,78.9,97.1,550,48.82,1150,0.778,55.9,4.822,1452,183.3,10.74,0.0,,,1.429975152015686,0.0,IB04
2005-11-09,14.69,20.97,1210,9.37,2210,80.5,95.9,640,57.45,1040,0.807,332.6,7.37,1112,243.5,8.15,0.2,,,1.2303458452224731,0.0,IB04
2005-11-10,12.84,20.18,1220,6.316,510,82.5,95.8,310,48.97,1220,0.699,50.67,3.812,924,78.4,6.959,3.0,,,1.1570520401000977,0.1680520176887512,IB04
2005-11-11,14.4,20.04,1330,10.83,2000,86.9,97.7,730,59.71,1340,0.611,357.5,4.39,1241,274.1,8.35,4.8,,,1.08790922164917,1.6865437030792236,IB04
2005-11-12,13.71,19.99,1340,10.03,350,87.4,96.5,940,59.67,1320,0.832,38.99,9.8,752,276.1,5.354,14.6,,,1.079660177230835,8.78492259979248,IB04
2005-11-13,13.89,17.01,1430,11.69,2350,90.2,97.2,740,69.42,1550,0.705,62.36,5.047,2142,198.5,4.445,10.2,,,0.8583934307098389,5.755764007568359,IB04
2005-11-14,12.84,17.48,1100,9.51,650,91.4,97.4,400,75.6,1040,0.798,49.54,5.782,1519,191.4,2.517,5.6,,,0.7624378204345703,2.325425863265991,IB04
2005-11-15,13.5,19.52,1130,7.65,640,81.0,96.9,600,57.52,1130,1.144,73.0,8.25,1722,201.1,8.63,1.2,,,1.246174931526184,0.0,IB04
2005-11-16,11.06,16.48,1350,6.516,2300,84.8,98.0,820,52.13,1440,0.639,20.85,5.664,1040,291.5,7.54,3.0,,,0.9380874037742616,0.1679715365171432,IB04
2005-11-17,13.71,19.13,1330,7.12,2330,74.4,97.2,30,56.59,1330,0.658,341.1,3.812,314,338.4,8.12,0.2,,,1.0021741390228271,0.0,IB04
2005-11-18,11.26,18.27,1400,5.447,420,89.7,97.5,620,62.8,1410,0.433,38.55,2.244,1210,61.25,4.727,0.0,,,0.7762475609779358,0.0,IB04
2005-11-19,12.95,17.27,1300,8.44,0,82.9,96.0,240,62.6,1320,0.937,48.92,3.959,1212,85.2,7.52,0.2,,,0.9929602742195128,0.0,IB04
2005-11-20,12.57,19.58,1330,5.52,650,85.4,94.7,710,58.92,1320,0.738,47.15,3.734,1348,94.3,7.48,0.2,,,0.993500292301178,0.0,IB04
2005-11-21,14.58,20.47,1320,9.64,2350,85.9,96.8,400,57.99,1330,0.419,46.52,3.479,1321,96.3,4.914,0.0,,,0.8409696221351624,0.0,IB04
2005-11-22,11.47,16.33,1430,6.917,0,82.1,97.3,710,55.6,1440,1.039,43.94,5.204,1038,50.72,7.02,0.2,,,1.014818787574768,0.0,IB04
2005-11-23,8.85,13.67,1210,5.252,110,80.6,93.5,230,57.69,1120,1.152,54.69,4.557,1030,65.72,7.04,0.6,,,0.954278528690338,0.0,IB04
2005-11-24,7.59,13.88,1050,3.457,2320,82.7,95.9,2340,49.28,1040,0.578,51.16,4.057,37,43.28,7.93,0.4,,,0.7679365873336792,0.0,IB04
2005-11-25,11.24,15.81,1210,1.531,420,67.92,98.1,540,46.48,2050,2.673,256.5,8.98,2113,226.8,8.0,0.2,,,1.6302231550216677,0.0,IB04
2005-11-26,10.0,14.16,0,3.59,2330,66.08,88.2,2250,44.4,1420,0.998,313.4,5.978,10,220.0,7.75,0.0,,,1.0071146488189695,0.0,IB04
2005-11-27,9.55,14.81,1200,1.665,630,60.47,89.6,700,41.06,1200,1.253,271.0,7.93,1417,272.2,8.74,0.0,,,1.1559785604476929,0.0,IB04
2005-11-28,9.73,15.6,1200,1.852,500,67.86,88.5,720,43.72,1150,1.351,270.8,6.429,2054,257.5,7.93,0.4,,,1.2201108932495115,0.0,IB04
2005-11-29,9.69,17.01,1130,3.39,0,71.3,92.6,650,40.31,1220,0.636,358.7,3.802,1059,282.8,7.28,0.0,,,0.895774781703949,0.0,IB04
2005-11-30,7.36,13.23,1130,1.13,0,78.2,94.2,2330,52.36,1130,0.936,39.21,4.822,1246,35.94,5.782,0.0,,,0.8555663228034973,0.0,IB04
2005-12-01,9.38,16.01,1340,0.264,210,77.8,95.7,430,54.34,1350,1.512,261.8,8.89,2315,235.4,7.29,0.2,,,1.1216739416122437,0.0,IB04
2005-12-02,15.43,16.42,2100,14.55,200,79.0,87.0,2140,69.84,500,4.511,233.4,12.59,1839,264.8,1.402,5.4,,,1.6470468044281006,2.171203851699829,IB04
2005-12-03,13.71,18.4,1150,4.792,2220,69.45,93.2,2340,45.78,1500,1.893,285.2,10.22,642,274.7,7.61,0.0,,,1.4934933185577393,0.0,IB04
2005-12-04,13.5,17.73,1330,4.125,130,76.0,95.7,240,54.2,1340,2.103,250.3,9.31,1322,230.5,7.06,0.2,,,1.3626487255096436,0.0,IB04
2005-12-05,13.53,18.6,1110,8.77,730,68.55,91.3,530,46.25,1520,1.156,308.9,6.164,1601,302.4,7.02,0.6,,,1.1827737092971802,0.0,IB04
2005-12-06,13.02,16.33,1250,10.84,750,56.06,70.3,1840,36.44,1300,1.584,280.2,6.87,1327,221.2,9.25,0.0,,,1.5564606189727783,0.0,IB04
2005-12-07,9.97,16.6,1130,4.125,0,72.3,88.0,900,49.99,1150,0.544,4.72,3.459,1408,261.5,8.57,0.0,,,0.715851366519928,0.0,IB04
2005-12-08,9.44,15.42,1230,2.661,220,83.5,93.0,750,64.92,1930,1.163,336.8,7.83,1221,227.8,5.123,0.2,,,0.854354977607727,0.0,IB04
2005-12-09,9.6,16.33,1200,4.652,740,78.5,96.3,750,50.21,1630,1.114,33.47,6.517,1756,3.795,7.48,0.6,,,0.9874659776687622,0.0,IB04
2005-12-10,11.23,14.28,1350,9.11,2300,67.2,79.2,2130,57.55,1350,2.788,43.09,7.59,737,45.16,5.254,0.0,,,1.5700914859771729,0.0,IB04
2005-12-11,9.52,13.35,1250,6.115,2330,68.8,90.5,2330,50.68,1310,1.729,42.93,7.06,1109,354.0,7.45,0.6,,,1.126328468322754,0.0,IB04
2005-12-12,9.09,11.17,1400,6.116,30,78.2,88.7,1900,66.48,1010,0.903,24.6,4.341,847,346.1,2.433,0.2,,,0.7273216247558594,0.0,IB04
2005-12-13,8.56,11.63,1240,4.86,1940,84.2,92.4,440,72.6,1310,1.056,29.52,5.067,1057,35.1,2.407,1.2,,,0.6884552836418152,0.0,IB04
2005-12-14,7.24,14.27,1300,2.529,720,79.8,93.3,2350,52.26,1450,0.491,23.84,2.734,1308,247.7,7.48,0.0,,,0.6046925187110901,0.0,IB04
2005-12-15,5.679,14.73,1300,0.863,240,82.8,96.0,810,44.72,1250,0.501,40.98,3.646,1332,28.81,7.03,0.2,,,0.6478814482688904,0.0,IB04
2005-12-16,7.09,14.48,1200,-0.265,600,79.1,96.1,630,52.54,1200,0.692,326.0,3.92,1635,251.0,8.47,0.0,,,0.6706318855285645,0.0,IB04
2005-12-17,10.07,16.74,1210,2.986,620,76.9,92.5,720,51.07,1200,0.917,331.3,6.282,1021,231.7,8.61,0.0,,,0.8584253787994385,0.0,IB04
2005-12-18,8.66,10.24,40,4.719,2350,72.2,88.2,0,52.05,1300,1.451,57.26,5.831,943,67.94,1.95,0.2,,,0.9949626326560974,0.0,IB04
2005-12-19,8.1,14.61,1510,2.587,720,73.4,90.8,750,38.45,1500,0.421,22.55,2.783,1527,235.9,5.791,0.0,,,0.6513532400131226,0.0,IB04
2005-12-20,7.63,14.14,1310,2.924,150,79.2,91.1,600,49.86,1430,0.749,47.85,3.998,1407,53.93,7.14,0.0,,,0.7456188797950745,0.0,IB04
2005-12-21,7.9,16.06,1330,2.064,0,77.2,91.8,450,44.05,1310,0.567,39.96,3.577,1008,28.35,8.7,0.0,,,0.6830524802207947,0.0,IB04
2005-12-22,5.545,13.96,1110,-0.936,500,81.3,96.0,730,48.93,1430,0.595,39.16,4.175,1336,214.2,8.83,0.2,,,0.6177695989608765,0.0,IB04
2005-12-23,5.39,14.94,1310,-1.733,520,85.2,96.1,810,61.75,1230,0.889,23.63,5.253,1350,271.9,8.59,0.2,,,0.7039016485214233,0.0,IB04
2005-12-24,5.795,14.14,1320,-0.535,620,84.9,97.8,710,57.48,1320,0.549,40.11,3.43,1346,241.8,7.71,0.2,,,0.5844081044197083,0.0,IB04
2005-12-25,7.25,14.24,1330,1.531,0,88.2,95.5,0,70.6,1330,0.233,23.93,1.499,1456,226.4,2.803,0.0,,,0.5056120157241821,0.0,IB04
2005-12-26,7.38,15.48,1230,-0.404,540,86.5,97.3,630,61.89,1230,0.502,32.1,3.832,1433,238.7,6.386,0.8,,,0.5996723771095276,0.0,IB04
2005-12-28,6.966,11.15,1240,1.331,2350,72.1,92.8,350,43.2,1420,0.698,3.394,3.401,744,352.9,8.08,0.8,,,0.6585108637809753,0.0,IB04
2005-12-29,4.275,11.56,1250,-0.933,630,80.2,95.5,710,47.7,1030,0.58,20.96,4.312,1029,354.0,6.07,0.4,,,0.6308172345161438,0.0,IB04
2005-12-30,10.35,17.01,1350,0.263,0,84.0,96.4,2350,68.76,540,1.16,273.8,4.929,1155,249.1,4.711,0.0,,,0.8276530504226685,0.0,IB04
2005-12-31,10.47,16.68,1310,5.12,540,85.4,98.2,920,64.95,1310,1.147,263.2,5.851,1107,204.7,5.487,0.2,,,0.8572892546653748,0.0,IB04
2006-01-01,12.54,15.03,1030,8.99,20,61.02,92.6,40,48.24,2340,1.361,296.3,6.331,1145,344.5,6.992,0.0,,,1.082166314125061,0.0,IB04
2006-01-03,8.07,14.61,1200,1.664,630,73.6,95.0,740,45.53,1210,0.738,52.3,4.782,1110,122.1,8.22,0.0,,,0.7802390456199646,0.0,IB04
2006-01-04,6.16,10.31,1540,0.328,0,84.3,94.6,2350,64.53,1550,0.778,14.6,3.293,1219,2.562,3.45,2.6,,,0.6423273086547852,0.0,IB04
2006-01-05,5.068,12.58,1100,-1.465,550,90.7,97.3,2000,61.65,1130,0.69,41.44,3.9,1252,211.4,4.038,14.8,,,0.660707950592041,8.910114288330078,IB04
2006-01-06,8.58,15.08,1320,2.525,230,91.0,98.1,900,64.3,1320,0.472,37.75,3.322,1558,164.5,5.139,12.8,,,0.6286690831184387,7.56206464767456,IB04
2006-01-07,11.05,14.09,1420,8.11,350,89.8,97.6,50,73.5,1440,0.883,58.84,3.352,1434,104.4,2.808,1.2,,,0.6875051259994507,0.0,IB04
2006-01-08,10.99,15.8,1430,8.1,1900,83.6,94.2,840,59.2,1530,1.02,49.81,4.773,1246,78.1,7.88,1.2,,,0.9055373072624208,0.0,IB04
2006-01-09,9.7,15.07,1230,4.72,2340,84.9,95.2,710,61.0,1420,0.74,41.05,3.606,137,40.99,7.86,0.8,,,0.7591075301170349,0.0,IB04
2006-01-10,7.56,13.82,1240,3.731,0,84.8,97.2,830,60.08,1410,0.847,43.78,4.792,1430,46.83,7.95,0.2,,,0.7645249962806702,0.0,IB04
2006-01-11,7.17,15.14,1200,1.799,0,82.8,96.2,2330,54.54,1340,0.669,28.83,4.332,1112,17.26,7.8,0.0,,,0.7704882621765137,0.0,IB04
2006-01-12,5.919,13.88,1200,-0.268,610,86.4,98.1,740,58.28,1210,0.573,46.37,3.665,1255,179.3,9.29,0.2,,,0.6714133620262146,0.0,IB04
2006-01-13,5.82,15.4,1400,0.197,600,87.1,97.7,610,55.2,1400,0.467,33.68,1.96,1428,62.55,6.618,0.0,,,0.68816739320755,0.0,IB04
2006-01-14,5.888,14.16,1110,-0.401,510,84.5,97.1,610,55.36,1110,0.63,42.86,3.626,1311,185.4,7.59,0.2,,,0.7400323748588562,0.0,IB04
2006-01-15,6.495,13.54,1340,-0.596,730,86.2,97.5,620,61.52,1100,0.738,44.33,4.861,1628,238.2,9.03,0.4,,,0.7384487390518188,0.0,IB04
2006-01-16,9.6,14.82,1450,6.516,130,85.2,95.7,140,56.41,1310,0.739,67.95,4.077,1218,203.4,6.493,2.2,,,0.8414459824562073,0.0,IB04
2006-01-17,10.11,17.31,1300,5.387,2210,81.5,95.3,2340,42.11,1210,0.504,14.98,3.93,1505,196.0,9.55,0.0,,,0.8570646047592163,0.0,IB04
2006-01-18,9.42,16.6,1320,3.323,500,83.1,97.7,850,54.05,1550,0.707,2.081,5.625,1209,210.0,9.17,0.2,,,0.8978906273841858,0.0,IB04
2006-01-19,10.2,18.21,1120,3.724,420,80.6,96.4,610,52.33,1440,1.231,47.06,5.478,2210,41.54,7.8,0.0,,,1.222731590270996,0.0,IB04
2006-01-20,11.6,18.07,1210,6.249,2240,81.9,95.2,2110,51.86,1210,1.006,52.73,3.763,14,79.2,9.24,0.0,,,1.1439169645309448,0.0,IB04
2006-01-21,9.35,17.99,1250,2.995,620,81.5,95.1,240,54.32,1250,0.645,27.88,3.107,1506,241.3,7.81,0.2,,,0.9362984299659728,0.0,IB04
2006-01-22,8.89,16.27,1140,2.594,2240,76.6,91.8,750,51.46,1150,0.932,43.94,5.508,1422,100.5,8.53,0.0,,,1.065396428108215,0.0,IB04
2006-01-23,6.415,15.01,1220,-1.599,650,78.8,96.7,720,48.27,1200,0.651,9.09,3.812,1244,348.0,10.5,0.0,,,0.9036403894424438,0.0,IB04
2006-01-24,5.934,12.28,1210,0.996,550,76.2,95.4,650,46.67,1300,0.896,40.89,4.92,1211,33.37,10.05,0.2,,,0.960715353488922,0.0,IB04
2006-01-25,5.679,12.74,1410,-0.338,610,75.3,91.8,700,45.94,1350,0.496,51.9,3.097,1350,168.9,8.32,0.0,,,0.7987664341926575,0.0,IB04
2006-01-26,7.29,11.03,1530,1.799,50,75.6,90.2,0,53.5,1410,0.406,45.28,2.352,253,0.475,3.407,0.0,,,0.696903645992279,0.0,IB04
2006-01-27,7.83,10.51,1340,4.326,120,90.4,96.3,2300,78.3,1410,0.45,47.77,2.411,258,112.1,2.453,8.4,,,0.584790050983429,4.452432632446289,IB04
2006-01-28,9.82,12.24,440,8.44,1220,91.4,96.3,1000,83.8,1440,1.073,11.92,4.332,311,163.8,2.446,10.6,,,0.6508505344390869,6.036345481872559,IB04
2006-01-29,7.97,12.56,1330,3.263,2150,78.6,93.6,230,50.36,1600,0.844,312.5,6.301,1431,240.1,6.969,0.6,,,0.9691457152366638,0.0,IB04
2006-01-30,8.53,12.37,1430,4.392,40,93.5,97.6,1100,89.8,0,1.83,39.42,8.65,1546,30.63,1.539,25.0,,,0.5701471567153931,15.364765167236328,IB04
2006-01-31,11.73,14.36,1350,8.77,2300,86.7,94.4,900,77.8,0,2.789,42.97,8.11,559,58.62,4.237,10.8,,,1.031609058380127,6.182382106781006,IB04
2006-02-01,9.08,14.88,1450,3.256,0,87.9,97.3,2150,69.65,1150,0.581,9.93,3.136,1349,208.8,7.38,0.0,,,0.8524289727210999,0.0,IB04
2006-02-02,9.08,15.27,1430,2.387,520,91.9,98.5,840,75.2,1410,0.833,224.3,6.36,1300,177.4,11.08,0.4,,,0.9866652488708496,0.0,IB04
2006-02-03,10.55,15.93,1230,6.449,620,89.3,98.0,840,66.94,1350,0.523,24.76,3.538,1452,244.8,9.98,0.0,,,0.9950518608093262,0.0,IB04
2006-02-04,9.42,11.24,1200,7.38,300,83.7,95.9,40,72.8,2110,1.953,47.19,5.478,1556,39.08,3.278,0.2,,,0.90197092294693,0.0,IB04
2006-02-05,7.78,13.34,1310,2.528,2350,79.7,93.9,2230,56.29,1120,0.828,48.68,3.881,1417,232.8,8.65,0.0,,,1.0393186807632446,0.0,IB04
2006-02-06,5.606,13.43,1130,-0.201,520,79.6,97.6,710,47.6,1530,0.61,28.0,4.136,1333,14.79,11.41,0.0,,,1.0430961847305298,0.0,IB04
2006-02-07,7.79,13.61,1300,1.665,720,79.2,95.6,730,56.02,1510,1.023,292.9,6.017,1301,246.3,12.13,0.0,,,1.213710904121399,0.0,IB04
2006-02-08,10.44,14.35,1150,3.858,0,81.2,95.3,2350,68.89,1300,1.483,256.9,6.292,1124,249.5,12.33,0.0,,,1.2785851955413818,0.0,IB04
2006-02-09,8.01,16.07,1150,2.401,530,86.8,97.7,820,57.2,1140,0.688,19.93,4.567,1525,229.4,12.35,0.2,,,1.2039618492126465,0.0,IB04
2006-02-10,7.76,14.54,1210,1.593,540,84.6,97.3,300,56.28,1210,0.685,17.48,4.782,1352,232.2,10.48,0.2,,,1.1187052726745603,0.0,IB04
2006-02-11,7.43,15.2,1220,0.729,720,83.2,97.0,800,55.61,1210,0.667,38.4,3.969,1400,235.8,8.52,0.2,,,1.0773848295211792,0.0,IB04
2006-02-12,6.475,14.34,1200,0.266,530,80.1,96.1,540,53.2,1320,0.554,46.98,3.185,1230,38.76,10.15,0.0,,,1.0765312910079956,0.0,IB04
2006-02-13,7.19,14.55,1240,0.462,620,85.6,97.1,510,63.35,1300,0.687,16.08,4.41,1305,240.8,9.19,0.2,,,1.0600334405899048,0.0,IB04
2006-02-14,8.27,15.06,1420,1.866,330,85.6,97.2,810,66.61,1430,0.741,49.29,4.694,1300,167.6,12.64,0.0,,,1.23099946975708,0.0,IB04
2006-02-15,9.84,14.87,1240,2.461,700,87.5,97.8,800,69.76,1240,1.123,264.7,5.9,1241,235.1,11.27,0.2,,,1.2596758604049685,0.0,IB04
2006-02-16,14.3,17.2,1500,11.77,2010,74.2,92.4,320,54.26,1210,2.09,229.1,10.45,1148,231.5,11.64,0.0,,,1.942641258239746,0.0,IB04
2006-02-17,12.2,18.65,1140,5.647,2220,72.2,93.8,2310,29.82,1210,1.083,318.4,6.997,1313,232.7,14.18,0.0,,,1.9544254541397093,0.0,IB04
2006-02-18,13.45,17.0,1500,5.191,120,71.0,94.9,140,55.4,1540,1.889,241.2,7.37,1145,246.0,13.82,0.0,,,1.895992875099182,0.0,IB04
2006-02-19,13.17,14.83,850,11.77,2330,69.87,91.0,410,46.62,2110,3.022,241.1,10.73,1535,242.4,6.664,0.0,,,2.037790536880493,0.0,IB04
2006-02-20,9.93,14.15,1230,3.325,2330,71.6,91.9,0,53.62,1120,1.193,269.1,5.723,1634,228.3,10.04,0.0,,,1.4459280967712402,0.0,IB04
2006-02-21,7.25,14.35,1140,0.663,530,80.3,95.9,650,52.62,1320,0.596,6.84,5.713,1117,251.0,8.36,2.4,,,1.140049695968628,0.0,IB04
2006-02-22,7.85,14.61,1320,2.401,610,83.4,97.2,620,52.87,1340,0.969,46.08,5.694,2255,49.06,8.36,5.4,,,1.299964189529419,2.169555902481079,IB04
2006-02-23,8.13,10.38,1120,5.114,2310,90.0,95.8,2340,79.9,710,0.85,21.8,4.096,411,44.32,2.787,4.6,,,0.7194567322731018,1.5223400592803955,IB04
2006-02-24,4.607,7.13,30,1.986,1640,95.5,97.8,2040,87.3,40,0.485,13.35,3.361,1256,267.5,0.926,42.8,,,0.4905605316162109,25.62112617492676,IB04
2006-02-25,7.34,12.42,1050,0.662,300,78.7,98.4,720,52.55,1600,1.333,298.7,7.89,1444,219.2,14.95,0.0,,,1.622674822807312,0.0,IB04
2006-02-26,9.17,11.83,1250,5.722,0,88.1,97.6,1820,61.48,2230,1.37,110.8,7.59,2002,236.3,3.433,18.8,,,1.038642406463623,11.523856163024902,IB04
2006-02-27,8.08,12.7,1450,2.327,2320,78.6,95.2,2340,55.9,1510,1.302,28.57,8.57,1221,38.98,8.85,0.6,,,1.376718282699585,0.0,IB04
2006-02-28,8.32,15.4,1440,3.132,0,83.4,95.6,30,58.53,1450,0.565,19.0,2.989,1405,347.3,11.62,0.0,,,1.378942370414734,0.0,IB04
2006-03-01,9.27,14.75,1320,4.392,20,83.4,95.5,30,62.56,1330,0.973,50.91,3.695,1334,129.8,6.632,0.6,,,1.2080607414245603,0.0,IB04
2006-03-02,8.46,15.54,1200,1.13,640,75.9,98.0,650,34.77,1230,1.043,329.3,6.978,1357,249.8,16.25,0.2,,,1.9782828092575075,0.0,IB04
2006-03-03,10.73,15.42,1010,4.258,530,77.3,97.3,650,50.01,1010,1.415,248.2,6.292,1136,232.0,10.73,0.0,,,1.7394371032714844,0.0,IB04
2006-03-04,13.44,15.87,1050,10.31,610,77.8,86.8,1820,67.15,1050,2.253,241.7,9.02,1349,270.7,13.59,0.0,,,2.033024549484253,0.0,IB04
2006-03-05,9.19,13.83,130,4.192,2210,84.1,97.0,1520,61.38,220,1.586,305.5,9.15,438,235.0,2.7,16.2,,,1.1365821361541748,9.84444522857666,IB04
2006-03-06,9.95,14.01,1600,3.858,130,61.71,95.7,30,43.66,1120,0.94,334.1,4.332,941,9.58,16.19,0.2,,,1.918244481086731,0.0,IB04
2006-03-07,10.45,14.15,1540,5.514,530,72.5,90.8,520,50.94,1550,1.024,265.9,6.213,1638,257.0,13.64,0.0,,,1.8062167167663568,0.0,IB04
2006-03-08,14.13,19.52,1500,7.45,2320,71.9,95.4,2340,46.77,1530,1.019,305.6,5.106,1601,250.6,15.03,0.0,,,2.2132363319396973,0.0,IB04
2006-03-09,12.4,18.72,1300,6.316,530,87.4,98.0,720,63.01,1530,0.91,116.9,6.35,1534,230.8,15.18,0.0,,,1.9839082956314087,0.0,IB04
2006-03-10,13.08,16.73,1420,9.71,30,67.23,97.1,40,37.24,1520,1.505,283.2,7.72,1256,252.5,16.44,0.8,,,2.468013286590576,0.0,IB04
2006-03-11,13.62,18.12,1440,8.58,2030,61.85,83.9,1030,37.77,1420,1.323,350.4,7.45,438,245.6,11.44,0.0,,,2.248624801635742,0.0,IB04
2006-03-12,11.88,18.85,1510,4.459,640,73.9,93.9,700,45.9,1550,0.78,14.88,4.792,1445,281.3,18.13,0.0,,,2.296992778778076,0.0,IB04
2006-03-13,9.29,11.56,1250,4.125,0,70.6,90.6,0,57.51,1240,1.255,58.26,4.106,438,48.2,7.37,0.0,,,1.3784562349319458,0.0,IB04
2006-03-14,7.91,13.87,1240,0.397,540,81.4,95.1,640,64.82,1430,0.952,24.73,5.478,1507,230.7,18.0,0.0,,,1.924811601638794,0.0,IB04
2006-03-15,8.6,15.13,1430,0.932,620,84.6,97.5,800,66.15,1330,1.05,28.67,5.223,1419,248.5,18.53,0.2,,,2.030864953994751,0.0,IB04
2006-03-16,10.16,16.33,1220,3.329,620,85.6,96.5,230,65.54,1210,0.917,354.6,4.694,1508,222.7,17.21,0.2,,,2.04885482788086,0.0,IB04
2006-03-17,11.4,18.26,1240,5.651,500,85.0,96.5,610,62.4,1250,0.896,45.41,5.38,1313,217.3,12.24,0.0,,,1.8208248615264893,0.0,IB04
2006-03-18,12.28,14.55,1150,9.04,350,87.9,94.6,2340,82.7,1200,1.559,53.5,4.596,901,63.54,4.432,0.0,,,1.0380886793136597,0.0,IB04
2006-03-19,13.59,17.47,1400,9.37,2120,85.8,95.9,150,67.95,1410,2.028,236.6,8.08,1327,245.9,18.37,0.0,,,2.462342500686645,0.0,IB04
2006-03-20,12.35,16.02,1020,7.25,200,92.9,97.2,220,79.6,1030,0.791,54.61,4.498,922,258.2,6.168,2.8,,,1.1608498096466064,0.0,IB04
2006-03-21,12.0,15.42,1140,7.92,510,92.4,97.9,700,82.6,1920,1.112,156.9,4.929,1235,228.3,6.618,0.4,,,1.176990270614624,0.0,IB04
2006-03-22,13.19,19.91,1420,5.781,630,75.9,97.9,750,38.83,1420,0.899,341.3,6.105,1649,267.5,19.16,0.2,,,2.7070491313934326,0.0,IB04
2006-03-23,13.84,18.39,1230,6.516,540,75.4,94.5,130,46.4,920,2.229,235.9,8.37,1304,230.0,18.27,0.0,,,2.968681812286377,0.0,IB04
2006-03-24,17.02,21.84,1350,11.5,0,66.91,92.7,320,37.83,1340,2.431,230.1,9.81,1120,258.6,19.65,0.0,,,3.73383903503418,0.0,IB04
2006-03-25,14.41,22.18,1040,8.78,400,81.8,94.3,2350,46.7,1040,1.213,223.0,5.615,1545,237.1,19.46,0.0,,,3.037778854370117,0.0,IB04
2006-03-26,13.66,19.65,1350,6.783,550,81.4,97.9,750,49.71,1350,0.928,318.3,5.096,1040,218.2,19.92,0.2,,,2.7721364498138428,0.0,IB04
2006-03-27,13.52,19.39,1510,6.59,630,84.2,94.6,2140,66.06,840,0.932,271.7,4.047,1148,213.5,14.92,0.0,,,2.2173449993133545,0.0,IB04
2006-03-28,15.71,22.16,1440,6.249,0,62.6,95.2,340,22.28,1500,1.006,353.7,6.478,912,28.43,21.14,0.0,,,3.319265604019165,0.0,IB04
2006-03-29,12.41,18.54,1220,5.923,510,84.1,93.1,720,60.53,1630,1.382,183.6,7.64,1401,249.1,18.07,0.0,,,2.583554983139038,0.0,IB04
2006-03-30,12.95,18.69,930,6.252,620,88.8,96.6,530,66.49,950,1.092,224.6,5.331,1316,182.1,18.17,0.2,,,2.500941276550293,0.0,IB04
2006-03-31,14.84,21.31,1120,8.05,600,76.6,97.9,700,39.63,1240,1.036,239.9,5.106,1506,230.5,18.44,0.0,,,2.958702802658081,0.0,IB04
2006-04-01,13.63,19.38,1300,6.784,550,85.7,97.0,640,57.62,910,1.124,129.9,5.4,1216,183.8,19.47,0.2,,,2.7831130027771,0.0,IB04
2006-04-02,16.58,24.96,1110,9.37,0,72.9,93.9,10,40.88,1110,1.016,16.74,5.116,1254,233.3,18.38,0.0,,,3.230542659759521,0.0,IB04
2006-04-03,15.59,23.77,1110,7.72,440,70.8,96.0,640,37.28,1540,0.744,54.07,3.998,1135,216.6,18.1,0.2,,,2.9664502143859863,0.0,IB04
2006-04-04,15.97,23.97,1230,7.45,510,62.65,90.5,540,32.54,1430,0.959,73.2,4.626,1244,128.2,20.24,0.0,,,3.382808923721313,0.0,IB04
2006-04-05,16.06,20.98,1600,10.18,0,72.3,93.2,2350,42.1,1640,1.54,252.1,6.831,1102,235.7,17.18,0.0,,,3.1398911476135254,0.0,IB04
2006-04-06,15.21,22.24,1450,8.98,100,81.2,96.2,420,53.17,1450,0.973,45.59,6.017,1158,230.9,18.92,0.0,,,2.9906580448150635,0.0,IB04
2006-04-07,15.12,21.26,1020,8.38,450,82.7,97.2,500,58.32,1020,1.03,278.0,5.557,1351,227.3,19.35,0.0,,,2.9561448097229004,0.0,IB04
2006-04-08,14.37,20.05,1540,8.19,530,83.1,97.5,650,61.92,1530,1.096,350.6,4.92,1249,239.7,21.01,0.2,,,3.020754814147949,0.0,IB04
2006-04-09,15.73,24.62,1140,7.72,510,76.8,95.0,350,38.68,1150,0.976,40.7,4.88,1315,231.4,18.83,0.0,,,3.291055202484131,0.0,IB04
2006-04-10,16.12,23.11,950,11.77,430,71.7,94.5,450,45.91,930,1.389,30.72,4.969,1947,69.99,18.75,0.0,,,3.366957902908325,0.0,IB04
2006-04-11,12.09,16.75,1310,4.86,2340,67.07,90.5,0,50.08,1310,1.444,38.91,7.11,1639,209.8,7.8,0.0,,,1.9174036979675293,0.0,IB04
2006-04-12,12.26,18.0,1200,3.133,500,77.9,94.4,520,59.13,820,1.732,253.1,7.35,1424,238.7,22.14,0.0,,,3.070091724395752,0.0,IB04
2006-04-13,14.3,19.18,1230,7.99,2350,72.8,91.1,0,53.47,910,1.401,275.9,6.85,1626,219.8,21.75,0.0,,,3.2716610431671143,0.0,IB04
2006-04-14,14.1,21.45,1540,5.195,500,72.3,95.4,600,38.63,1550,1.147,63.05,5.429,1115,228.8,19.88,0.0,,,3.2770040035247803,0.0,IB04
2006-04-15,16.49,24.83,1140,9.18,310,72.7,89.0,0,33.68,1140,1.48,265.2,8.18,1241,241.0,15.66,0.0,,,3.515983819961548,0.0,IB04
2006-04-16,16.28,25.42,1110,9.31,520,84.3,96.5,540,43.55,1110,1.082,45.34,6.341,1412,228.3,14.42,1.4,,,2.9852540493011475,0.0,IB04
2006-04-17,14.72,21.84,1110,10.71,2320,89.1,98.0,1520,55.18,1010,0.614,45.35,5.949,1234,40.07,9.15,28.8,,,1.885219693183899,17.691875457763672,IB04
2006-04-18,15.03,21.72,1540,8.51,430,73.2,97.8,450,38.23,1600,1.131,275.8,6.419,1701,228.7,18.58,0.2,,,3.2400827407836914,0.0,IB04
2006-04-19,14.35,19.65,1300,8.32,520,80.6,97.3,630,51.98,1310,1.132,250.6,5.057,1251,243.8,19.77,0.0,,,3.08670425415039,0.0,IB04
2006-04-20,14.15,20.82,930,8.98,510,86.1,97.2,620,61.94,1600,0.676,14.77,5.067,1020,245.3,9.83,0.4,,,1.8978185653686523,0.0,IB04
2006-04-21,15.7,19.92,1210,10.84,20,85.4,97.2,410,66.93,1020,1.253,279.6,6.105,1354,206.2,21.6,0.0,,,3.2429862022399902,0.0,IB04
2006-04-22,16.33,23.97,1130,9.97,430,80.1,97.0,300,46.36,1130,1.026,54.37,4.586,2039,26.36,13.05,2.8,,,2.725915908813477,0.0,IB04
2006-04-23,17.78,23.37,1430,13.83,530,68.99,96.2,50,36.82,1510,2.102,55.66,6.311,1517,55.69,19.65,0.4,,,4.076186180114746,0.0,IB04
2006-04-24,19.01,25.17,1130,15.75,530,54.76,72.0,530,25.75,1140,2.766,59.53,6.987,2237,72.7,21.72,0.0,,,5.501967906951904,0.0,IB04
2006-04-25,18.46,24.1,1300,14.76,520,66.05,86.3,2350,33.42,1240,2.708,54.73,7.33,1321,36.18,20.39,0.0,,,4.747243881225586,0.0,IB04
2006-04-26,18.65,26.01,1310,12.7,450,71.7,94.4,2230,34.08,1210,1.506,51.21,4.9,934,69.92,23.23,0.0,,,4.486675262451172,0.0,IB04
2006-04-27,16.76,22.12,1120,11.97,210,83.3,96.1,320,53.98,1120,1.11,209.6,5.704,1331,228.7,15.36,0.0,,,2.876415014266968,0.0,IB04
2006-04-28,15.61,23.04,1050,11.04,0,81.2,95.9,340,40.29,1050,1.085,67.03,6.311,1120,224.9,12.51,1.8,,,2.7607102394104004,0.0,IB04
2006-04-29,15.89,21.92,1310,9.58,0,71.5,97.8,530,40.77,1330,1.321,281.5,5.89,1433,271.2,18.25,0.4,,,3.377121686935425,0.0,IB04
2006-04-30,15.31,21.11,1250,7.52,500,79.6,95.5,430,60.01,910,1.375,236.6,5.419,1326,239.3,23.88,0.0,,,3.6515860557556152,0.0,IB04
2006-05-01,16.99,22.98,1020,10.11,530,73.9,97.1,540,43.62,1210,1.392,57.54,6.693,1414,219.5,23.71,0.0,,,4.054256439208984,0.0,IB04
2006-05-02,18.88,27.14,1230,10.84,340,65.17,95.0,410,32.14,1110,1.425,56.38,4.733,1533,60.59,24.45,0.2,,,4.724319934844971,0.0,IB04
2006-05-03,18.01,22.54,1200,15.95,0,70.5,81.7,1010,55.73,1200,2.894,58.44,10.18,1047,35.07,9.3,0.0,,,3.093400955200196,0.0,IB04
2006-05-04,16.81,19.21,1240,15.82,1930,85.5,94.2,1120,69.75,1420,2.423,52.4,8.16,1426,22.46,5.862,2.4,,,1.8079599142074585,0.0,IB04
2006-05-05,18.44,24.36,1330,12.77,2340,72.6,93.3,2350,43.68,1400,1.801,54.42,6.311,946,32.98,20.54,0.0,,,4.096749305725098,0.0,IB04
2006-05-06,16.86,23.37,1140,9.25,420,78.1,97.2,550,52.77,1120,1.782,209.4,7.12,1255,216.0,23.86,0.0,,,4.084220409393311,0.0,IB04
2006-05-07,16.98,22.7,1310,9.91,440,73.5,96.5,400,47.22,1500,1.394,185.0,5.684,1405,219.5,23.45,0.2,,,4.001927375793457,0.0,IB04
2006-05-08,16.92,21.64,1040,10.04,400,78.6,93.4,2130,59.5,1300,1.691,203.4,6.478,2201,14.32,21.97,0.0,,,3.688165664672852,0.0,IB04
2006-05-09,16.94,24.03,1220,9.91,0,61.83,88.5,0,37.09,1220,1.767,76.9,5.811,1503,226.2,21.04,0.0,,,4.230397701263428,0.0,IB04
2006-05-10,15.79,22.05,1510,8.59,330,70.2,93.5,450,43.23,1120,1.353,33.5,5.223,1132,228.5,21.72,0.0,,,3.793487310409546,0.0,IB04
2006-05-11,18.25,26.68,1320,9.06,430,62.04,89.7,220,29.41,1230,0.853,57.41,5.135,1137,212.9,24.19,0.0,,,4.330047130584717,0.0,IB04
2006-05-12,20.12,28.27,1420,14.3,430,55.91,90.3,0,23.87,1440,1.002,58.06,5.214,1546,202.1,23.84,0.0,,,4.692575931549072,0.0,IB04
2006-05-13,18.85,27.15,1150,11.71,400,71.7,94.6,410,30.34,1200,1.266,37.19,6.311,1342,215.2,21.93,0.0,,,4.451290607452393,0.0,IB04
2006-05-14,19.03,27.88,1030,12.64,520,66.24,96.4,400,30.14,1040,1.246,2.311,6.821,1438,196.4,24.33,0.0,,,4.783082962036133,0.0,IB04
2006-05-15,21.68,30.07,1250,12.71,200,51.46,85.0,200,22.47,1210,1.154,81.8,4.851,1346,120.4,24.43,0.0,,,5.095289707183838,0.0,IB04
2006-05-16,23.07,32.91,1210,14.37,440,55.2,87.6,210,13.79,1320,1.168,39.84,4.91,1217,191.6,23.05,0.0,,,5.3501739501953125,0.0,IB04
2006-05-17,21.21,26.68,1420,15.63,230,72.3,90.2,2340,51.68,950,1.108,221.7,4.792,1102,196.2,21.38,0.0,,,4.157257080078125,0.0,IB04
2006-05-18,22.97,30.92,1110,14.83,430,69.32,94.7,510,33.13,1010,1.443,177.3,5.537,1150,211.5,21.86,0.0,,,4.984035015106201,0.0,IB04
2006-05-19,21.41,26.56,1040,14.57,0,55.01,78.3,30,31.34,1330,2.059,58.11,6.84,739,81.7,20.66,0.4,,,4.970259666442871,0.0,IB04
2006-05-20,19.78,24.57,1100,12.84,320,66.45,84.9,2250,38.16,840,1.546,218.0,5.655,1125,213.0,23.43,0.0,,,4.583266258239746,0.0,IB04
2006-05-21,20.35,24.23,1530,15.02,350,75.7,92.6,400,59.56,1530,1.545,211.6,5.537,1334,222.0,24.27,0.0,,,4.359066963195801,0.0,IB04
2006-05-22,21.19,27.54,1540,14.37,430,72.4,94.8,420,40.74,1520,2.092,213.9,7.97,1124,190.7,22.58,0.0,,,4.936756610870361,0.0,IB04
2006-05-23,17.16,20.27,10,14.57,2100,81.3,96.6,1510,66.82,500,2.058,52.82,6.125,1019,55.45,3.85,7.2,,,1.6074882745742798,3.566696882247925,IB04
2006-05-24,18.11,25.83,1210,11.24,500,64.9,93.4,530,32.14,1300,1.324,91.8,5.9,1616,198.8,22.48,0.0,,,4.447183609008789,0.0,IB04
2006-05-25,17.86,24.31,1000,9.72,510,69.32,94.4,520,33.96,1000,1.381,221.9,6.145,1312,216.4,19.63,0.0,,,3.994937896728516,0.0,IB04
2006-05-26,20.58,27.75,1010,15.36,2350,65.98,90.7,0,31.21,1000,1.488,179.7,6.184,1351,221.4,24.38,0.0,,,5.086254596710205,0.0,IB04
2006-05-27,21.38,32.13,1050,12.97,430,64.67,95.3,500,24.6,1110,1.557,92.6,6.684,1152,232.4,25.35,0.0,,,5.800168991088867,0.0,IB04
2006-05-28,22.15,29.14,1100,13.17,500,60.13,91.7,350,33.2,1510,1.24,206.1,5.831,1202,212.4,25.67,0.0,,,5.170345783233643,0.0,IB04
2006-05-29,22.45,28.77,820,14.7,430,63.44,85.0,2330,33.82,820,1.476,198.8,5.449,1525,227.0,25.55,0.0,,,5.339559555053711,0.0,IB04
2006-05-30,19.31,23.77,940,16.69,2330,61.56,85.0,450,48.23,940,1.955,60.67,5.89,1216,39.5,14.88,0.0,,,3.63582706451416,0.0,IB04
2006-05-31,14.59,17.42,630,9.72,2300,68.67,87.0,1620,53.48,0,1.506,56.26,6.125,1457,47.97,4.732,0.8,,,1.7793835401535034,0.0,IB04
2006-06-01,17.18,23.7,1640,9.64,400,55.89,78.7,2200,31.75,1630,1.2,345.6,5.468,1420,219.1,18.64,0.0,,,3.8551647663116455,0.0,IB04
2006-06-02,18.92,24.02,1440,13.04,2200,56.55,75.9,510,33.35,1720,1.531,50.06,5.488,1040,48.5,21.33,0.0,,,4.4611897468566895,0.0,IB04
2006-06-03,18.65,25.23,1430,11.57,400,54.06,81.7,2350,30.34,1530,1.741,295.0,7.59,1737,227.5,25.58,0.0,,,5.12665319442749,0.0,IB04
2006-06-04,18.99,25.62,1210,9.98,500,60.98,89.2,500,24.95,950,2.233,232.9,8.64,1210,241.8,27.02,0.0,,,5.623703002929688,0.0,IB04
2006-06-05,19.01,25.02,1340,11.04,430,62.4,87.2,530,30.88,1340,1.586,218.5,5.635,1446,213.1,27.32,0.0,,,5.165949821472168,0.0,IB04
2006-06-06,20.45,29.8,1010,10.91,440,56.61,82.6,340,21.47,950,1.625,300.0,6.733,1151,193.1,27.36,0.0,,,5.9131178855896,0.0,IB04
2006-06-07,20.97,29.6,1200,10.78,450,54.95,84.6,500,14.87,910,1.474,252.0,6.115,1456,225.7,26.92,0.0,,,5.786816120147705,0.0,IB04
2006-06-08,23.36,31.59,1440,15.61,300,41.659,75.0,300,16.15,1000,1.291,78.38,3.769,1400,218.9,24.537,0.0,,,5.666693,0.0,IB04
2006-06-09,23.24,30.21,1030,18.01,2220,47.14,75.5,520,25.27,1320,1.222,77.6,5.116,1343,179.9,19.9,0.0,,,4.843077659606934,0.0,IB04
2006-06-10,20.98,27.36,1650,15.82,420,51.48,74.4,100,31.62,1310,0.909,56.11,4.763,929,54.31,9.86,0.0,,,2.978698968887329,0.0,IB04
2006-06-11,22.0,28.08,900,15.03,330,49.13,76.1,330,22.07,1310,1.84,23.35,7.17,1254,200.9,26.83,0.0,,,5.955070972442627,0.0,IB04
2006-06-12,22.92,31.78,1410,13.97,340,49.27,82.8,430,15.46,1330,1.017,71.7,4.792,1148,138.6,26.04,0.0,,,5.49185848236084,0.0,IB04
2006-06-13,22.47,30.79,1230,16.48,2330,54.32,83.7,2330,20.86,1230,1.301,63.51,5.547,1256,137.3,24.0,0.0,,,5.462306976318359,0.0,IB04
2006-06-14,23.51,31.18,1330,15.36,340,59.95,86.2,340,32.26,1340,1.493,63.49,5.606,1148,146.5,23.47,0.0,,,5.39979362487793,0.0,IB04
2006-06-15,25.73,34.23,1400,20.27,0,60.04,86.3,1940,34.25,1400,1.644,64.27,8.87,1809,246.8,17.29,1.6,,,5.076467990875244,0.0,IB04
2006-06-16,26.2,33.58,1430,21.06,2330,53.43,76.4,2030,25.25,1600,1.689,214.0,6.468,1453,121.3,22.18,0.0,,,6.008349895477295,0.0,IB04
2006-06-17,23.23,26.48,1240,20.6,50,76.1,86.9,210,62.54,1350,2.461,217.7,7.62,1125,221.1,23.26,0.0,,,4.83222770690918,0.0,IB04
2006-06-18,25.48,30.39,1440,21.13,400,63.2,90.2,240,32.19,1700,1.966,209.3,5.655,206,202.4,23.18,0.0,,,5.704091548919678,0.0,IB04
2006-06-19,26.27,33.79,1330,19.74,350,57.85,84.0,400,37.59,1530,1.079,54.56,4.361,1001,51.98,14.9,0.0,,,4.10545825958252,0.0,IB04
2006-06-20,25.43,32.0,1110,21.58,250,59.13,82.0,2350,39.49,800,1.121,18.8,6.762,1326,226.0,10.52,0.0,,,3.401535749435425,0.0,IB04
2006-06-21,25.9,33.58,1050,21.46,2340,62.26,83.3,40,35.53,1020,1.458,255.7,5.949,1140,224.7,21.56,0.0,,,5.467161655426025,0.0,IB04
2006-06-22,25.09,33.7,1200,19.07,400,67.63,93.9,410,32.45,1200,1.429,74.0,6.164,1355,204.1,24.77,0.0,,,5.817777156829834,0.0,IB04
2006-06-23,25.88,34.56,1140,19.4,320,57.41,85.0,120,31.45,1140,1.621,12.75,5.772,1158,245.4,25.01,0.0,,,6.204760551452637,0.0,IB04
2006-06-24,25.45,34.5,1040,18.88,300,63.69,86.9,2050,24.85,1040,1.81,148.7,8.74,1316,237.1,22.92,0.0,,,6.21875524520874,0.0,IB04
2006-06-25,24.2,28.6,1310,19.8,410,77.2,93.2,500,58.2,1310,2.852,212.3,8.57,1522,210.4,24.74,0.0,,,5.29956579208374,0.0,IB04
2006-06-26,24.83,32.7,1220,19.07,500,74.7,92.8,510,43.85,1230,1.684,353.4,6.968,1459,234.5,22.46,0.0,,,5.3602495193481445,0.0,IB04
2006-06-27,25.1,33.64,1120,20.53,250,74.1,89.6,450,39.45,1120,1.711,196.6,7.69,1244,229.6,20.44,0.0,,,5.358851432800293,0.0,IB04
2006-06-28,25.16,30.0,950,21.46,510,73.8,89.2,240,52.14,1740,2.046,213.7,7.25,1333,227.0,19.15,0.0,,,4.718749523162842,0.0,IB04
2006-06-29,24.77,29.62,830,18.54,440,68.63,92.8,500,41.81,830,1.81,230.4,6.409,1200,233.1,24.39,0.0,,,5.409759521484375,0.0,IB04
2006-06-30,24.73,31.53,900,17.82,450,70.3,89.9,0,36.33,900,1.783,214.8,6.586,1413,212.5,24.71,0.0,,,5.752396106719971,0.0,IB04
2006-07-01,25.0,30.64,1410,18.01,400,67.86,91.8,50,41.12,1500,1.752,216.5,5.684,1119,211.2,25.03,0.0,,,5.579559803009033,0.0,IB04
2006-07-02,25.04,31.31,1330,16.62,420,61.57,89.0,20,27.73,850,1.581,240.0,6.399,1417,236.5,25.65,0.0,,,5.835148334503174,0.0,IB04
2006-07-03,24.32,29.66,1220,17.75,420,75.3,90.6,0,40.73,1230,1.746,218.6,6.115,1342,225.7,24.96,0.0,,,5.469018936157227,0.0,IB04
2006-07-04,25.78,32.46,920,19.47,240,73.0,94.8,320,41.39,920,1.795,270.0,7.61,1415,244.1,23.35,0.0,,,5.561636447906494,0.0,IB04
2006-07-05,25.53,30.19,1230,19.54,440,68.43,82.6,2110,44.93,1150,1.909,220.5,6.478,1510,222.3,23.21,0.0,,,5.420522212982178,0.0,IB04
2006-07-06,26.25,33.23,1150,20.6,450,66.03,92.0,310,37.79,1100,1.501,70.2,6.654,1347,194.4,24.45,0.0,,,5.729737758636475,0.0,IB04
2006-07-07,25.08,30.52,1020,20.34,0,61.47,79.2,0,34.79,1020,2.086,158.0,6.929,1412,207.0,23.98,0.0,,,5.940703392028809,0.0,IB04
2006-07-08,24.3,29.06,1140,17.68,400,68.6,88.2,450,48.26,1200,1.897,222.5,7.32,1229,239.9,24.41,0.0,,,5.276764392852783,0.0,IB04
2006-07-09,24.75,29.26,1400,18.21,410,69.25,89.3,440,43.87,910,1.82,222.9,6.135,1438,230.7,22.55,0.0,,,5.1040520668029785,0.0,IB04
2006-07-10,26.22,33.18,910,19.21,450,63.04,85.7,200,27.93,910,1.656,214.8,6.262,1321,198.3,23.91,0.0,,,5.9413676261901855,0.0,IB04
2006-07-11,25.86,32.78,920,19.87,440,66.99,85.0,320,34.26,930,1.669,232.8,6.321,1259,212.7,23.76,0.0,,,5.7954277992248535,0.0,IB04
2006-07-12,26.69,32.44,930,19.27,420,56.08,87.2,420,24.53,930,1.554,199.9,6.096,1410,214.7,23.45,0.0,,,5.739970207214356,0.0,IB04
2006-07-13,26.64,30.91,1000,20.87,510,66.99,85.1,510,49.85,1030,1.661,238.2,6.576,1353,225.3,23.03,0.0,,,5.254308700561523,0.0,IB04
2006-07-14,27.58,36.02,1050,20.27,410,60.32,84.2,350,30.65,1050,1.53,221.3,6.429,1433,218.2,22.99,0.0,,,5.996871948242188,0.0,IB04
2006-07-15,26.88,32.52,850,21.2,330,65.0,83.2,410,34.6,850,1.797,218.6,6.595,1352,221.1,22.94,0.0,,,5.779340744018555,0.0,IB04
2006-07-16,26.15,31.92,1020,20.93,430,70.7,85.3,430,42.19,1020,1.364,82.7,6.301,1154,223.1,17.34,2.0,,,4.458410739898682,0.0,IB04
2006-07-17,26.63,31.91,1320,20.8,340,70.1,90.2,350,43.92,1310,1.679,222.7,6.282,1441,200.1,24.53,0.0,,,5.610135555267334,0.0,IB04
2006-07-18,26.75,31.78,1120,21.06,320,70.5,91.8,520,39.39,1120,1.63,239.0,7.74,1332,229.6,24.04,0.0,,,5.56590461730957,0.0,IB04
2006-07-19,27.83,34.43,1620,20.8,420,60.03,89.9,430,26.19,1620,1.641,81.1,6.987,1514,208.5,24.37,0.0,,,6.127068519592285,0.0,IB04
2006-07-20,28.23,35.09,1400,20.87,510,55.16,82.0,520,24.78,1400,1.655,89.1,7.36,1407,180.6,24.53,0.0,,,6.314221382141113,0.0,IB04
2006-07-21,27.37,34.89,1330,19.87,510,59.38,84.7,0,28.33,920,1.809,249.8,7.81,1357,229.2,24.92,0.0,,,6.388002872467041,0.0,IB04
2006-07-22,25.79,32.79,910,17.81,420,72.5,89.6,2350,39.13,910,1.652,279.8,6.096,1311,221.7,24.23,0.0,,,5.631471157073975,0.0,IB04
2006-07-23,27.75,35.54,1420,20.34,430,68.14,94.2,530,35.27,900,1.285,35.21,5.713,1652,249.6,23.66,0.0,,,5.649677276611328,0.0,IB04
2006-07-24,27.5,35.03,950,20.8,400,67.93,87.6,400,30.65,1010,1.64,238.7,6.811,1311,236.5,23.81,0.0,,,6.046282768249512,0.0,IB04
2006-07-25,26.73,31.84,1300,20.2,500,67.48,92.2,420,41.2,900,1.62,236.9,5.929,1321,231.8,23.93,0.0,,,5.467376708984375,0.0,IB04
2006-07-26,27.35,35.09,1010,19.08,510,64.23,88.2,350,30.18,1000,1.722,231.8,6.468,1637,239.8,23.91,0.0,,,6.090020656585693,0.0,IB04
2006-07-27,27.61,33.04,1350,18.74,500,61.02,90.7,230,31.46,1830,1.644,201.3,7.61,1302,218.2,22.83,0.0,,,5.576894283294678,0.0,IB04
2006-07-28,28.02,35.62,1540,21.06,430,61.75,85.9,2340,40.52,910,1.62,42.36,6.889,1631,119.0,22.88,0.0,,,5.780325412750244,0.0,IB04
2006-07-29,26.99,31.0,840,21.26,510,66.19,86.4,50,41.05,940,1.956,226.5,6.782,1450,222.0,23.47,0.0,,,5.572613716125488,0.0,IB04
2006-07-30,26.75,32.76,1050,20.4,420,70.1,89.5,440,36.59,940,1.6,221.5,6.203,1254,229.7,23.38,0.0,,,5.545876502990723,0.0,IB04
2006-07-31,27.07,33.71,920,19.54,420,63.53,89.2,110,30.78,1020,1.363,267.8,5.87,1229,214.7,23.41,0.0,,,5.520326614379883,0.0,IB04
2006-08-01,27.36,35.22,1100,20.94,200,65.2,79.8,410,41.24,1050,1.408,47.52,6.125,1227,222.1,22.74,0.0,,,5.5597357749938965,0.0,IB04
2006-08-02,27.04,30.84,1210,21.07,440,66.52,84.4,420,45.12,920,1.993,210.5,7.2,1240,219.0,22.05,0.0,,,5.296304702758789,0.0,IB04
2006-08-03,27.72,32.83,1600,23.64,2230,68.44,87.4,600,50.78,1600,2.22,197.6,7.35,1233,219.1,21.27,0.4,,,5.410818576812744,0.0,IB04
2006-08-04,25.93,31.25,1120,22.05,2340,52.34,70.7,2340,31.92,1130,2.163,112.3,6.194,1528,171.3,17.04,0.0,,,5.348114490509033,0.0,IB04
2006-08-05,22.68,26.14,1530,18.73,550,79.0,96.2,840,65.08,1510,1.312,113.5,5.625,1624,203.8,12.03,21.6,,,2.7533552646636963,13.339505195617676,IB04
2006-08-06,24.42,29.12,1120,20.33,2320,68.11,91.2,500,42.86,1120,1.131,68.15,5.606,1242,223.0,17.45,0.6,,,3.971848726272583,0.0,IB04
2006-08-07,24.4,29.06,1150,17.41,510,68.48,92.7,530,35.06,1050,2.147,229.4,7.91,1408,225.1,22.94,0.0,,,5.298620700836182,0.0,IB04
2006-08-08,23.82,29.46,1000,18.48,450,69.3,92.9,450,41.53,940,1.23,340.4,6.262,1135,232.5,15.69,2.8,,,3.781227827072144,0.0,IB04
2006-08-09,24.39,31.98,1440,16.22,520,64.81,94.0,450,28.85,1510,1.75,300.6,7.19,1520,239.7,21.19,0.0,,,5.26123046875,0.0,IB04
2006-08-10,24.76,28.99,1330,19.47,440,68.47,90.0,450,51.32,1430,1.951,230.7,7.01,1234,207.5,23.34,0.0,,,4.980586528778076,0.0,IB04
2006-08-11,24.71,30.53,940,18.14,520,67.02,90.3,530,42.53,940,1.865,234.0,7.39,1410,208.0,23.08,0.0,,,5.1864333152771,0.0,IB04
2006-08-12,24.3,29.26,1300,19.54,400,69.38,90.2,600,49.72,1450,1.411,72.4,6.811,1145,210.0,21.04,0.0,,,4.48358154296875,0.0,IB04
2006-08-13,23.87,27.99,1050,18.33,530,57.61,75.9,0,36.13,1050,2.337,159.8,7.58,1220,195.5,23.93,0.0,,,5.547962665557861,0.0,IB04
2006-08-14,23.39,27.4,1350,19.54,430,71.7,86.6,2350,50.0,1450,1.324,163.7,6.135,1422,217.4,14.89,2.0,,,3.50945782661438,0.0,IB04
2006-08-15,24.52,29.99,1150,18.34,510,73.3,91.4,520,47.47,1010,2.203,210.0,8.01,1320,212.7,20.35,0.0,,,4.805414199829102,0.0,IB04
2006-08-16,25.98,29.32,1250,22.64,430,70.8,87.7,450,47.66,1410,2.934,230.0,7.95,1604,218.4,20.93,0.0,,,5.264411926269531,0.0,IB04
2006-08-17,24.76,28.13,1200,20.27,2350,65.05,85.8,2350,45.07,1200,2.479,239.9,8.14,1318,224.5,14.29,0.0,,,4.174553871154785,0.0,IB04
2006-08-18,24.24,29.79,1420,18.68,250,67.77,88.4,530,37.19,1130,1.587,244.9,4.92,1538,204.7,15.74,0.2,,,4.112904071807861,0.0,IB04
2006-08-19,24.27,28.26,1130,20.13,340,69.57,89.2,350,47.06,1330,1.635,231.3,6.429,1353,215.5,22.23,0.0,,,4.672725677490234,0.0,IB04
2006-08-20,24.39,30.24,1320,18.67,330,63.36,88.6,340,39.12,1340,1.315,51.21,5.704,1342,101.9,21.21,0.0,,,4.600407600402832,0.0,IB04
2006-08-21,24.32,31.51,1150,18.41,250,60.53,83.7,0,34.38,1220,1.76,79.9,6.595,1435,204.7,23.03,0.0,,,5.360549449920654,0.0,IB04
2006-08-22,23.28,30.66,1020,16.35,430,67.4,91.2,510,32.26,1020,1.671,257.0,7.31,1244,237.8,22.88,0.0,,,5.103888511657715,0.0,IB04
2006-08-23,24.17,31.32,1010,17.55,500,68.37,87.9,400,39.12,1010,1.574,216.5,6.84,1403,207.7,22.49,0.0,,,4.9827423095703125,0.0,IB04
2006-08-24,24.33,30.79,940,18.54,300,69.96,88.3,310,39.93,940,1.637,41.89,6.066,1401,231.1,19.66,0.0,,,4.623733043670654,0.0,IB04
2006-08-25,24.42,28.06,1300,19.34,540,69.33,83.6,600,48.81,910,2.225,227.6,7.13,1328,236.9,21.2,0.0,,,4.738796234130859,0.0,IB04
2006-08-26,25.49,31.71,1250,20.4,420,51.8,88.1,420,25.32,1500,0.934,345.2,5.527,1318,231.4,20.94,0.0,,,4.48061466217041,0.0,IB04
2006-08-27,23.54,27.73,1300,19.34,540,68.02,85.2,230,51.34,930,1.937,238.7,7.2,1359,200.7,19.01,0.0,,,4.234786033630371,0.0,IB04
2006-08-28,23.61,27.87,1130,17.14,530,72.9,89.3,540,57.0,1200,2.402,237.0,7.63,1253,226.9,21.61,0.0,,,4.476734638214111,0.0,IB04
2006-08-29,25.66,33.63,1430,19.0,530,58.18,90.7,420,22.98,1550,1.241,292.8,5.488,1106,203.2,21.6,0.0,,,4.980707168579102,0.0,IB04
2006-08-30,23.55,28.29,830,18.34,210,55.74,79.7,210,35.6,1540,1.483,47.65,6.135,928,54.53,21.56,0.0,,,4.578897953033447,0.0,IB04
2006-08-31,22.39,28.65,1100,16.69,540,60.09,80.2,2350,34.39,1050,1.612,129.5,6.605,1227,197.3,21.5,0.0,,,4.656161308288574,0.0,IB04
2006-09-01,21.98,26.93,1230,15.36,540,69.13,87.5,540,50.55,920,1.502,203.1,6.223,1524,202.4,20.75,0.0,,,4.026865482330322,0.0,IB04
2006-09-02,22.83,27.47,1200,16.35,340,72.4,88.7,430,57.69,910,1.542,220.1,6.301,1236,226.5,17.67,0.0,,,3.626851558685303,0.0,IB04
2006-09-03,24.07,31.57,1110,18.87,510,73.0,90.3,530,42.25,1110,1.418,213.0,6.223,1231,241.0,19.86,0.0,,,4.429823875427246,0.0,IB04
2006-09-04,24.43,31.9,1040,19.4,430,73.1,90.4,510,37.98,1040,1.4,197.4,6.605,1148,214.5,20.1,0.0,,,4.540266990661621,0.0,IB04
2006-09-05,24.13,31.05,1010,18.54,600,71.9,91.1,550,34.79,1040,1.626,253.9,7.72,1437,246.9,19.03,0.0,,,4.519214630126953,0.0,IB04
2006-09-06,24.03,30.85,1030,18.14,330,70.4,87.8,550,34.99,1050,1.402,240.8,6.409,1334,223.7,15.61,0.0,,,3.940316915512085,0.0,IB04
2006-09-07,25.14,31.71,1010,20.39,0,70.1,85.4,520,34.46,1000,1.458,303.7,6.429,1208,215.4,18.36,0.0,,,4.4349141120910645,0.0,IB04
2006-09-08,24.23,29.62,900,18.48,510,69.92,89.1,530,47.52,1500,1.36,229.0,6.223,1230,242.1,18.13,0.0,,,3.892241716384888,0.0,IB04
2006-09-09,24.63,30.11,1020,18.74,240,73.6,87.9,2350,50.38,1010,1.172,304.7,6.713,1306,216.3,18.85,0.0,,,3.8817238807678223,0.0,IB04
2006-09-10,23.96,31.04,1050,19.8,530,78.4,92.2,540,45.72,1050,0.812,28.57,5.713,1148,216.4,12.94,1.6,,,2.987015724182129,0.0,IB04
2006-09-11,23.86,28.66,1010,18.94,530,77.1,94.3,540,50.66,1410,0.989,37.7,5.821,1208,197.3,16.66,0.0,,,3.3612184524536133,0.0,IB04
2006-09-12,23.37,28.8,1000,18.94,540,78.3,93.7,0,46.66,1120,1.003,54.46,6.84,2340,223.9,10.52,22.8,,,2.658644914627075,14.083551406860352,IB04
2006-09-13,22.49,26.67,1120,18.45,10,81.3,95.3,50,62.94,1530,1.268,324.0,5.625,1101,201.4,15.85,4.2,,,3.0737733840942383,1.1989916563034058,IB04
2006-09-14,22.2,26.29,1310,16.12,2020,75.3,92.4,410,54.49,1320,2.335,246.7,9.86,2006,259.1,10.17,9.8,,,2.9332377910614014,5.495365619659424,IB04
2006-09-15,18.55,24.35,1210,15.22,2220,78.9,94.5,2300,46.34,1350,1.12,327.0,6.88,4,272.4,13.64,9.4,,,2.74325966835022,5.204555988311768,IB04
2006-09-16,19.56,24.81,1250,13.9,540,70.7,94.2,30,49.28,1500,1.005,312.4,4.773,1443,308.6,18.99,0.2,,,3.21096134185791,0.0,IB04
2006-09-17,21.5,26.73,1500,15.95,2240,60.4,87.0,40,41.33,1450,0.934,310.9,4.224,143,228.7,19.67,0.4,,,3.486135005950928,0.0,IB04
2006-09-18,20.42,27.28,940,13.7,450,71.2,89.6,640,37.74,940,1.387,255.8,5.988,1234,224.9,15.74,0.0,,,3.406681060791016,0.0,IB04
2006-09-19,21.26,27.13,1410,14.76,540,73.3,92.8,400,40.8,1410,1.289,299.3,5.282,1313,234.0,18.52,0.0,,,3.539857864379883,0.0,IB04
2006-09-20,21.31,26.8,1030,15.09,540,75.0,92.1,440,48.33,1030,1.272,152.1,5.527,1238,222.6,18.58,0.0,,,3.4234368801116943,0.0,IB04
2006-09-21,22.39,28.33,1210,16.62,420,74.2,93.1,550,46.67,1510,1.236,75.4,5.625,1009,119.1,15.0,0.2,,,3.1695706844329834,0.0,IB04
2006-09-22,24.12,27.33,1200,21.32,2340,82.5,92.2,0,70.3,1150,1.627,151.3,5.831,1221,224.4,14.27,0.0,,,2.9182791709899902,0.0,IB04
2006-09-23,24.33,29.79,1140,20.39,620,79.9,93.5,250,55.86,1140,1.133,262.3,4.753,1435,224.7,12.58,5.0,,,2.847184181213379,1.8554562330245967,IB04
2006-09-24,22.09,25.16,1300,19.4,2140,82.0,93.2,610,68.77,1540,1.459,258.3,6.056,2324,231.4,8.8,2.6,,,2.087400436401367,0.0,IB04
2006-09-25,22.2,25.34,1320,16.55,2240,61.17,80.5,2240,46.01,1610,1.429,303.5,5.4,1230,315.7,18.09,0.0,,,3.4103918075561523,0.0,IB04
2006-09-26,21.56,27.27,1500,16.42,2350,64.67,88.4,2320,42.87,1500,1.124,6.726,5.223,1155,236.2,18.44,0.0,,,3.364010572433472,0.0,IB04
2006-09-27,20.2,25.94,1210,14.37,620,70.7,92.1,640,44.54,1210,1.676,293.8,6.84,1613,230.0,17.91,0.0,,,3.421677589416504,0.0,IB04
2006-09-28,20.63,25.21,1110,14.83,230,76.6,92.2,700,54.61,1120,1.363,189.8,5.361,1323,207.9,16.67,0.0,,,2.9700124263763428,0.0,IB04
2006-09-29,22.38,26.53,1400,18.74,2350,78.2,91.9,2340,57.13,1300,1.189,238.7,5.057,1527,233.2,13.61,0.0,,,2.7102229595184326,0.0,IB04
2006-09-30,21.71,25.81,1220,17.61,610,82.4,93.9,620,69.01,1330,1.458,205.7,5.429,1358,216.9,14.18,0.0,,,2.6103711128234863,0.0,IB04
2006-10-01,21.57,26.2,1300,16.28,520,83.1,94.8,630,66.13,1300,1.46,222.1,5.958,1136,224.3,16.32,0.2,,,2.850668907165528,0.0,IB04
2006-10-02,22.13,27.99,1350,16.75,600,76.2,94.7,500,41.13,1350,0.976,316.7,4.88,1157,238.2,15.51,0.0,,,2.931812047958374,0.0,IB04
2006-10-03,22.39,30.92,1310,16.35,2350,67.26,93.1,620,28.86,1340,1.382,309.9,8.77,1356,280.8,15.54,0.0,,,3.624495506286621,0.0,IB04
2006-10-04,18.43,25.02,1400,12.97,0,61.98,84.2,500,33.21,1540,0.796,349.0,5.939,604,345.2,12.93,0.0,,,2.414541006088257,0.0,IB04
2006-10-05,16.42,24.88,1110,11.64,540,80.2,93.8,1420,44.07,1100,0.696,41.91,5.449,1257,162.7,9.04,7.6,,,1.8880668878555296,3.870363473892212,IB04
2006-10-06,17.55,23.17,1510,11.37,530,78.7,94.5,650,56.23,1450,1.317,287.5,5.909,1417,243.7,11.21,0.2,,,2.161351203918457,0.0,IB04
2006-10-07,19.12,24.62,1310,12.56,440,83.4,94.6,530,65.63,1210,1.427,244.5,5.831,1156,206.9,13.26,0.0,,,2.313044786453247,0.0,IB04
2006-10-08,20.89,26.2,1140,16.42,600,76.7,91.5,0,53.06,1140,1.127,111.3,5.155,1322,206.1,14.33,0.2,,,2.609468936920166,0.0,IB04
2006-10-09,19.97,26.13,1100,15.28,540,79.6,93.7,550,51.93,1140,0.872,51.51,5.41,1216,202.9,12.6,0.0,,,2.28338885307312,0.0,IB04
2006-10-10,19.65,25.61,1040,14.69,620,76.2,94.2,630,52.74,1030,1.138,117.1,5.802,1337,210.7,14.93,0.2,,,2.554124355316162,0.0,IB04
2006-10-11,20.2,24.28,1240,14.49,550,77.1,91.8,620,60.71,1010,1.573,219.6,5.174,1217,207.4,12.48,0.0,,,2.3500871658325195,0.0,IB04
2006-10-12,18.44,23.1,1340,13.63,2340,80.5,94.7,1000,47.23,1340,0.842,47.76,4.439,1305,352.7,10.28,13.8,,,1.917791485786438,8.26334285736084,IB04
2006-10-13,18.15,24.22,1340,13.43,50,78.3,94.6,630,48.41,1130,0.745,53.25,4.214,1527,218.8,14.41,5.0,,,2.189222574234009,1.852787733078003,IB04
2006-10-14,19.2,24.48,1450,14.49,310,78.4,93.0,330,54.81,1300,1.036,32.91,5.38,1302,48.76,13.35,0.2,,,2.2367589473724365,0.0,IB04
2006-10-15,18.96,26.01,1300,14.29,2340,78.8,92.4,520,51.54,1120,0.514,40.77,3.616,1139,127.6,11.35,0.0,,,1.86256206035614,0.0,IB04
2006-10-16,18.4,25.41,1150,13.9,300,76.0,94.4,650,42.07,1250,0.54,54.88,4.018,1258,118.0,12.92,0.0,,,1.9766665697097776,0.0,IB04
2006-10-17,19.66,25.49,1140,14.5,30,76.4,91.3,640,53.14,1300,0.807,59.82,5.037,1304,105.2,10.01,0.2,,,1.891349077224732,0.0,IB04
2006-10-18,21.75,27.07,1310,18.14,120,80.9,92.2,0,57.46,1350,0.899,68.48,4.488,1508,217.1,8.22,0.0,,,1.8435070514678955,0.0,IB04
2006-10-19,21.8,24.17,1050,18.08,700,73.7,94.3,110,52.7,940,3.238,244.8,8.09,1203,248.1,12.35,0.2,,,2.948151111602783,0.0,IB04
2006-10-20,21.71,24.23,1320,19.53,2030,68.51,84.3,2200,51.1,930,3.432,250.0,8.92,1321,229.9,9.49,0.2,,,3.137342929840088,0.0,IB04
2006-10-21,21.69,26.34,1050,15.95,2350,72.7,90.3,2350,49.07,1140,1.945,250.8,7.32,1216,233.4,13.84,0.0,,,2.825549602508545,0.0,IB04
2006-10-22,20.24,24.62,1320,15.62,50,76.7,92.9,630,47.95,1310,1.918,243.4,7.61,1052,245.8,12.44,0.0,,,2.5751307010650635,0.0,IB04
2006-10-23,21.61,24.61,1350,17.81,30,82.5,93.4,540,67.33,0,1.958,217.6,6.36,1446,206.4,12.02,0.0,,,2.208905935287476,0.0,IB04
2006-10-24,21.21,25.21,1130,16.28,2230,72.9,90.9,2330,53.81,1310,1.785,245.6,7.25,1209,228.3,12.6,0.0,,,2.4544460773468018,0.0,IB04
2006-10-25,22.91,29.32,1440,16.22,50,64.08,93.0,220,33.59,1510,1.05,66.82,4.851,1200,146.5,12.75,0.0,,,2.4966723918914795,0.0,IB04
2006-10-26,22.36,25.01,1210,17.94,0,72.0,91.0,2330,53.72,130,1.312,211.3,5.733,844,201.2,12.26,0.0,,,2.2008187770843506,0.0,IB04
2006-10-27,21.79,29.98,1220,16.42,210,79.0,93.3,510,44.25,1310,0.771,50.79,2.891,2232,60.57,11.87,0.0,,,2.145826816558838,0.0,IB04
2006-10-28,20.31,27.13,1200,16.28,640,83.5,94.8,0,55.27,1150,0.884,14.27,5.037,1256,230.1,11.81,0.2,,,1.973609447479248,0.0,IB04
2006-10-29,20.07,24.55,1350,15.22,2300,84.9,95.8,700,61.88,1350,0.61,1.533,3.489,1435,216.2,9.58,0.2,,,1.5138218402862549,0.0,IB04
2006-10-30,18.4,25.01,1240,12.36,610,85.4,95.0,620,62.68,1240,1.015,239.0,4.88,1408,215.3,12.19,0.2,,,1.8022414445877075,0.0,IB04
2006-10-31,17.67,22.82,1210,11.84,400,84.8,95.5,340,66.76,1140,0.868,31.06,4.488,1251,215.6,11.11,0.0,,,1.5355724096298218,0.0,IB04
2006-11-01,18.59,24.7,1100,13.56,550,82.3,95.2,610,58.75,1140,0.868,234.9,4.41,1444,186.9,10.33,0.0,,,1.6328383684158323,0.0,IB04
2006-11-02,17.15,19.67,950,13.96,0,62.19,91.5,40,40.44,1020,1.853,56.73,5.929,958,79.5,4.957,0.0,,,1.892500877380371,0.0,IB04
2006-11-03,16.02,18.53,1230,13.23,20,61.06,75.5,20,52.13,1300,1.083,51.84,3.832,2137,45.04,4.936,0.0,,,1.4352984428405762,0.0,IB04
2006-11-04,16.15,21.52,1320,10.04,2130,62.32,77.7,330,40.37,1150,0.985,63.1,6.684,1343,110.8,7.4,0.0,,,1.6263651847839355,0.0,IB04
2006-11-05,15.86,23.56,1330,10.12,120,64.09,83.4,640,31.21,1330,0.553,55.62,3.998,1033,139.5,8.97,0.0,,,1.4149152040481567,0.0,IB04
2006-11-06,15.91,23.03,1110,10.18,500,73.6,90.4,2350,46.41,1350,0.665,53.15,3.949,1448,126.7,10.63,0.0,,,1.437812566757202,0.0,IB04
2006-11-07,16.86,22.83,1230,11.84,100,75.9,92.2,130,49.82,1430,1.248,69.14,6.292,1207,123.2,10.81,0.0,,,1.7515500783920288,0.0,IB04
2006-11-08,17.63,23.77,1230,12.37,20,81.7,92.7,630,48.96,1250,0.607,44.1,3.538,1259,222.1,6.307,0.0,,,1.249651312828064,0.0,IB04
2006-11-09,17.15,22.8,940,12.24,640,84.2,93.9,640,66.14,940,1.005,66.87,5.684,1344,238.1,9.23,0.6,,,1.3733208179473877,0.0,IB04
2006-11-10,16.2,22.22,1120,9.77,630,80.1,95.2,730,55.89,1540,0.812,345.0,4.488,1403,219.1,10.75,0.0,,,1.364925742149353,0.0,IB04
2006-11-11,15.26,21.03,1220,10.31,600,83.3,95.4,700,61.38,1630,1.006,343.9,5.37,1407,213.6,10.12,0.2,,,1.328163981437683,0.0,IB04
2006-11-12,14.09,22.24,1130,8.38,510,79.9,95.1,720,50.36,1200,0.472,5.205,2.842,956,276.7,7.22,0.0,,,1.0645817518234253,0.0,IB04
2006-11-13,14.54,23.15,1350,8.31,550,79.2,94.6,710,41.02,1300,0.484,2.991,3.881,1243,295.2,9.33,0.2,,,1.1638233661651611,0.0,IB04
2006-11-14,14.15,20.9,1410,7.18,350,82.7,95.6,720,61.66,1020,0.977,262.8,5.223,1412,210.8,10.34,0.0,,,1.247240424156189,0.0,IB04
2006-11-15,15.62,23.15,1250,10.18,110,77.1,94.4,400,40.61,1320,0.792,78.8,4.4,1343,169.5,10.25,0.0,,,1.4045679569244385,0.0,IB04
2006-11-16,15.47,22.5,1050,8.12,620,79.9,95.4,410,57.03,1320,0.878,55.55,4.998,1300,215.5,8.57,0.2,,,1.2454736232757568,0.0,IB04
2006-11-17,17.19,21.58,1340,12.24,0,70.5,90.5,10,50.32,1140,2.072,262.6,6.615,546,221.0,5.294,0.2,,,1.8301455974578853,0.0,IB04
2006-11-18,14.36,19.92,1250,8.59,0,69.26,88.3,0,48.65,1150,1.547,306.5,7.1,1210,234.1,9.68,0.0,,,1.585582613945007,0.0,IB04
2006-11-19,13.62,20.98,1100,7.12,340,80.4,93.0,610,60.16,1240,1.27,322.7,6.478,1404,224.1,9.33,0.0,,,1.313234567642212,0.0,IB04
2006-11-20,14.26,23.15,1240,7.39,710,76.5,95.2,730,40.95,1240,0.51,10.67,3.753,1104,215.9,9.51,0.2,,,1.0804674625396729,0.0,IB04
2006-11-21,15.16,20.92,1510,7.05,620,73.6,94.6,640,43.9,1540,1.672,265.5,6.36,1205,247.6,7.56,0.0,,,1.670926570892334,0.0,IB04
2006-11-22,18.634,21.84,1500,13.75,1200,66.009,87.9,2210,38.64,1200,1.395,283.602,3.6,530,266.0,5.425,2.8,,,1.668847,0.0,IB04
2006-11-23,18.15,20.71,1230,15.09,20,74.2,86.3,30,60.98,1200,2.87,245.0,7.32,2052,223.7,9.65,0.0,,,1.9160281419754028,0.0,IB04
2006-11-24,18.57,20.58,1200,16.42,150,74.0,83.0,2330,66.63,650,3.648,228.8,7.63,1439,212.9,8.76,0.0,,,2.037740707397461,0.0,IB04
2006-11-25,16.75,24.82,1140,11.18,0,74.4,93.6,720,31.67,1220,0.898,52.37,5.704,1244,215.2,9.3,0.0,,,1.4928301572799685,0.0,IB04
2006-11-26,14.77,20.67,1110,8.92,520,79.5,94.4,2210,46.18,1120,0.974,257.5,4.714,1419,212.1,6.278,0.0,,,1.2136993408203125,0.0,IB04
2006-11-27,13.92,20.46,1020,8.78,700,85.3,95.7,750,62.58,1110,0.986,11.01,5.125,1402,230.9,9.07,0.0,,,1.0579066276550293,0.0,IB04
2006-11-28,13.73,19.47,1050,7.12,630,87.2,95.8,750,69.92,1240,0.65,28.64,4.194,1301,207.7,6.517,0.2,,,0.8124234676361084,0.0,IB04
2006-11-29,14.9,18.67,1230,12.37,2340,80.6,92.3,830,67.39,1400,1.313,38.47,5.596,1341,71.5,6.077,2.4,,,1.0546752214431765,0.0,IB04
2006-11-30,13.19,18.98,1130,8.25,520,74.3,88.1,530,53.31,1130,0.566,43.48,3.489,1127,61.21,6.735,0.0,,,0.8638828992843628,0.0,IB04
2006-12-01,13.65,20.83,1320,8.19,300,79.4,92.7,410,52.89,1310,0.482,42.0,3.45,1427,236.7,8.55,0.0,,,0.8390642404556274,0.0,IB04
2006-12-02,14.39,19.98,1210,9.97,210,85.8,93.9,500,68.46,1230,0.735,81.1,4.518,1245,209.4,6.516,0.4,,,0.8568168878555298,0.0,IB04
2006-12-03,14.41,21.9,1330,9.05,2220,81.7,94.8,0,54.76,1330,0.429,356.3,3.606,1248,254.2,7.99,0.0,,,0.8175442814826965,0.0,IB04
2006-12-04,15.6,22.63,1430,10.32,0,74.7,94.8,0,42.09,1440,0.871,312.1,4.782,118,243.7,8.95,0.0,,,1.189242959022522,0.0,IB04
2006-12-05,15.29,19.48,1040,9.24,240,84.5,95.3,750,73.7,1950,2.996,231.6,8.87,2019,225.8,5.493,0.0,,,1.2378208637237549,0.0,IB04
2006-12-06,14.13,17.88,150,10.9,1920,75.8,92.4,1500,64.29,1340,3.021,279.6,10.1,214,208.7,4.628,6.4,,,1.473451852798462,2.954162836074829,IB04
2006-12-07,13.68,18.25,1320,9.84,410,66.96,85.3,2320,44.9,1340,0.896,311.5,4.567,1614,237.4,8.88,0.0,,,1.0252068042755127,0.0,IB04
2006-12-08,14.55,18.08,1430,8.05,320,72.3,91.1,340,42.89,2350,2.711,257.8,9.76,1448,222.3,3.359,3.4,,,1.9241160154342647,0.5177609324455261,IB04
2006-12-09,11.61,17.06,1250,4.794,2340,58.64,87.6,2330,41.98,1250,0.842,302.2,4.126,353,264.0,8.24,0.0,,,0.9353554248809814,0.0,IB04
2006-12-10,8.94,16.93,1150,3.924,630,80.2,90.8,810,49.11,1230,0.588,29.7,3.753,1258,353.2,6.957,0.2,,,0.764430046081543,0.0,IB04
2006-12-11,9.57,16.59,1330,4.526,2320,75.4,91.7,0,44.64,1430,0.57,45.89,3.499,1043,67.78,9.01,0.0,,,0.7157345414161682,0.0,IB04
2006-12-12,8.5,15.61,1110,3.196,720,77.4,93.3,430,51.4,1210,0.443,34.84,2.313,1254,21.9,5.997,0.0,,,0.6452708840370178,0.0,IB04
2006-12-13,9.97,15.76,1150,4.126,550,80.6,89.8,1410,57.3,1150,1.035,38.54,5.929,938,34.25,3.437,1.6,,,0.9343073964118958,0.0,IB04
2006-12-14,12.79,15.89,1050,8.64,10,79.9,93.3,0,64.9,1100,1.378,36.21,6.135,1229,28.73,3.444,3.4,,,0.9421749711036682,0.5166500210762024,IB04
2006-12-15,11.86,17.93,1400,8.38,650,87.2,93.8,2340,64.62,1240,0.604,37.24,3.116,1107,70.8,4.452,2.4,,,0.7326445579528809,0.0,IB04
2006-12-16,11.45,17.48,1040,6.583,730,86.5,95.2,610,63.66,1200,0.592,5.017,3.038,1340,244.6,8.31,0.2,,,0.6762195825576782,0.0,IB04
2006-12-17,11.7,18.85,1300,4.326,520,79.5,96.0,800,56.44,1340,0.496,333.8,3.704,1140,310.9,8.33,0.0,,,0.6756098866462708,0.0,IB04
2006-12-18,10.16,12.69,1330,6.449,0,82.6,92.7,1100,66.87,20,0.699,24.09,4.234,1339,59.26,3.838,3.6,,,0.6573917865753174,0.68781578540802,IB04
2006-12-19,8.79,12.55,1120,5.722,130,82.3,93.2,220,68.12,1330,0.694,51.99,3.626,236,39.01,5.562,0.0,,,0.6148980259895325,0.0,IB04
2006-12-20,9.69,11.24,1450,7.65,220,88.9,94.8,1930,76.9,110,1.391,50.45,7.43,108,157.7,1.673,11.8,,,0.6874789595603943,6.875551223754883,IB04
2006-12-21,10.6,12.17,1240,9.24,310,84.6,95.9,430,68.41,2200,2.28,37.21,6.831,1210,47.53,2.167,22.6,,,0.9442574381828308,13.907320976257324,IB04
2006-12-22,10.15,13.82,1210,4.123,2320,71.3,91.5,2330,52.15,1210,1.531,32.58,5.87,235,49.24,7.45,0.0,,,1.014396071434021,0.0,IB04
2006-12-23,8.94,12.96,1330,2.795,330,89.1,94.5,340,73.8,1500,1.406,32.4,5.596,2028,10.34,2.596,14.2,,,0.7398449778556824,8.510900497436523,IB04
2006-12-24,11.0,12.7,1550,9.04,200,88.8,94.7,1250,82.1,2120,1.269,32.71,4.851,1906,36.04,1.546,9.6,,,0.6452013850212097,5.324590682983398,IB04
2006-12-25,10.75,17.19,1250,3.998,2300,73.2,90.5,2200,46.38,1230,0.629,33.58,3.401,1253,37.62,8.34,0.0,,,0.7527370452880859,0.0,IB04
2006-12-26,8.04,18.45,1400,0.736,620,75.6,93.0,630,38.63,1400,0.409,28.32,2.666,1454,263.9,9.01,0.0,,,0.6367624998092651,0.0,IB04
2006-12-27,8.67,18.06,1200,2.067,710,81.8,95.4,550,39.64,1210,0.522,27.16,2.881,1507,220.1,8.72,0.0,,,0.7251942157745361,0.0,IB04
2006-12-28,8.67,17.07,1120,2.729,530,85.4,95.9,540,58.41,1120,0.545,20.57,3.391,1413,227.5,8.66,0.2,,,0.6516692638397217,0.0,IB04
2006-12-29,10.61,17.82,1210,4.994,10,88.9,95.5,900,63.42,1210,0.381,339.0,2.411,1250,198.7,5.932,0.0,,,0.6211826205253601,0.0,IB04
2006-12-30,10.34,16.06,1410,5.32,350,88.7,96.5,800,69.28,1400,0.876,20.47,4.753,1445,222.7,8.28,0.2,,,0.7089282870292664,0.0,IB04
2006-12-31,11.77,17.35,1110,5.986,550,86.1,96.5,740,70.7,1320,0.814,234.2,3.812,1340,214.9,5.99,0.0,,,0.7317008376121521,0.0,IB04
2007-01-01,13.98,16.14,1110,9.11,2350,84.0,93.6,0,76.8,1450,1.976,238.4,5.743,1350,234.6,5.75,0.0,,,0.8977130055427551,0.0,IB04
2007-01-02,13.09,18.07,1310,7.38,110,67.48,95.4,140,46.59,1310,1.105,334.2,5.125,1459,216.1,7.65,0.0,,,1.0788416862487793,0.0,IB04
2007-01-03,10.56,16.73,1150,3.924,2320,71.6,93.9,2340,52.32,1150,0.826,304.9,4.077,0,211.4,8.92,0.0,,,0.8399270176887512,0.0,IB04
2007-01-04,9.56,16.42,1410,3.728,130,82.5,95.1,530,43.4,1710,0.819,319.0,4.753,1040,236.6,4.871,0.2,,,0.9621436595916748,0.0,IB04
2007-01-05,9.67,18.2,1140,4.392,320,79.2,93.7,2350,51.78,1200,0.68,11.44,3.44,1515,222.0,8.92,0.0,,,0.8363630175590515,0.0,IB04
2007-01-06,9.01,17.34,1200,3.392,710,86.0,95.1,2240,63.88,1200,0.668,20.18,3.842,1321,203.4,8.24,0.0,,,0.7428306937217712,0.0,IB04
2007-01-07,8.9,15.28,1440,3.129,700,90.3,96.5,910,74.3,1430,0.685,311.3,4.263,1440,235.3,5.813,0.2,,,0.6459957957267761,0.0,IB04
2007-01-08,12.11,17.94,1340,6.916,720,80.2,93.8,750,50.87,1340,0.706,300.4,3.949,1422,300.5,6.943,0.0,,,0.8918332457542419,0.0,IB04
2007-01-09,10.06,16.36,1030,4.125,430,89.3,95.9,800,69.44,1030,0.806,282.6,4.165,1420,198.6,8.88,0.2,,,0.7546602487564087,0.0,IB04
2007-01-10,11.32,18.66,1140,6.187,500,88.0,96.0,830,66.6,1140,0.463,337.5,3.283,1400,210.5,8.64,0.0,,,0.7312182188034058,0.0,IB04
2007-01-11,10.65,18.57,1400,5.324,800,85.1,96.5,410,55.57,1530,0.476,36.81,3.018,1234,114.6,8.72,0.0,,,0.7689877152442932,0.0,IB04
2007-01-12,9.64,18.06,1520,3.062,530,83.4,96.7,900,52.99,1510,0.678,317.2,4.175,1414,246.5,8.99,0.2,,,0.8720797896385193,0.0,IB04
2007-01-13,9.18,16.87,1340,1.732,730,87.2,96.1,2310,66.88,1550,1.182,0.667,5.704,1230,219.6,9.51,0.2,,,0.924902319908142,0.0,IB04
2007-01-14,9.81,17.58,1350,3.791,430,86.8,96.7,820,64.19,1350,0.663,36.81,3.822,1409,39.7,9.37,0.2,,,0.8141061067581177,0.0,IB04
2007-01-15,10.49,16.54,1330,4.192,400,85.2,95.3,700,64.88,1320,0.452,20.76,2.92,1437,216.9,4.982,0.0,,,0.7072581052780151,0.0,IB04
2007-01-16,11.85,16.95,1140,7.65,0,82.8,91.8,0,61.39,1340,0.722,307.2,4.008,1423,208.0,6.884,0.0,,,0.8797510266304016,0.0,IB04
2007-01-17,10.19,18.07,1450,4.326,2350,83.4,95.7,750,46.92,1440,0.666,15.97,4.586,1210,230.3,8.71,0.0,,,0.9577732682228088,0.0,IB04
2007-01-18,9.95,17.13,1500,3.398,440,85.1,96.2,840,51.73,1510,1.311,285.1,6.115,1205,246.5,9.06,0.2,,,1.2077584266662598,0.0,IB04
2007-01-19,12.75,21.96,1440,6.451,530,76.8,96.6,750,42.02,1450,0.631,355.1,3.91,1424,308.3,9.69,0.0,,,1.1227164268493652,0.0,IB04
2007-01-20,10.12,17.19,1500,4.526,610,91.1,96.2,1000,72.9,1440,0.697,38.44,4.273,1316,202.2,7.83,0.2,,,0.8140888214111328,0.0,IB04
2007-01-21,11.93,18.18,1310,6.315,430,82.7,96.7,620,56.71,1520,0.787,45.81,4.253,1222,54.58,9.82,0.0,,,1.026180386543274,0.0,IB04
2007-01-22,12.26,16.55,1110,7.92,620,85.5,95.7,650,59.91,2340,2.024,243.3,6.889,1759,236.5,5.054,0.4,,,1.2985363006591797,0.0,IB04
2007-01-23,12.05,14.75,1210,9.44,1940,49.2,73.1,120,32.45,1220,2.705,272.5,8.1,550,265.0,8.47,0.2,,,2.268095731735229,0.0,IB04
2007-01-24,8.53,11.78,1320,2.193,2300,47.91,77.5,2320,32.27,200,1.402,300.7,7.59,201,284.2,6.598,0.4,,,1.363929033279419,0.0,IB04
2007-01-25,6.02,13.61,1240,0.002,400,71.8,90.7,650,33.52,1250,0.861,319.2,8.42,1320,204.4,8.78,0.0,,,1.10143780708313,0.0,IB04
2007-01-26,7.92,11.7,1200,2.735,110,76.0,88.2,150,65.39,1240,2.169,54.48,6.468,1403,68.37,8.76,0.0,,,1.145952820777893,0.0,IB04
2007-01-27,8.64,11.75,1240,5.262,530,54.72,73.8,200,30.98,1310,2.057,48.23,7.61,1106,32.63,11.26,0.0,,,1.778830885887146,0.0,IB04
2007-01-28,9.62,13.9,1310,4.927,2330,65.98,84.5,2340,51.56,1320,1.294,43.83,4.42,854,33.11,6.095,0.0,,,1.2099260091781616,0.0,IB04
2007-01-29,9.6,16.33,1400,2.735,530,79.3,91.4,530,58.33,1410,0.588,49.81,3.273,1202,29.39,7.54,0.2,,,0.9315534830093384,0.0,IB04
2007-01-30,11.43,14.01,1410,9.77,2350,84.5,94.3,810,67.63,1530,1.021,47.01,4.096,939,22.96,4.842,9.6,,,0.9225990772247314,5.327822685241699,IB04
2007-01-31,10.41,14.76,1230,7.18,2120,85.4,94.9,750,66.85,1230,0.421,293.9,3.303,1513,230.3,4.899,1.0,,,0.7752318382263184,0.0,IB04
2007-02-01,10.13,15.35,1130,4.058,2330,79.8,92.5,0,56.01,1250,0.544,340.7,4.351,1425,327.1,8.92,0.0,,,0.9714691638946532,0.0,IB04
2007-02-02,9.22,17.32,1230,2.267,300,79.8,95.2,320,50.31,1350,0.692,49.84,4.204,1417,197.1,10.7,0.2,,,1.1492130756378174,0.0,IB04
2007-02-03,9.44,16.07,1240,4.66,650,81.4,94.5,620,57.6,1210,0.453,39.95,3.244,1042,42.02,7.68,0.0,,,0.9261652231216432,0.0,IB04
2007-02-04,10.47,15.16,1150,6.324,400,81.3,92.0,600,63.04,1150,0.482,39.15,2.93,1159,24.37,6.256,0.0,,,0.8910945057868958,0.0,IB04
2007-02-05,11.02,15.29,1110,8.71,500,85.4,95.0,2330,66.23,1150,0.302,0.402,2.332,1308,289.2,4.27,0.6,,,0.7676514983177185,0.0,IB04
2007-02-06,10.06,15.8,1230,4.259,650,85.3,96.4,810,65.54,1500,1.16,268.4,5.341,1325,205.2,11.98,0.2,,,1.251875638961792,0.0,IB04
2007-02-07,11.02,17.74,1420,5.462,20,81.3,94.7,540,46.06,1410,1.198,267.6,6.37,1059,246.2,9.97,0.0,,,1.5212904214859009,0.0,IB04
2007-02-08,13.18,16.68,1240,6.518,50,83.3,96.1,140,67.68,650,2.049,239.6,6.644,333,225.4,6.859,8.2,,,1.3167372941970823,4.312027931213379,IB04
2007-02-09,10.94,15.1,1400,6.917,2120,86.6,95.9,1010,63.76,2300,0.738,350.8,5.331,1115,3.131,5.013,13.0,,,0.9541446566581726,7.7038726806640625,IB04
2007-02-10,13.65,18.48,1020,8.25,340,66.19,90.2,2350,44.44,1250,1.39,274.4,7.5,934,266.8,12.61,0.0,,,1.827566146850586,0.0,IB04
2007-02-11,12.58,20.12,1350,4.727,500,82.2,94.9,610,53.84,1340,1.156,234.2,4.802,1528,243.0,10.38,0.2,,,1.5885984897613523,0.0,IB04
2007-02-12,16.03,21.32,1530,11.58,50,66.59,95.4,100,39.68,2020,2.195,258.0,9.19,1224,257.8,10.48,0.0,,,2.4128973484039307,0.0,IB04
2007-02-13,12.57,18.61,1040,6.449,650,71.3,94.8,2350,43.65,1040,1.016,273.1,3.91,1509,206.8,13.05,0.0,,,1.6911362409591677,0.0,IB04
2007-02-14,14.19,17.35,1710,7.79,0,80.9,95.8,140,46.02,2050,1.766,241.3,5.459,2307,9.77,5.746,0.0,,,1.6560686826705933,0.0,IB04
2007-02-15,12.96,20.38,1350,2.266,2340,53.03,85.8,2350,16.48,1530,1.129,305.7,5.351,1254,265.1,14.29,0.0,,,2.159840583801269,0.0,IB04
2007-02-16,11.09,21.03,1310,1.602,350,67.92,93.1,630,29.95,1430,0.873,58.01,4.312,1433,117.0,14.14,0.0,,,1.895672917366028,0.0,IB04
2007-02-17,12.56,18.17,1000,6.182,2320,83.0,95.4,2330,57.6,1130,1.236,298.8,7.14,1138,252.8,4.936,1.8,,,1.3186675310134888,0.0,IB04
2007-02-18,9.92,16.56,1120,5.128,550,89.4,96.5,800,62.43,1130,0.787,336.7,4.822,1205,218.4,6.858,4.2,,,1.138797402381897,1.193927526473999,IB04
2007-02-19,9.89,16.81,1520,4.459,2310,83.7,95.5,720,51.27,1520,0.496,356.8,2.95,1524,293.5,7.59,0.4,,,1.148482084274292,0.0,IB04
2007-02-20,9.42,16.33,1310,2.668,530,86.1,96.0,800,65.21,1220,0.745,321.3,4.341,1329,191.9,11.38,0.0,,,1.3250256776809692,0.0,IB04
2007-02-21,9.14,16.16,1050,4.392,610,87.3,96.1,800,68.05,1640,0.422,30.0,3.254,1234,256.7,7.34,0.2,,,1.0242109298706057,0.0,IB04
2007-02-22,9.54,16.33,1220,2.334,700,83.9,96.1,710,65.03,1510,1.178,261.2,5.576,1315,226.5,10.83,0.2,,,1.4290157556533811,0.0,IB04
2007-02-23,11.42,20.72,1300,4.459,350,80.8,96.5,900,37.29,1400,0.799,315.5,4.312,1207,228.7,14.25,0.2,,,1.91248106956482,0.0,IB04
2007-02-24,13.44,20.18,1140,6.917,650,73.7,95.1,710,37.16,1610,0.848,306.4,4.694,957,294.0,13.56,0.0,,,1.937349319458008,0.0,IB04
2007-02-25,12.55,19.98,1350,6.323,720,76.5,96.0,740,47.17,1400,1.45,331.4,7.4,1715,0.758,12.66,0.6,,,2.0963010787963867,0.0,IB04
2007-02-26,13.52,16.59,1420,10.64,2000,56.36,71.4,2000,48.05,1450,1.418,323.5,8.27,520,2.467,14.47,0.2,,,2.209264278411865,0.0,IB04
2007-02-27,12.64,19.32,1420,4.592,630,70.3,90.3,700,42.43,1430,1.308,267.9,5.625,1751,244.9,15.05,0.0,,,2.2200753688812256,0.0,IB04
2007-02-28,11.7,17.33,1430,5.061,610,90.0,96.1,750,78.2,1420,1.356,215.1,6.056,1514,205.6,10.95,0.0,,,1.4445890188217163,0.0,IB04
2007-03-01,14.34,21.04,1310,8.71,710,83.2,96.8,800,43.7,1310,1.408,228.2,5.978,1457,241.1,15.45,0.2,,,2.42449688911438,0.0,IB04
2007-03-02,15.14,21.18,1540,8.71,410,76.0,95.9,420,41.7,1650,1.661,237.8,6.341,1341,247.2,14.15,0.2,,,2.527430295944214,0.0,IB04
2007-03-03,14.4,21.5,1420,8.38,600,81.0,95.7,720,54.66,1010,1.223,215.5,4.773,1640,213.8,14.22,0.0,,,2.192046642303467,0.0,IB04
2007-03-04,13.37,24.76,1110,6.524,300,83.8,96.5,820,36.81,1110,0.777,307.5,3.998,1259,226.0,16.29,0.2,,,2.411026954650879,0.0,IB04
2007-03-05,11.66,18.52,1310,5.595,2340,74.6,96.5,730,40.85,1620,1.3,39.24,7.34,1123,43.03,13.66,0.2,,,2.175326347351074,0.0,IB04
2007-03-06,11.43,16.87,1340,2.468,600,82.4,92.2,610,59.14,1310,1.504,233.3,6.154,1414,231.4,10.49,0.0,,,1.753488063812256,0.0,IB04
2007-03-07,12.23,17.8,1450,5.796,600,75.6,92.4,1700,55.92,2000,2.012,298.2,8.0,2059,12.24,12.09,6.6,,,2.114553689956665,3.1125974655151367,IB04
2007-03-08,12.32,15.62,1530,9.32,410,67.05,88.1,400,47.77,2250,2.691,20.34,8.72,1651,35.55,6.806,7.0,,,2.121037483215332,3.4187920093536377,IB04
2007-03-09,12.91,18.91,1310,7.25,400,58.38,85.1,0,31.69,1620,0.783,344.0,4.145,1301,290.3,17.23,0.0,,,2.3255293369293213,0.0,IB04
2007-03-10,11.62,16.55,1300,4.526,310,56.3,92.1,340,25.44,930,2.723,28.28,9.23,1214,40.11,12.77,0.0,,,2.938424825668335,0.0,IB04
2007-03-11,12.72,18.05,1210,8.38,530,58.14,85.7,2230,35.64,1130,1.598,43.66,5.753,17,59.48,17.32,0.0,,,2.74453353881836,0.0,IB04
2007-03-12,10.7,17.93,1310,4.399,630,72.0,89.8,2340,48.66,1300,0.834,39.71,4.39,1057,23.22,10.69,0.0,,,1.760553002357483,0.0,IB04
2007-03-13,10.22,17.66,1100,2.0,540,71.4,93.5,610,34.9,1100,0.897,27.91,4.381,1321,219.5,16.91,0.0,,,2.2587335109710693,0.0,IB04
2007-03-14,10.77,17.78,1130,3.664,510,77.7,92.8,600,53.34,950,0.999,337.0,5.292,1259,218.9,17.22,0.0,,,2.2220499515533447,0.0,IB04
2007-03-15,10.84,17.79,1200,3.664,510,79.1,92.9,200,56.61,1000,1.144,124.6,4.841,1434,229.1,17.79,0.0,,,2.2886202335357666,0.0,IB04
2007-03-16,10.94,18.72,1120,3.195,440,82.1,95.7,730,45.71,1100,0.967,22.58,5.263,1359,235.4,17.13,0.2,,,2.330804347991944,0.0,IB04
2007-03-17,12.67,20.3,1400,4.727,310,73.0,94.7,210,43.76,1430,0.828,45.01,4.704,1159,30.32,16.4,0.0,,,2.366870880126953,0.0,IB04
2007-03-18,12.27,17.92,1300,5.128,540,82.3,95.2,720,63.08,1030,1.803,228.7,6.693,1410,216.6,17.71,0.2,,,2.4132518768310547,0.0,IB04
2007-03-19,13.14,18.54,950,7.72,540,58.97,95.4,610,32.18,1420,1.558,316.8,8.11,2059,307.7,8.29,0.0,,,2.2553110122680664,0.0,IB04
2007-03-20,9.81,14.4,1340,5.701,1800,50.92,70.6,1800,30.77,1310,2.023,338.9,7.72,1349,329.9,18.76,0.6,,,2.986623764038086,0.0,IB04
2007-03-21,9.53,15.15,1500,3.456,2040,48.66,71.9,2050,21.63,1600,1.126,345.2,5.949,2154,60.58,15.42,0.0,,,2.4616811275482178,0.0,IB04
2007-03-22,10.01,15.33,1330,3.395,350,46.83,84.7,340,20.82,1340,1.333,330.1,5.929,904,1.233,18.36,0.0,,,2.734222173690796,0.0,IB04
2007-03-23,11.17,15.47,1330,2.4,610,62.64,88.2,620,43.45,1450,2.014,252.8,7.22,1307,237.7,19.77,0.0,,,2.811587333679199,0.0,IB04
2007-03-24,12.76,18.8,1420,6.383,2340,62.31,86.5,0,32.84,1430,1.567,301.3,7.56,1317,243.3,13.09,0.0,,,2.6880908012390137,0.0,IB04
2007-03-25,9.76,15.27,1130,3.991,610,71.9,90.1,240,44.54,940,0.649,49.51,3.773,1226,234.7,10.61,0.0,,,1.7059657573699951,0.0,IB04
2007-03-26,10.38,17.07,1140,4.927,420,81.4,92.5,650,52.06,1120,0.637,54.03,4.714,1149,185.9,9.82,0.0,,,1.6564910411834717,0.0,IB04
2007-03-27,10.84,18.07,1220,4.526,430,78.5,94.1,500,45.19,1220,0.646,59.35,4.302,1420,72.8,10.51,4.8,,,1.8005717992782593,1.689175009727478,IB04
2007-03-28,10.59,14.09,1500,8.25,610,92.2,96.5,2040,80.7,1500,1.83,50.56,5.38,1215,83.4,6.484,37.2,,,1.214714765548706,22.52886009216309,IB04
2007-03-29,11.66,16.43,930,6.924,2320,85.6,96.2,510,66.37,1640,1.307,52.08,6.282,1311,12.99,10.57,3.6,,,1.7753123044967651,0.6894997954368591,IB04
2007-03-30,12.87,17.54,1120,7.32,500,78.1,94.4,150,53.13,1150,1.762,240.2,6.331,1241,226.6,16.67,0.2,,,2.629920482635498,0.0,IB04
2007-03-31,14.09,18.54,1010,9.18,350,79.6,95.3,640,53.46,1010,1.717,231.9,8.28,1154,248.8,19.12,0.0,,,2.91780161857605,0.0,IB04
2007-04-01,15.55,21.97,1330,10.24,610,71.8,94.8,640,34.56,1150,1.281,91.1,5.557,1044,153.4,17.36,0.2,,,3.1455962657928467,0.0,IB04
2007-04-02,14.78,19.19,1020,11.44,550,84.0,94.1,2220,67.47,1020,1.017,51.69,4.675,107,27.6,7.96,0.6,,,1.6660027503967283,0.0,IB04
2007-04-03,13.17,18.18,1210,7.45,620,72.7,95.0,630,50.24,1410,1.006,301.9,5.811,1348,289.1,18.43,0.0,,,2.696918487548828,0.0,IB04
2007-04-04,12.85,17.54,1220,10.04,2140,75.4,87.1,2130,61.08,1200,1.553,272.2,6.076,1328,241.2,12.08,0.0,,,2.217393159866333,0.0,IB04
2007-04-05,11.82,18.01,1000,6.59,540,83.1,93.4,2350,54.21,1000,0.705,359.5,3.646,1106,219.6,9.88,5.8,,,1.7904850244522097,2.488443613052368,IB04
2007-04-06,12.59,18.07,1620,7.52,550,82.5,95.8,730,60.74,1030,0.743,32.32,4.626,1310,180.2,11.39,0.0,,,1.909285545349121,0.0,IB04
2007-04-07,12.44,19.32,1530,7.72,140,83.6,95.4,410,56.92,1520,0.509,53.35,3.528,1314,147.4,9.23,0.2,,,1.6877833604812622,0.0,IB04
2007-04-08,13.39,20.33,1250,6.323,620,78.6,94.9,300,52.93,1050,0.571,51.52,3.959,1253,29.0,13.04,0.2,,,2.153838634490967,0.0,IB04
2007-04-09,13.23,15.3,1340,10.44,0,88.3,93.2,2040,80.3,1500,0.965,48.29,4.126,2139,23.9,2.988,3.8,,,0.969446301460266,0.8582211136817932,IB04
2007-04-10,13.23,16.35,1220,9.77,30,87.0,93.5,1840,77.4,310,1.236,46.42,4.018,809,76.0,5.544,3.8,,,1.291935682296753,0.858826756477356,IB04
2007-04-11,15.55,21.04,1320,11.84,350,78.9,94.6,440,57.71,1330,1.046,53.53,5.037,2001,81.7,19.43,0.0,,,3.06086540222168,0.0,IB04
2007-04-12,15.42,20.73,1330,13.63,2020,87.6,94.7,2110,65.6,1330,1.316,77.2,6.174,342,52.82,11.22,3.2,,,2.1951005458831787,0.3442122638225555,IB04
2007-04-13,13.96,15.75,1340,11.96,430,92.4,94.8,2300,85.7,1410,0.484,296.3,2.92,1921,29.87,3.453,15.6,,,0.9375430345535278,9.445676803588867,IB04
2007-04-14,14.07,15.49,2300,12.63,350,92.6,95.8,1750,80.9,2300,1.36,16.67,7.55,2314,27.4,2.635,35.0,,,0.9670065641403198,21.264328002929688,IB04
2007-04-15,15.45,19.2,1240,12.37,2350,83.5,91.2,100,68.75,1240,2.299,49.74,7.22,23,37.84,12.58,1.8,,,2.418710470199585,0.0,IB04
2007-04-16,15.76,22.63,1210,9.97,520,74.8,92.9,540,45.56,1230,1.045,45.39,4.782,1440,214.5,21.51,0.0,,,3.504012107849121,0.0,IB04
2007-04-17,14.69,23.05,1030,8.52,510,81.4,95.0,620,46.91,1010,1.02,343.1,4.684,1209,212.8,21.2,0.0,,,3.4206786155700684,0.0,IB04
2007-04-18,17.45,25.94,1340,10.11,300,72.9,93.3,610,40.07,1330,0.812,42.74,4.263,1429,34.08,22.87,0.2,,,3.83219313621521,0.0,IB04
2007-04-19,16.86,26.41,1350,9.78,450,72.8,91.2,500,33.47,1320,0.84,46.63,4.547,1418,129.4,19.32,0.0,,,3.549783945083618,0.0,IB04
2007-04-20,15.61,21.91,1040,9.92,530,75.9,92.8,2350,35.49,1020,1.098,217.3,4.851,1310,227.9,23.28,0.0,,,3.7858166694641113,0.0,IB04
2007-04-21,15.67,25.1,1130,8.45,500,79.3,94.2,550,40.35,1140,0.948,12.69,4.822,1203,227.2,21.39,0.2,,,3.658649206161499,0.0,IB04
2007-04-22,18.08,27.0,1330,11.04,440,68.91,95.0,610,31.87,1250,0.742,54.27,4.194,1208,131.5,21.54,0.0,,,3.8122189044952393,0.0,IB04
2007-04-23,18.77,26.74,1330,11.05,530,65.72,91.5,2230,35.28,1100,0.966,50.63,4.831,1627,67.51,23.45,0.0,,,4.184144496917725,0.0,IB04
2007-04-24,18.18,27.67,1150,10.51,250,62.0,92.3,120,25.07,1130,0.866,52.14,5.625,1312,203.8,23.58,0.2,,,4.2387542724609375,0.0,IB04
2007-04-25,16.86,23.3,1310,9.26,430,64.69,88.9,240,36.64,900,1.083,289.2,4.851,1342,231.8,23.21,0.0,,,3.942903518676758,0.0,IB04
2007-04-26,18.26,26.34,1300,11.44,540,63.3,87.2,2250,28.67,1330,0.902,58.01,6.037,1320,140.6,21.78,0.0,,,4.013367652893066,0.0,IB04
2007-04-27,18.53,26.47,1240,10.44,250,65.36,91.6,350,35.07,1140,0.909,64.14,5.145,1630,111.4,20.66,0.0,,,3.845170021057129,0.0,IB04
2007-04-28,17.17,21.58,1110,13.7,2350,83.5,96.3,640,57.38,1030,0.954,75.2,5.145,949,139.8,12.48,22.0,,,2.469207763671875,13.580841064453123,IB04
2007-04-29,15.63,20.72,1110,10.58,0,86.0,95.7,550,62.27,1530,0.451,31.88,3.45,1105,253.0,12.21,5.6,,,2.1814932823181152,2.332655668258667,IB04
2007-04-30,15.29,20.32,1250,8.32,520,84.7,96.6,630,69.46,1530,1.419,214.3,6.096,1622,197.4,23.3,0.2,,,3.436523675918579,0.0,IB04
2007-05-01,16.25,19.27,830,11.97,2230,71.8,95.4,510,42.45,1530,1.844,259.6,7.1,1554,293.0,15.94,0.0,,,3.183398485183716,0.0,IB04
2007-05-02,15.35,20.12,1220,8.86,510,79.1,93.5,540,58.53,920,1.679,218.8,5.664,1724,225.4,20.18,0.4,,,3.324967861175537,0.0,IB04
2007-05-03,16.21,19.8,1050,12.45,0,77.0,91.0,0,63.99,1600,2.027,217.7,5.684,1001,219.4,14.86,0.8,,,2.822006940841675,0.0,IB04
2007-05-04,14.89,21.46,1230,8.39,450,74.2,94.0,600,43.96,1520,0.912,350.0,5.596,938,236.2,18.46,0.0,,,3.17284893989563,0.0,IB04
2007-05-05,15.9,23.5,1320,7.52,510,69.37,95.3,530,37.82,1750,0.847,351.0,5.39,1643,37.51,23.07,0.2,,,3.8117926120758057,0.0,IB04
2007-05-06,17.33,25.03,1440,8.45,450,62.45,93.4,530,30.68,1610,0.902,332.0,4.841,1110,261.0,23.0,0.0,,,4.047367095947266,0.0,IB04
2007-05-07,17.15,24.76,1040,9.85,400,71.0,92.3,2330,33.75,1050,1.369,234.8,6.243,1421,207.6,22.66,0.0,,,4.270298004150391,0.0,IB04
2007-05-08,16.63,23.03,1520,9.19,430,77.6,94.1,0,46.13,820,1.565,198.9,6.282,1256,231.4,25.13,0.0,,,4.267582416534424,0.0,IB04
2007-05-09,17.83,29.81,1450,10.51,350,76.7,95.9,710,17.67,1510,1.151,202.0,4.263,1536,189.6,23.61,0.2,,,4.901503086090088,0.0,IB04
2007-05-10,18.32,24.89,1220,10.78,450,70.1,93.5,540,34.42,1200,1.1,196.7,4.577,1100,202.9,25.52,0.0,,,4.489320755004883,0.0,IB04
2007-05-11,18.84,24.75,1430,11.38,450,78.8,93.9,0,60.36,1050,1.398,201.3,4.988,1246,222.3,25.11,0.0,,,4.279869556427002,0.0,IB04
2007-05-12,18.86,24.43,1130,12.17,430,83.4,95.2,230,63.1,1130,1.338,210.7,4.802,1258,236.8,24.66,0.0,,,4.171686172485352,0.0,IB04
2007-05-13,20.74,27.41,1320,15.29,300,72.7,95.5,700,34.2,1320,1.035,188.6,4.567,1323,226.1,25.47,0.2,,,4.783994674682617,0.0,IB04
2007-05-14,19.47,25.06,810,10.51,0,58.29,92.4,330,28.08,1420,1.149,324.9,7.15,750,273.3,26.4,0.0,,,4.745968818664551,0.0,IB04
2007-05-15,18.0,24.94,1450,10.18,200,62.16,89.3,0,31.67,1500,1.012,9.85,4.557,1258,201.9,24.76,0.0,,,4.406061172485352,0.0,IB04
2007-05-16,17.61,23.63,1300,11.38,350,71.2,92.5,450,36.69,1740,1.377,260.5,6.037,1453,248.2,24.1,0.0,,,4.377474784851074,0.0,IB04
2007-05-17,20.03,27.6,1340,12.05,430,59.96,89.7,440,29.87,1220,1.542,259.8,8.29,1211,252.8,24.27,0.0,,,5.020505905151367,0.0,IB04
2007-05-18,21.05,25.7,840,14.76,450,64.4,85.4,0,42.89,850,1.338,214.3,5.155,1257,199.4,25.84,0.0,,,4.857232093811035,0.0,IB04
2007-05-19,19.15,27.21,1000,13.56,200,76.2,91.0,2320,44.34,1000,1.294,44.76,6.154,1228,239.1,25.07,0.0,,,4.723330020904541,0.0,IB04
2007-05-20,21.95,29.86,1400,13.36,350,55.34,93.5,520,25.73,1300,1.231,52.45,4.606,1443,53.57,24.77,0.0,,,5.15956974029541,0.0,IB04
2007-05-21,22.85,29.06,1130,18.01,400,61.89,84.0,2330,41.58,40,1.198,82.0,4.498,39,28.91,22.02,0.0,,,4.692141056060791,0.0,IB04
2007-05-22,22.32,27.48,1130,18.28,120,69.53,87.6,140,49.14,1300,1.452,57.8,6.507,2025,221.7,13.95,0.0,,,3.5253219604492188,0.0,IB04
2007-05-23,24.59,33.17,1340,18.88,400,50.88,84.0,320,19.39,1340,1.17,62.92,5.204,1052,149.3,22.17,1.4,,,5.3419189453125,0.0,IB04
2007-05-24,24.43,32.11,1340,18.02,0,56.06,90.1,0,28.45,1440,1.478,75.9,6.135,708,56.48,25.43,0.8,,,5.783895492553711,0.0,IB04
2007-05-25,20.95,25.81,1220,16.48,300,78.5,91.9,310,57.14,1220,2.106,226.9,7.26,1411,222.1,22.77,0.0,,,4.500281810760498,0.0,IB04
2007-05-26,20.82,24.82,1210,16.09,2350,67.53,89.3,250,42.28,1350,2.418,223.2,6.194,1054,192.5,25.92,0.0,,,5.219897270202637,0.0,IB04
2007-05-27,20.76,27.08,1200,14.03,510,64.81,91.6,510,31.87,1400,1.552,277.4,7.61,1423,255.0,24.4,0.0,,,5.030215740203857,0.0,IB04
2007-05-28,19.36,22.37,1550,16.28,510,38.74,65.35,10,25.95,1620,1.986,327.0,8.9,1317,273.5,26.74,0.0,,,5.451467037200928,0.0,IB04
2007-05-29,18.86,24.3,1230,14.1,2330,48.12,84.7,2330,19.94,1230,1.783,288.2,6.419,1332,240.2,27.39,0.0,,,5.434922218322754,0.0,IB04
2007-05-30,18.84,23.49,1430,11.71,400,78.6,90.7,2340,65.82,1420,1.629,214.9,5.684,1247,229.2,25.7,0.0,,,4.325724124908447,0.0,IB04
2007-05-31,21.07,27.48,1540,15.75,450,70.3,91.6,500,22.87,1640,1.936,228.2,7.41,1120,219.0,22.2,0.0,,,5.280913352966309,0.0,IB04
2007-06-01,20.42,26.16,1450,15.03,2340,59.45,84.3,0,31.47,1100,1.512,48.45,7.4,1219,258.8,22.57,0.0,,,4.795716285705566,0.0,IB04
2007-06-02,18.7,23.04,910,13.56,450,65.17,88.1,450,39.89,910,1.774,194.8,6.292,1545,220.7,26.37,0.0,,,4.855539321899414,0.0,IB04
2007-06-03,19.97,26.87,1520,12.96,230,61.24,87.8,310,30.13,1540,1.107,2.258,5.184,1756,194.9,20.17,0.0,,,4.255014419555664,0.0,IB04
2007-06-04,20.98,30.25,1400,12.64,310,61.05,89.8,500,27.53,1400,0.892,26.1,4.704,947,342.8,21.59,0.0,,,4.523355007171631,0.0,IB04
2007-06-05,20.62,27.8,1110,15.89,450,69.64,84.8,450,39.2,1120,1.53,50.82,5.537,1445,230.8,23.5,0.0,,,4.965299606323242,0.0,IB04
2007-06-06,21.04,28.47,1020,15.69,330,65.23,86.7,200,35.13,1040,1.248,247.7,6.066,1205,220.4,23.93,0.0,,,4.949260711669922,0.0,IB04
2007-06-07,21.54,28.6,1200,14.03,450,62.71,89.5,340,34.13,1200,1.379,232.5,5.929,1239,203.0,26.51,0.0,,,5.343316078186035,0.0,IB04
2007-06-08,21.54,27.4,1140,14.97,440,69.12,89.2,500,39.33,1110,1.497,221.4,6.115,1335,212.7,26.61,0.0,,,5.266351222991943,0.0,IB04
2007-06-09,21.69,27.6,920,15.09,440,70.2,91.9,420,35.54,910,1.358,243.7,5.655,1217,208.3,24.67,0.0,,,5.010654449462891,0.0,IB04
2007-06-10,21.94,29.67,1400,15.69,420,69.81,89.7,0,34.14,1410,1.233,248.4,6.321,1452,242.7,17.09,0.0,,,4.187290191650391,0.0,IB04
2007-06-11,21.93,26.6,1320,16.68,30,74.1,90.9,30,53.33,1400,1.528,214.5,5.282,1214,213.1,25.39,0.0,,,4.899087905883789,0.0,IB04
2007-06-12,22.47,31.26,930,15.43,410,71.7,91.8,500,30.8,930,1.355,224.1,6.821,1140,216.6,24.03,0.0,,,5.352547645568848,0.0,IB04
2007-06-13,22.17,26.6,1120,15.83,430,73.6,91.7,430,50.87,1750,1.68,219.9,5.988,1228,214.3,24.26,0.0,,,4.822178363800049,0.0,IB04
2007-06-14,22.87,25.55,1150,20.07,10,76.2,85.5,30,63.95,1140,2.2,220.1,6.576,1443,219.4,19.46,0.0,,,4.183921813964844,0.0,IB04
2007-06-15,24.1,28.13,1250,20.6,0,67.45,87.7,450,40.28,800,1.952,236.7,7.25,1502,212.2,20.01,0.0,,,4.886690616607666,0.0,IB04
2007-06-16,22.79,26.94,1330,18.07,130,78.4,89.9,400,55.4,1540,2.231,219.7,7.17,1143,195.6,22.2,0.0,,,4.730976581573486,0.0,IB04
2007-06-17,22.73,27.28,1010,16.95,500,76.1,92.9,410,44.88,1000,1.22,224.3,5.243,1451,212.4,22.23,0.0,,,4.547242641448975,0.0,IB04
2007-06-18,26.12,34.62,1400,19.27,350,53.91,87.7,240,26.05,1320,1.201,59.41,5.978,1309,109.9,22.22,0.0,,,5.477088451385498,0.0,IB04
2007-06-19,24.41,29.39,1440,19.74,320,70.2,83.9,320,51.66,1420,2.361,222.4,7.13,1247,223.6,26.02,0.0,,,5.749933242797852,0.0,IB04
2007-06-20,24.1,28.2,950,19.74,250,76.5,91.4,310,59.06,1500,1.859,213.4,6.213,1147,239.1,26.14,0.0,,,5.255479335784912,0.0,IB04
2007-06-21,24.59,28.55,830,19.8,410,71.6,90.6,310,53.08,830,1.715,220.7,5.488,1259,234.5,26.22,0.0,,,5.388227462768555,0.0,IB04
2007-06-22,24.8,29.86,950,21.06,500,72.2,87.3,530,41.93,950,1.57,204.7,6.096,1145,220.6,24.62,0.0,,,5.461203575134277,0.0,IB04
2007-06-23,24.62,30.84,1340,19.67,450,60.13,87.4,120,38.32,1340,1.473,57.08,4.851,943,9.56,26.39,0.0,,,5.749849319458008,0.0,IB04
2007-06-24,24.55,31.05,1050,20.2,240,59.22,81.3,2350,32.99,1050,2.219,193.0,6.85,1254,206.2,26.36,0.0,,,6.43645715713501,0.0,IB04
2007-06-25,24.61,28.26,1230,21.65,2350,76.6,86.3,2040,62.12,1450,2.479,222.6,7.09,1358,193.3,25.5,0.0,,,5.372557640075684,0.0,IB04
2007-06-26,22.6,28.33,1240,17.34,2350,58.68,74.1,2340,37.53,1340,2.273,76.9,6.997,202,62.54,21.34,0.0,,,5.414724349975586,0.0,IB04
2007-06-27,21.76,26.61,1020,15.89,440,64.83,80.5,440,48.28,950,1.422,214.3,5.733,1455,218.1,19.85,0.0,,,4.280118942260742,0.0,IB04
2007-06-28,22.4,28.93,1000,16.62,210,66.58,83.7,230,38.53,1000,1.667,221.2,6.39,1528,207.8,26.49,0.0,,,5.597221374511719,0.0,IB04
2007-06-29,22.11,27.74,910,15.23,440,71.7,87.1,500,47.27,900,1.578,236.0,6.056,1332,244.1,26.56,0.0,,,5.24893045425415,0.0,IB04
2007-06-30,23.37,31.66,910,15.23,430,64.54,89.3,420,20.67,910,1.564,260.0,6.595,1229,214.5,26.46,0.0,,,6.047134876251221,0.0,IB04
2007-07-01,24.7,32.51,930,15.42,430,58.2,86.1,2350,21.46,930,1.522,237.9,5.89,1216,241.4,25.52,0.0,,,5.992666721343994,0.0,IB04
2007-07-02,24.61,31.23,1210,19.2,500,69.08,91.4,320,43.31,1230,1.111,68.83,5.184,1457,244.8,24.76,0.0,,,5.228855609893799,0.0,IB04
2007-07-03,23.64,27.79,1350,18.01,420,73.6,86.9,2310,59.99,1210,1.549,223.4,5.86,1353,238.7,23.52,0.0,,,4.750961780548096,0.0,IB04
2007-07-04,24.35,30.71,1350,18.74,0,66.4,89.7,350,44.52,1350,1.181,55.01,5.449,1144,50.72,19.07,0.0,,,4.397297859191895,0.0,IB04
2007-07-05,22.66,27.34,910,17.02,240,61.61,81.5,230,38.4,910,1.717,186.5,6.056,1315,228.4,26.62,0.0,,,5.511658668518066,0.0,IB04
2007-07-06,22.65,27.33,1350,15.69,430,65.13,87.1,500,48.62,830,1.367,227.7,6.164,1325,231.4,26.44,0.0,,,5.120161533355713,0.0,IB04
2007-07-07,25.5,33.18,1000,16.89,350,55.3,85.7,200,26.06,1810,1.262,19.44,5.89,1440,246.8,26.29,0.0,,,5.8768086433410645,0.0,IB04
2007-07-08,26.27,34.55,1200,20.14,500,60.74,87.4,2100,23.45,1140,1.541,212.1,5.704,1608,245.2,24.51,0.0,,,6.175272464752197,0.0,IB04
2007-07-09,24.16,29.46,1120,18.8,0,67.05,89.2,350,45.73,1640,1.84,59.04,5.694,1550,50.35,22.31,0.0,,,5.0710954666137695,0.0,IB04
2007-07-10,22.36,26.2,1540,18.21,120,60.7,79.4,440,43.8,1610,1.858,230.4,6.458,1341,187.2,25.92,0.0,,,5.33771276473999,0.0,IB04
2007-07-12,23.07,27.86,1410,16.55,450,66.77,87.0,510,48.26,1410,1.715,200.1,6.987,1142,212.9,25.47,0.0,,,5.186697483062744,0.0,IB04
2007-07-13,24.48,31.31,1300,17.54,420,62.25,86.1,430,37.99,1300,1.317,74.0,6.635,1606,175.7,25.35,0.0,,,5.468695640563965,0.0,IB04
2007-07-14,25.52,33.62,1400,18.41,410,56.63,87.0,300,21.58,1540,1.085,60.21,4.459,1024,127.0,26.11,0.0,,,5.764644145965576,0.0,IB04
2007-07-15,26.19,34.55,1320,18.8,450,58.32,85.2,500,23.59,1110,1.293,66.36,6.096,1424,250.0,25.8,0.0,,,6.03586483001709,0.0,IB04
2007-07-16,25.64,30.24,1550,20.79,240,73.1,89.7,0,52.05,1550,1.358,219.5,4.89,1302,214.2,24.2,0.0,,,5.140419960021973,0.0,IB04
2007-07-17,25.78,30.99,910,20.33,430,75.5,92.4,530,51.46,910,1.604,221.2,5.998,1206,235.1,25.09,0.0,,,5.401963710784912,0.0,IB04
2007-07-18,25.83,29.38,1350,21.78,150,74.7,88.5,550,60.31,1400,1.673,202.1,5.694,1132,206.6,24.87,0.0,,,5.19896411895752,0.0,IB04
2007-07-19,25.48,29.58,1330,19.87,500,72.5,89.8,520,54.66,930,1.544,193.9,5.782,1402,205.9,24.27,0.0,,,5.097192287445068,0.0,IB04
2007-07-20,25.75,30.92,1000,20.27,500,71.1,90.4,530,44.53,940,1.441,117.1,5.978,1343,216.4,23.31,0.0,,,5.1734700202941895,0.0,IB04
2007-07-21,25.63,31.58,1120,21.19,0,72.5,90.6,500,45.79,1000,1.692,180.5,7.03,1208,206.8,21.94,0.0,,,5.164923667907715,0.0,IB04
2007-07-22,25.32,32.1,1100,19.67,350,71.9,89.4,520,38.25,1050,1.514,149.3,5.498,1341,217.1,18.93,0.0,,,4.800106048583984,0.0,IB04
2007-07-23,24.99,29.19,1140,19.34,450,76.6,92.0,530,60.01,900,1.975,219.9,6.36,1123,218.3,23.97,0.0,,,4.988646507263184,0.0,IB04
2007-07-24,25.73,32.15,1400,19.74,0,65.25,90.4,510,34.51,1400,1.144,52.85,5.576,1455,223.5,23.61,0.0,,,5.217595100402832,0.0,IB04
2007-07-25,24.26,29.99,940,18.08,500,64.28,86.5,510,37.86,940,1.55,222.0,6.105,1413,235.7,24.2,0.0,,,5.307297706604004,0.0,IB04
2007-07-26,24.54,30.04,1310,17.22,500,65.05,86.1,430,31.06,1250,1.439,236.5,5.39,1511,205.5,24.63,0.0,,,5.36611270904541,0.0,IB04
2007-07-27,25.96,32.76,1340,17.81,430,55.79,87.6,300,22.39,1340,1.454,239.9,5.292,1511,209.6,24.29,0.0,,,5.723191261291504,0.0,IB04
2007-07-28,26.44,34.09,1000,18.21,430,56.55,79.1,330,27.78,1240,1.188,354.0,5.106,1211,225.1,23.9,0.0,,,5.523713111877441,0.0,IB04
2007-07-29,25.99,32.43,1010,20.47,520,65.14,83.7,2330,30.25,1010,1.711,223.6,6.713,1148,209.1,23.83,0.0,,,5.823591709136963,0.0,IB04
2007-07-30,25.36,30.07,850,18.41,520,72.3,91.3,540,51.53,900,1.746,190.5,6.086,1407,241.0,24.22,0.0,,,5.152581214904785,0.0,IB04
2007-07-31,25.22,29.71,1210,19.6,400,69.9,87.0,510,52.38,1350,1.644,218.6,5.762,1423,224.4,23.85,0.0,,,5.076968669891357,0.0,IB04
2007-08-01,25.76,31.83,1610,19.07,420,68.59,90.2,540,37.78,1610,1.469,176.2,5.674,1357,231.1,23.29,0.0,,,5.281208038330078,0.0,IB04
2007-08-02,27.28,37.27,1100,18.54,500,61.33,86.7,550,23.45,1510,1.454,1.725,5.586,1136,239.2,23.69,0.0,,,6.139039039611816,0.0,IB04
2007-08-03,26.21,31.76,1400,20.93,2320,52.35,82.7,10,26.79,1620,2.062,61.6,6.419,854,33.99,23.26,0.0,,,6.010985374450684,0.0,IB04
2007-08-04,24.78,31.2,900,17.35,510,57.13,79.8,2350,23.8,900,1.499,228.6,5.88,1407,245.3,23.68,0.0,,,5.491705894470215,0.0,IB04
2007-08-05,24.9,30.18,1100,17.68,510,67.41,85.5,520,39.87,910,1.53,242.9,5.821,1316,233.3,22.92,0.0,,,5.056747913360596,0.0,IB04
2007-08-06,25.29,31.91,1100,20.39,210,69.07,86.4,150,42.12,1100,1.192,231.8,6.733,1520,236.5,15.11,0.4,,,3.928814649581909,0.0,IB04
2007-08-07,25.69,30.71,950,20.2,530,67.82,88.2,550,40.18,1410,1.442,53.01,6.184,1235,239.0,20.67,0.0,,,4.778843879699707,0.0,IB04
2007-08-08,22.33,26.96,940,19.19,2330,76.0,90.2,550,59.69,940,1.269,57.35,5.214,1330,7.2,8.12,3.4,,,2.385373115539551,0.5182836055755615,IB04
2007-08-09,23.54,28.19,1310,17.74,500,64.55,87.2,500,43.56,840,1.417,209.0,5.762,1103,226.0,20.7,0.0,,,4.440286636352539,0.0,IB04
2007-08-10,24.19,28.85,1250,18.08,500,65.69,84.6,530,42.4,950,1.724,219.9,6.096,1352,226.6,20.96,0.0,,,4.738997459411621,0.0,IB04
2007-08-11,25.19,29.05,1230,19.73,450,70.5,86.6,520,52.99,1110,1.662,221.4,5.88,1109,201.8,21.32,0.0,,,4.619711399078369,0.0,IB04
2007-08-12,25.92,31.03,1330,20.26,510,70.5,86.0,330,41.71,1550,1.271,239.3,5.919,2058,208.1,21.16,0.0,,,4.726978302001953,0.0,IB04
2007-08-13,26.01,32.5,1040,20.86,440,67.31,91.0,510,35.18,1040,1.246,81.2,6.35,1333,208.1,22.6,0.2,,,5.080819129943848,0.0,IB04
2007-08-14,24.8,31.04,1140,19.14,410,72.6,89.4,520,38.39,1200,1.526,229.0,6.821,1421,215.9,22.97,0.0,,,5.104749202728272,0.0,IB04
2007-08-15,24.8,30.31,1320,17.94,430,73.8,87.2,0,60.92,1710,1.483,211.6,5.89,1254,212.7,23.05,0.0,,,4.677350521087647,0.0,IB04
2007-08-16,25.33,32.43,1010,19.14,520,69.3,88.8,630,43.38,1010,1.499,58.31,5.39,1045,35.29,19.49,0.0,,,4.671414375305176,0.0,IB04
2007-08-17,25.2,30.97,1320,20.06,2340,56.29,74.1,0,32.65,1330,1.444,59.94,4.439,1108,12.97,21.47,0.0,,,5.040439128875732,0.0,IB04
2007-08-18,23.82,29.92,1010,17.42,510,64.13,82.6,520,39.52,1020,1.515,206.9,6.35,1409,221.4,22.18,0.0,,,4.844247817993164,0.0,IB04
2007-08-19,25.13,31.51,1340,19.47,240,67.46,83.8,520,42.72,1030,1.402,83.7,6.439,1227,235.5,16.67,0.0,,,4.190581321716309,0.0,IB04
2007-08-20,24.0,28.01,1200,21.25,520,68.46,80.5,330,49.14,1200,1.214,51.0,5.008,2336,200.5,14.21,0.0,,,3.4673781394958496,0.0,IB04
2007-08-21,23.35,27.0,1520,17.41,2230,60.5,95.1,610,33.93,1520,1.493,320.8,7.62,506,219.8,22.09,27.8,,,4.52281665802002,17.19548225402832,IB04
2007-08-22,19.46,25.08,1520,16.14,820,78.4,95.5,900,47.14,1500,1.037,55.3,4.498,1050,12.23,16.3,15.8,,,3.2320806980133057,9.625654220581056,IB04
2007-08-23,21.41,26.73,1440,15.42,120,70.9,92.7,330,46.01,950,1.073,84.8,4.949,1411,222.1,23.04,0.0,,,4.197288513183594,0.0,IB04
2007-08-24,21.1,25.09,1540,17.74,110,79.4,89.1,2350,63.09,1600,1.777,47.65,6.017,1444,46.04,9.21,4.4,,,2.517686605453491,1.3635985851287842,IB04
2007-08-25,26.15,33.16,1350,21.72,0,70.8,88.1,520,41.05,1600,1.801,61.31,6.262,51,62.54,15.18,0.6,,,4.432722091674805,0.0,IB04
2007-08-26,27.33,36.26,1430,22.72,50,69.75,90.7,2240,40.96,1440,1.29,51.03,4.998,1527,243.8,20.68,0.0,,,5.071864128112793,0.0,IB04
2007-08-27,26.98,36.15,1100,20.4,500,64.6,91.1,140,31.71,1100,0.908,357.7,4.292,1531,268.1,20.24,0.0,,,4.64891529083252,0.0,IB04
2007-08-28,25.57,34.63,1050,18.41,430,68.84,89.2,0,36.18,1050,0.927,345.4,4.498,1451,219.2,19.63,0.0,,,4.383975982666016,0.0,IB04
2007-08-29,25.8,34.8,910,18.95,540,68.65,91.7,0,25.33,910,1.544,218.6,6.233,1448,214.6,19.46,0.0,,,5.146617889404297,0.0,IB04
2007-08-30,24.89,30.91,1400,21.59,40,69.54,93.1,100,46.78,1400,1.643,58.81,4.988,716,72.2,17.28,0.0,,,4.17780351638794,0.0,IB04
2007-08-31,23.33,27.86,1210,19.27,530,64.73,83.7,2350,41.13,1210,1.297,254.2,5.596,1553,221.1,17.8,0.0,,,3.9047350883483887,0.0,IB04
2007-09-01,23.31,30.25,1220,16.28,520,65.94,91.7,600,32.33,1030,1.126,163.8,5.341,1444,252.6,20.71,0.0,,,4.277459621429443,0.0,IB04
2007-09-02,22.7,29.13,950,15.36,550,68.01,92.1,440,39.0,940,1.324,239.2,5.125,1221,194.9,20.98,0.0,,,4.252687931060791,0.0,IB04
2007-09-03,23.19,31.04,1050,16.02,520,66.94,92.0,620,23.59,1050,1.231,247.9,5.9,1510,220.3,20.81,0.0,,,4.507687568664551,0.0,IB04
2007-09-04,23.5,28.12,1320,18.67,340,68.31,86.8,340,46.46,1310,1.584,239.1,5.792,1304,238.6,20.81,0.0,,,4.28826904296875,0.0,IB04
2007-09-05,21.59,26.88,1340,15.36,0,56.8,79.5,0,33.07,1340,1.465,59.98,5.508,825,57.61,14.11,0.0,,,3.5752015113830566,0.0,IB04
2007-09-06,20.63,27.53,1410,12.23,510,54.63,87.2,540,29.4,1540,1.31,330.3,6.419,1309,220.7,21.16,0.0,,,4.143399715423584,0.0,IB04
2007-09-07,21.71,28.0,1020,15.29,200,61.53,80.8,2320,37.66,1040,1.35,162.6,5.694,1405,211.4,20.9,0.0,,,4.173489570617676,0.0,IB04
2007-09-08,21.89,27.46,1150,15.16,520,68.31,89.2,550,45.0,1010,1.284,235.8,5.527,1255,217.9,19.85,0.0,,,3.834156036376953,0.0,IB04
2007-09-09,22.19,27.52,1250,16.22,450,71.4,88.8,450,53.12,1310,1.311,226.4,5.419,1421,221.4,20.29,0.0,,,3.8218510150909424,0.0,IB04
2007-09-10,22.49,31.57,1210,16.28,420,69.24,90.5,430,27.92,1230,1.029,52.63,6.448,1357,208.6,18.0,0.0,,,3.9322621822357178,0.0,IB04
2007-09-11,22.28,28.72,1520,15.36,520,68.89,89.2,500,41.6,950,1.251,169.3,5.929,1318,206.1,19.94,0.0,,,3.924476861953736,0.0,IB04
2007-09-12,22.98,27.86,1340,19.73,2110,62.89,84.2,210,44.79,1340,1.691,56.85,5.253,1424,79.1,16.62,0.0,,,3.84236741065979,0.0,IB04
2007-09-13,24.86,31.51,1220,19.2,230,71.5,86.0,250,45.65,1200,1.19,58.93,6.556,1510,145.8,13.83,0.0,,,3.409513473510742,0.0,IB04
2007-09-14,25.35,29.71,1300,21.66,550,74.2,89.0,630,55.31,1420,1.183,58.16,4.851,1359,202.3,17.76,0.0,,,3.686611652374268,0.0,IB04
2007-09-15,24.1,29.64,1140,19.87,550,74.5,89.1,330,53.12,1500,0.909,47.91,3.891,1042,67.2,15.48,0.4,,,3.204229593276977,0.0,IB04
2007-09-16,23.57,29.65,1050,18.01,600,77.7,92.0,610,51.65,1050,1.149,10.73,5.713,1251,215.5,17.37,0.0,,,3.5130422115325928,0.0,IB04
2007-09-17,24.6,30.91,1040,19.53,410,78.2,90.8,450,49.38,1040,1.513,250.7,6.252,1402,223.0,18.38,0.0,,,3.989411592483521,0.0,IB04
2007-09-18,23.84,30.77,1100,19.93,450,70.7,92.2,610,48.25,1050,1.727,60.9,7.47,1300,149.2,13.99,0.0,,,3.6009912490844727,0.0,IB04
2007-09-19,21.72,27.86,1240,16.82,2340,61.01,81.6,2340,39.32,1310,1.505,65.75,5.635,1418,221.0,17.66,0.0,,,3.78985333442688,0.0,IB04
2007-09-20,20.89,26.47,1010,15.03,540,70.3,87.8,620,51.01,950,1.152,256.7,5.949,1310,221.9,18.41,0.0,,,3.3137876987457275,0.0,IB04
2007-09-21,21.22,26.09,1150,16.02,430,74.0,87.5,440,57.15,1200,0.893,66.12,4.292,1254,234.8,7.22,0.0,,,1.930858492851257,0.0,IB04
2007-09-22,21.1,26.02,1130,17.61,600,80.6,94.9,1630,52.75,1510,0.91,86.4,6.399,1537,217.8,7.69,17.0,,,1.9943987131118768,10.386155128479004,IB04
2007-09-23,19.65,24.5,1040,17.47,350,91.2,96.4,550,70.6,1050,0.665,59.41,3.714,106,169.0,7.25,35.6,,,1.5915066003799438,21.63674545288086,IB04
2007-09-24,21.26,28.26,1510,15.56,630,71.0,93.2,550,35.8,1430,0.679,4.854,4.606,1153,235.6,18.6,0.0,,,3.159203052520752,0.0,IB04
2007-09-25,20.03,25.75,1020,14.57,440,79.2,96.5,0,54.75,1010,1.038,57.77,5.243,1215,219.6,13.87,32.2,,,2.596877336502075,19.72035217285156,IB04
2007-09-26,17.9,20.92,1150,14.42,2250,83.4,96.5,140,66.83,1600,0.769,48.44,3.704,1358,65.09,10.07,0.6,,,1.8058438301086424,0.0,IB04
2007-09-27,16.67,21.44,1400,10.38,2340,64.57,92.5,2350,42.96,1440,1.008,341.5,5.743,947,308.5,15.84,0.0,,,2.556080341339112,0.0,IB04
2007-09-28,16.53,23.22,1410,8.91,440,72.7,95.1,630,44.68,1140,0.975,88.9,4.998,1214,216.5,18.66,0.0,,,2.798044204711914,0.0,IB04
2007-09-29,21.32,28.2,1240,15.68,610,80.1,94.4,2230,50.66,1330,1.104,65.38,5.008,1632,222.8,13.8,0.2,,,2.7897162437438965,0.0,IB04
2007-09-30,21.18,25.93,1330,16.75,410,85.1,95.9,500,67.28,1150,1.029,250.7,4.341,1246,201.1,16.78,0.2,,,2.7762880325317383,0.0,IB04
2007-10-01,21.17,28.91,1220,15.15,610,82.3,95.5,540,47.25,1220,0.914,28.87,4.92,1551,256.9,17.52,0.0,,,3.075000047683716,0.0,IB04
2007-10-02,22.19,28.11,1310,17.15,40,77.2,95.1,220,51.93,1210,0.864,53.0,3.626,1110,138.0,14.45,0.0,,,2.6895644664764404,0.0,IB04
2007-10-03,22.02,25.76,1140,17.68,0,82.1,95.5,2350,58.63,1500,0.926,190.9,6.889,2120,239.7,6.898,5.8,,,1.7672069072723389,2.488316774368286,IB04
2007-10-04,19.31,26.8,1420,14.49,1600,87.9,97.2,1900,55.07,1420,1.111,51.47,17.15,1552,219.2,9.17,26.6,,,2.1273417472839355,16.38585090637207,IB04
2007-10-05,21.06,24.29,1220,17.48,510,80.0,95.3,400,64.69,1430,1.638,235.6,5.145,1157,212.2,15.57,0.2,,,2.6858012676239014,0.0,IB04
2007-10-06,20.37,25.67,1350,15.55,600,75.7,95.5,610,50.07,1350,0.588,339.8,3.695,1249,307.2,16.98,0.0,,,2.567753314971924,0.0,IB04
2007-10-07,19.84,26.6,1100,13.23,600,77.9,95.2,530,49.0,1040,0.763,45.11,4.008,1423,216.5,16.24,0.0,,,2.577143907546997,0.0,IB04
2007-10-08,19.75,24.84,1000,14.42,530,82.0,95.3,620,59.68,1100,0.979,257.5,4.302,1345,204.5,14.38,0.2,,,2.3603270053863525,0.0,IB04
2007-10-09,19.12,25.48,1010,13.83,550,80.1,94.8,500,52.36,930,0.617,45.28,4.518,1118,229.3,14.7,0.2,,,2.264253854751587,0.0,IB04
2007-10-10,18.47,23.64,1310,14.03,630,82.0,93.8,520,63.52,1240,0.837,9.25,4.518,1602,246.9,10.67,0.0,,,1.8642157316207888,0.0,IB04
2007-10-11,17.39,22.99,1040,14.62,320,86.2,95.1,1150,65.46,1050,1.089,40.21,4.439,1138,5.494,6.045,8.0,,,1.5009636878967283,4.165533065795898,IB04
2007-10-12,18.82,22.96,1200,16.48,0,81.8,96.5,2330,59.03,1230,1.681,58.82,5.792,1249,75.1,10.93,39.4,,,2.179555892944336,23.8191146850586,IB04
2007-10-13,18.29,23.55,1300,12.57,2340,74.0,96.4,0,46.01,1500,1.132,38.66,4.871,931,39.42,15.55,0.0,,,2.4421281814575195,0.0,IB04
2007-10-14,17.57,24.74,1300,11.31,440,77.0,94.8,2340,53.94,1200,0.646,42.48,3.381,1455,354.1,13.93,0.0,,,2.0451834201812744,0.0,IB04
2007-10-15,17.83,24.16,1050,13.03,610,86.6,96.6,2350,58.55,1140,0.492,26.43,3.401,1405,231.2,8.71,6.2,,,1.5262213945388794,2.7995638847351074,IB04
2007-10-16,18.41,24.43,1040,13.83,620,84.0,96.8,430,57.16,1240,0.784,67.39,5.057,1132,123.4,8.98,4.2,,,1.703050136566162,1.1954020261764526,IB04
2007-10-17,17.17,19.4,1550,15.35,230,93.3,96.5,900,85.6,1600,0.705,65.67,4.322,1121,112.8,1.904,34.8,,,0.7487578392028809,21.13970947265625,IB04
2007-10-18,18.23,23.03,1120,14.23,2350,84.7,96.7,710,64.95,1320,1.028,52.19,4.812,1145,90.0,15.2,0.0,,,2.124486207962036,0.0,IB04
2007-10-19,16.67,22.49,1330,11.58,0,76.1,96.4,630,47.12,900,0.993,41.25,4.214,1114,68.57,14.86,0.2,,,2.125859022140503,0.0,IB04
2007-10-20,14.9,22.76,1230,8.59,630,71.4,93.8,620,49.56,1230,0.888,36.95,3.753,1434,66.6,11.96,0.0,,,1.8511217832565308,0.0,IB04
2007-10-21,13.79,19.45,1320,8.38,600,66.52,93.8,0,40.9,1030,0.47,3.874,3.567,1349,250.5,12.99,0.0,,,1.5490869283676147,0.0,IB04
2007-10-22,14.95,23.09,1240,8.78,20,76.0,94.6,440,34.82,1450,0.52,30.52,3.146,1217,292.6,12.9,0.2,,,1.701136350631714,0.0,IB04
2007-10-23,14.93,21.38,1230,9.98,230,82.3,94.9,0,56.66,1010,0.682,346.7,3.665,1251,228.5,8.58,2.0,,,1.4158610105514526,0.0,IB04
2007-10-24,15.42,19.66,1400,12.24,0,90.6,96.8,920,74.3,1420,0.379,52.27,3.293,2137,72.9,4.742,8.8,,,0.9386449456214904,4.748884201049805,IB04
2007-10-25,15.13,21.51,1230,11.97,2300,87.5,96.2,120,54.9,1230,0.65,25.82,5.174,1330,61.86,6.883,5.4,,,1.308110594749451,2.1695945262908936,IB04
2007-10-26,14.53,19.64,1310,10.91,650,84.6,96.1,710,54.51,1110,0.496,4.231,3.185,1245,244.8,10.32,1.2,,,1.3492679595947266,0.0,IB04
2007-10-27,15.55,17.74,1350,12.57,30,81.5,92.6,210,71.3,1440,1.45,42.43,4.812,1117,44.08,5.59,0.2,,,1.2294366359710691,0.0,IB04
2007-10-28,17.71,21.63,1210,15.48,0,75.2,86.4,2350,57.76,1240,1.251,48.73,4.773,1604,43.11,12.8,0.0,,,1.9459646940231323,0.0,IB04
2007-10-29,17.18,19.6,1010,15.35,20,76.1,94.8,1440,59.96,2300,1.55,47.02,6.86,2255,29.49,3.884,3.2,,,1.375017166137695,0.3435953557491302,IB04
2007-10-30,14.83,17.95,950,11.84,2100,71.6,91.2,2120,51.61,1000,1.275,31.45,6.576,202,105.3,3.763,1.2,,,1.3583393096923828,0.0,IB04
2007-10-31,13.53,17.74,1330,8.79,330,71.8,90.3,220,48.86,1440,1.186,32.42,5.116,1245,36.59,8.44,0.0,,,1.4962365627288818,0.0,IB04
2007-11-01,14.92,20.04,1320,9.58,0,72.6,90.0,150,53.43,1350,0.728,33.74,4.606,1436,89.6,12.36,0.0,,,1.473088264465332,0.0,IB04
2007-11-02,12.58,18.68,1400,7.05,340,78.6,94.0,350,54.73,1440,0.739,28.87,4.812,1432,52.51,8.02,0.2,,,1.2115813493728638,0.0,IB04
2007-11-03,12.82,20.52,1040,6.056,540,78.6,94.3,630,47.3,1100,0.433,31.64,3.352,1305,35.14,10.09,0.0,,,1.1823618412017822,0.0,IB04
2007-11-04,12.77,20.44,1200,6.72,640,81.2,95.7,710,51.31,1130,0.37,43.54,3.146,1021,3.601,9.39,0.2,,,1.097509264945984,0.0,IB04
2007-11-05,13.55,20.11,1320,6.921,520,82.0,95.2,650,58.52,1120,0.758,320.7,4.655,1402,225.9,11.25,0.0,,,1.3109549283981323,0.0,IB04
2007-11-06,14.46,20.44,1510,9.71,610,81.3,95.3,720,55.04,1510,0.652,325.4,4.488,1220,221.4,10.99,0.2,,,1.293852686882019,0.0,IB04
2007-11-07,12.56,20.37,1220,6.19,640,70.3,93.6,650,29.55,1340,0.49,42.25,3.9,1117,135.0,12.07,0.0,,,1.2273943424224854,0.0,IB04
2007-11-08,13.68,20.51,1250,6.657,330,83.0,95.0,720,65.05,1210,1.302,288.1,5.86,1340,215.5,11.25,0.0,,,1.4180892705917358,0.0,IB04
2007-11-09,13.53,19.18,1220,8.25,300,80.5,96.0,330,54.58,1210,0.463,27.57,3.469,1054,107.1,7.29,0.2,,,1.0002723932266235,0.0,IB04
2007-11-10,14.2,18.79,1150,9.31,0,80.4,94.8,2310,58.06,1150,0.725,20.04,4.047,1505,230.7,8.94,0.0,,,1.1371208429336548,0.0,IB04
2007-11-11,12.68,19.38,1300,5.926,640,82.5,95.7,720,57.53,1040,0.956,275.6,5.566,1414,236.1,11.32,0.2,,,1.2694064378738403,0.0,IB04
2007-11-12,13.46,20.63,1250,6.123,640,80.9,94.9,710,54.83,1330,0.631,49.83,2.96,1513,218.9,10.6,0.2,,,1.154471516609192,0.0,IB04
2007-11-13,14.25,18.72,1350,11.51,640,77.7,90.2,2230,57.2,1300,0.458,89.2,2.901,1447,251.3,7.24,0.0,,,0.9690532088279724,0.0,IB04
2007-11-14,13.08,18.54,1330,7.18,430,75.5,96.0,530,45.45,1140,0.64,351.9,5.606,1156,291.9,7.78,2.8,,,1.0670980215072632,0.0,IB04
2007-11-15,9.24,14.42,1300,3.462,2350,86.8,96.6,550,66.22,1340,0.916,52.26,5.361,2017,65.39,6.684,12.4,,,0.871699869632721,7.29215669631958,IB04
2007-11-16,5.152,11.89,1030,0.602,540,78.9,95.5,240,49.76,1350,0.54,32.6,3.94,1258,50.19,7.89,0.0,,,0.7639952898025513,0.0,IB04
2007-11-17,6.485,16.48,1330,-0.529,550,76.5,96.1,620,40.32,1400,0.52,358.0,4.684,1339,241.6,9.27,0.2,,,0.8969606757164001,0.0,IB04
2007-11-18,9.32,17.53,1230,-0.595,700,78.0,95.8,710,43.33,1050,1.287,318.8,6.772,1420,249.3,10.16,0.2,,,1.3566511869430542,0.0,IB04
2007-11-19,12.89,19.6,1310,5.588,450,82.8,95.6,510,50.13,1310,0.856,355.0,4.047,1329,257.3,8.34,0.0,,,1.1339819431304932,0.0,IB04
2007-11-20,15.59,23.56,1310,8.78,710,82.2,96.2,730,48.08,1410,0.496,52.43,3.479,1515,191.2,8.57,0.0,,,1.0602331161499023,0.0,IB04
2007-11-21,16.33,21.07,1030,11.91,10,87.6,95.4,2350,74.2,1030,1.254,268.6,5.694,1445,229.4,5.812,4.0,,,1.041995644569397,1.0267534255981443,IB04
2007-11-22,14.96,18.94,1140,10.44,2350,89.7,96.3,0,58.8,1200,0.693,251.1,4.616,157,215.0,3.068,15.4,,,0.9011557102203368,9.312850952148438,IB04
2007-11-23,12.58,18.92,1440,9.18,320,88.4,96.7,740,60.59,1450,0.531,44.31,4.459,2214,22.29,5.645,1.6,,,0.8373160362243652,0.0,IB04
2007-11-24,12.33,16.75,1100,8.92,1920,78.1,89.8,820,53.47,1310,1.027,42.83,3.989,1530,54.78,6.814,0.2,,,1.0747315883636477,0.0,IB04
2007-11-25,12.18,13.17,2220,9.44,30,74.0,85.1,40,66.79,2220,2.433,44.77,6.517,1056,41.92,1.903,0.0,,,1.2086095809936523,0.0,IB04
2007-11-26,12.83,15.47,1150,11.31,610,61.5,72.5,30,45.59,1240,3.032,55.65,8.03,903,111.2,9.77,0.0,,,2.1446568965911865,0.0,IB04
2007-11-27,12.484,13.03,0,11.667,1500,72.298,80.5,2000,62.63,30,2.78,51.252,3.797,1330,61.49,2.772,0.2,,,1.46526,0.0,IB04
2007-11-28,12.66,14.69,1530,10.84,540,86.9,94.1,2310,76.7,0,1.306,36.5,6.448,146,50.83,1.454,5.4,,,0.7740024328231812,2.1670613288879395,IB04
2007-11-29,11.54,14.83,1520,5.596,0,87.0,94.5,2350,74.7,1520,0.367,20.7,3.136,529,26.65,1.891,0.4,,,0.6022045016288757,0.0,IB04
2007-11-30,9.13,17.33,1330,3.002,610,82.7,96.0,740,51.53,1310,0.671,334.0,4.714,1419,250.6,9.22,0.2,,,0.8318250179290771,0.0,IB04
2007-12-01,10.44,17.6,1230,4.927,640,85.7,95.7,840,63.34,1230,0.841,326.5,4.841,1323,214.9,8.07,0.0,,,0.8442572355270386,0.0,IB04
2007-12-02,10.57,17.67,1110,5.128,640,86.2,95.1,750,66.81,1110,0.305,40.37,1.862,1117,116.5,6.045,0.2,,,0.6227812170982361,0.0,IB04
2007-12-03,14.71,19.41,1200,5.856,30,70.3,96.1,210,46.26,1150,1.668,286.7,7.54,1311,261.8,6.097,0.2,,,1.4345061779022217,0.0,IB04
2007-12-04,12.28,19.25,1320,6.591,530,78.8,93.6,2330,49.77,1310,0.617,347.2,3.626,1341,293.0,9.2,0.0,,,0.8456092476844788,0.0,IB04
2007-12-05,11.68,18.45,1310,5.262,640,86.6,95.5,810,67.1,1020,0.797,261.6,4.498,1436,228.2,8.91,0.2,,,0.7988513112068176,0.0,IB04
2007-12-06,11.03,18.49,1110,4.927,430,84.4,95.0,510,57.82,1110,0.623,321.7,4.586,1419,213.2,5.718,0.0,,,0.797497034072876,0.0,IB04
2007-12-07,12.55,18.59,1300,5.395,600,84.3,96.4,820,55.23,2220,1.441,260.6,6.899,2306,344.8,7.29,0.2,,,1.153997540473938,0.0,IB04
2007-12-08,14.25,18.07,1420,7.92,2350,64.91,90.2,0,49.21,1150,1.161,322.5,6.546,323,311.6,6.058,0.0,,,1.117525339126587,0.0,IB04
2007-12-09,16.43,22.4,1020,7.32,110,68.28,95.4,220,45.45,1020,1.684,279.7,7.02,615,245.1,8.94,0.0,,,1.5635082721710205,0.0,IB04
2007-12-10,14.48,15.87,1200,12.3,0,51.73,62.65,320,45.26,1030,1.529,335.8,7.11,819,321.7,9.06,0.0,,,1.437219738960266,0.0,IB04
2007-12-11,12.03,16.13,1330,7.32,0,58.97,73.9,730,40.31,1300,0.819,334.2,3.557,28,349.8,9.18,0.0,,,0.914819061756134,0.0,IB04
2007-12-12,7.22,13.5,1110,1.538,0,73.5,91.0,710,42.59,1350,0.692,42.49,4.204,1038,27.89,8.62,0.0,,,0.7148740887641907,0.0,IB04
2007-12-13,6.19,16.07,1420,-0.328,610,78.3,93.3,320,45.05,1320,0.508,35.44,3.43,1432,102.3,9.25,0.0,,,0.6410577297210693,0.0,IB04
2007-12-14,5.743,15.21,1210,-0.06,600,77.4,93.3,650,43.18,1340,0.404,20.83,2.92,1249,258.4,8.91,0.2,,,0.5602766275405884,0.0,IB04
2007-12-15,6.424,14.22,1230,0.674,10,81.3,94.9,820,55.15,1230,0.831,42.3,4.43,1857,57.05,6.851,1.4,,,0.7466168403625488,0.0,IB04
2007-12-16,5.829,11.3,1100,1.535,2230,79.1,92.9,2300,46.69,1040,1.171,47.63,7.58,1253,72.6,7.32,2.6,,,0.8609033226966858,0.0,IB04
2007-12-17,5.33,12.21,1420,0.803,350,79.6,94.3,450,46.34,1430,0.488,46.67,3.116,757,21.94,8.51,0.0,,,0.546637237071991,0.0,IB04
2007-12-18,6.308,15.06,1420,0.542,640,81.4,93.5,750,48.92,1410,0.408,46.85,3.528,1518,69.66,8.44,0.2,,,0.5507227182388306,0.0,IB04
2007-12-19,7.26,13.95,1200,1.003,510,84.0,94.4,150,62.3,1350,0.619,36.73,3.646,1222,65.7,6.193,0.0,,,0.618322491645813,0.0,IB04
2007-12-20,10.85,14.23,1200,6.056,50,83.3,93.2,150,71.1,1410,0.79,59.85,3.744,1359,141.6,2.449,0.0,,,0.6886980533599854,0.0,IB04
2007-12-21,12.85,15.1,1040,11.11,2210,84.1,93.8,1730,73.1,1050,1.434,61.77,4.537,1036,113.1,2.988,5.0,,,0.83271324634552,1.8472980260849,IB04
2007-12-22,13.61,17.02,1210,11.51,420,85.3,91.9,2030,74.4,1350,1.136,49.49,3.744,53,48.76,4.231,0.8,,,0.8119363784790039,0.0,IB04
2007-12-23,13.16,16.61,1300,11.64,50,86.0,91.7,150,72.1,1230,1.503,45.94,5.165,1708,47.8,4.825,1.2,,,0.9189490675926208,0.0,IB04
2007-12-24,11.6,16.87,1200,4.727,0,79.9,92.1,0,56.87,1140,0.83,32.33,3.391,1445,350.9,7.1,0.0,,,0.8074853420257568,0.0,IB04
2007-12-25,9.09,15.66,1520,3.932,210,83.8,93.8,440,61.27,1510,0.766,343.4,4.39,1635,273.5,8.18,0.2,,,0.7034210562705994,0.0,IB04
2007-12-26,9.59,16.28,1130,4.727,410,82.1,96.0,820,55.67,1400,0.647,37.64,4.4,1512,66.93,7.22,0.0,,,0.7139489650726318,0.0,IB04
2007-12-27,9.25,14.74,1210,3.667,740,72.8,88.5,750,43.72,1350,0.946,41.56,3.783,2126,67.68,8.87,0.0,,,0.8761910200119019,0.0,IB04
2007-12-28,7.24,15.07,1240,1.472,750,76.9,91.6,630,50.61,1140,0.589,38.11,4.194,1449,68.06,8.48,0.0,,,0.6634169816970825,0.0,IB04
2007-12-29,7.18,15.93,1230,0.87,710,79.4,94.0,620,48.86,1200,0.478,22.29,3.009,1230,116.0,8.24,0.2,,,0.6306009888648987,0.0,IB04
2007-12-30,7.35,15.29,1250,0.87,220,83.1,94.6,320,58.04,1210,0.454,356.3,3.312,1649,245.5,4.686,0.0,,,0.6321326494216919,0.0,IB04
2007-12-31,6.416,14.55,1220,0.869,2350,79.7,95.2,820,48.94,1200,0.81,33.12,4.753,1300,85.7,8.78,0.2,,,0.7735333442687988,0.0,IB04
2008-01-01,7.36,14.75,1350,-2.389,720,80.4,95.6,740,58.49,1230,1.646,268.1,6.831,1252,233.2,8.56,0.0,,,1.0062732696533203,0.0,IB04
2008-01-02,11.71,15.41,1300,6.917,310,76.3,95.0,2220,55.34,1310,1.952,259.1,6.86,1158,227.8,7.54,5.6,,,1.187904953956604,2.327591180801392,IB04
2008-01-03,12.52,16.55,1150,6.524,710,85.6,95.8,840,76.2,100,2.56,222.9,10.25,1657,194.0,3.892,5.2,,,0.9751151204109192,2.008485555648804,IB04
2008-01-04,9.7,15.97,1200,5.93,530,82.9,94.3,720,59.34,1310,0.478,8.19,3.41,1222,299.1,6.118,0.0,,,0.67079758644104,0.0,IB04
2008-01-05,12.36,18.13,1240,6.717,2340,75.1,90.8,0,47.92,1240,1.176,265.7,5.733,1433,230.7,8.69,0.0,,,1.1366441249847412,0.0,IB04
2008-01-06,11.27,17.4,1300,5.863,210,89.3,96.2,840,78.5,1120,1.336,270.8,5.939,1307,219.1,8.68,0.2,,,0.8017963171005249,0.0,IB04
2008-01-07,11.52,14.95,1320,7.32,310,93.6,96.3,1040,86.3,1540,0.522,215.6,3.44,1326,229.2,3.579,0.2,,,0.5680369734764099,0.0,IB04
2008-01-08,11.71,15.16,1320,7.32,500,90.9,96.5,630,78.3,1400,0.277,54.03,2.283,957,49.14,2.707,0.2,,,0.5671859383583069,0.0,IB04
2008-01-09,12.89,15.22,1410,11.57,630,90.6,94.8,840,82.4,1210,0.257,0.42,1.637,1408,211.3,2.952,0.4,,,0.5749029517173767,0.0,IB04
2008-01-10,13.01,16.48,1410,11.04,720,91.9,95.6,840,78.1,1410,0.543,38.38,3.126,2354,214.1,4.376,3.8,,,0.6694095134735107,0.8576580286026001,IB04
2008-01-11,14.21,16.15,1350,10.22,2330,85.1,91.1,300,79.7,1340,3.401,223.6,10.24,1956,218.1,4.836,1.6,,,1.0909066200256348,0.0,IB04
2008-01-12,11.53,15.02,1530,8.86,0,58.95,88.5,0,44.93,1310,1.235,305.2,7.07,1213,287.7,8.81,0.0,,,1.153562307357788,0.0,IB04
2008-01-13,10.72,15.47,1150,2.468,740,73.8,91.4,800,59.78,1030,1.799,233.0,5.517,2334,228.5,9.65,0.0,,,1.1523796319961548,0.0,IB04
2008-01-14,12.95,16.77,950,9.37,700,83.5,93.6,1820,71.1,950,1.569,241.3,5.909,1356,221.4,4.721,3.8,,,0.9868764877319336,0.8582538366317749,IB04
2008-01-15,10.36,15.15,1110,2.869,710,80.0,95.2,820,63.43,1500,2.315,251.6,8.76,2204,228.2,9.34,0.2,,,1.2020498514175415,0.0,IB04
2008-01-16,14.09,16.29,1250,11.56,1640,66.69,80.2,30,48.77,2310,3.251,268.0,9.9,235,238.9,2.978,1.0,,,2.093601942062378,0.0,IB04
2008-01-17,13.23,16.87,1320,9.91,2050,57.46,87.1,0,42.98,1400,1.212,289.6,6.047,154,17.17,8.82,0.0,,,1.296721339225769,0.0,IB04
2008-01-18,12.17,20.39,1140,6.589,250,81.4,94.4,610,49.99,1130,0.613,287.8,3.43,1338,212.2,9.54,0.0,,,1.0099093914031982,0.0,IB04
2008-01-19,11.06,19.33,1130,4.927,720,87.2,94.7,800,60.59,1150,0.565,245.0,4.263,1356,226.3,9.92,0.2,,,0.9118922352790833,0.0,IB04
2008-01-20,10.08,16.53,1210,4.266,730,90.3,96.2,920,75.4,1210,0.659,253.6,3.489,1336,242.2,10.21,0.2,,,0.8147163987159729,0.0,IB04
2008-01-21,9.61,15.07,1230,5.061,630,90.8,96.4,940,76.8,1300,0.833,226.6,4.537,1244,227.6,9.72,0.2,,,0.8109976053237915,0.0,IB04
2008-01-22,10.1,17.87,1250,3.592,700,83.1,96.7,810,50.67,1230,0.824,331.3,6.654,1133,238.6,10.18,0.4,,,1.0747289657592771,0.0,IB04
2008-01-23,9.17,16.73,1230,3.538,740,76.3,95.6,540,43.98,1420,0.827,42.04,5.086,1446,67.01,10.43,0.0,,,1.097471833229065,0.0,IB04
2008-01-24,7.71,16.14,1130,0.938,530,82.9,93.7,720,59.16,1110,0.473,0.009,3.263,1237,249.1,10.16,0.2,,,0.8309648633003235,0.0,IB04
2008-01-25,8.1,18.06,1250,1.335,330,79.6,95.5,750,44.51,1300,0.424,23.01,3.116,1450,265.6,10.28,0.0,,,0.9028559923171996,0.0,IB04
2008-01-26,8.56,14.1,1450,2.468,400,86.5,95.0,820,72.9,1410,0.609,40.42,3.861,1445,30.63,3.232,0.2,,,0.6932974457740784,0.0,IB04
2008-01-27,9.47,17.85,1250,3.337,0,83.3,94.7,550,48.18,1250,0.668,1.528,4.41,1520,236.2,10.82,0.0,,,1.0845106840133667,0.0,IB04
2008-01-28,8.6,20.84,1330,0.937,550,78.7,96.5,610,37.84,1150,0.563,50.21,2.96,1343,236.8,11.38,0.2,,,1.1752837896347046,0.0,IB04
2008-01-29,7.94,16.59,1420,-0.529,700,83.4,94.6,2220,55.19,1010,0.695,345.8,3.195,1249,214.0,11.43,0.0,,,1.0415276288986206,0.0,IB04
2008-01-30,8.93,16.01,1110,2.869,620,87.7,96.5,840,67.68,1210,0.69,349.0,4.596,1356,211.2,10.95,0.2,,,0.977675199508667,0.0,IB04
2008-01-31,8.09,15.6,1400,1.933,450,83.3,96.4,910,54.2,1530,0.776,267.9,4.234,1615,249.6,10.6,0.2,,,1.070262789726257,0.0,IB04
2008-02-01,9.02,16.4,1320,0.743,350,84.3,95.4,750,66.35,1320,1.424,230.9,6.125,1333,236.1,9.57,0.0,,,1.1820727586746216,0.0,IB04
2008-02-02,10.62,16.94,1120,7.12,2330,74.8,94.6,830,50.4,1110,1.016,34.32,5.978,1354,51.48,7.44,0.2,,,1.245511531829834,0.0,IB04
2008-02-03,9.3,16.79,1230,3.404,610,80.8,93.3,2330,57.92,1330,0.887,84.3,4.959,1450,205.1,10.08,0.0,,,1.1762683391571045,0.0,IB04
2008-02-04,13.25,18.6,1300,5.194,2340,68.81,93.7,100,28.7,1300,2.013,272.0,7.62,440,240.1,10.41,0.0,,,2.19317626953125,0.0,IB04
2008-02-05,9.2,18.4,1110,1.934,510,78.0,92.2,600,41.45,1110,0.941,327.4,4.763,1515,235.7,12.41,0.0,,,1.4817869663238523,0.0,IB04
2008-02-06,9.54,17.78,1510,1.672,640,80.2,94.9,750,52.38,1500,0.706,32.88,3.724,1348,222.6,12.27,0.2,,,1.259874701499939,0.0,IB04
2008-02-07,10.39,19.45,1430,2.869,620,74.6,93.3,750,41.64,1430,0.779,352.3,5.351,1403,235.5,12.46,0.0,,,1.461270809173584,0.0,IB04
2008-02-08,9.44,19.12,1350,2.269,550,81.0,95.2,740,46.58,1230,0.617,42.07,3.744,1507,220.3,12.86,0.2,,,1.3358591794967651,0.0,IB04
2008-02-09,8.12,16.47,1240,1.412,700,72.9,93.8,20,39.64,1500,0.645,48.13,3.704,1326,73.2,12.89,0.0,,,1.29950749874115,0.0,IB04
2008-02-10,7.53,16.85,1420,0.676,710,75.6,94.6,820,42.37,1430,0.431,52.11,3.175,1251,114.4,11.99,0.0,,,1.1507741212844849,0.0,IB04
2008-02-11,8.29,17.14,1430,1.07,620,75.1,93.8,410,42.26,1430,0.727,50.8,3.793,1547,49.01,11.18,0.2,,,1.3468892574310305,0.0,IB04
2008-02-12,8.42,15.22,1300,3.137,340,76.2,89.1,450,46.87,1440,0.732,37.27,4.067,1403,54.89,8.21,0.0,,,1.2023308277130127,0.0,IB04
2008-02-13,9.02,15.03,1230,4.132,450,80.5,91.3,2340,61.36,1350,0.75,53.49,3.626,1451,77.7,9.12,0.4,,,1.1513069868087769,0.0,IB04
2008-02-14,11.05,16.54,1350,4.204,420,79.2,93.1,550,61.22,1340,1.272,56.53,4.596,1157,35.75,8.18,0.0,,,1.3405078649520874,0.0,IB04
2008-02-15,11.39,15.81,1320,3.069,2350,78.4,92.0,0,58.42,1240,1.61,54.81,5.419,919,65.45,8.92,0.2,,,1.4826149940490725,0.0,IB04
2008-02-16,7.3,17.2,1320,-0.589,700,78.5,95.8,750,42.18,1350,0.614,43.72,4.155,1502,222.1,13.24,0.2,,,1.4033352136611938,0.0,IB04
2008-02-17,8.86,17.94,1300,2.272,320,79.9,93.9,530,47.06,1250,0.558,58.99,3.616,1249,123.5,7.82,0.0,,,1.2101787328720093,0.0,IB04
2008-02-18,12.39,17.61,1220,5.462,20,74.7,90.2,30,56.81,1240,1.354,72.7,5.802,1106,135.9,7.92,0.2,,,1.5197062492370603,0.0,IB04
2008-02-19,12.68,15.42,1400,11.24,750,88.6,93.7,850,78.0,1330,0.803,56.57,3.156,1510,33.66,4.4,1.6,,,0.930240035057068,0.0,IB04
2008-02-20,12.6,14.62,1510,11.24,500,92.2,95.0,820,84.0,1540,0.478,46.91,2.176,1539,61.63,2.387,9.2,,,0.7122957706451416,5.037059307098389,IB04
2008-02-21,11.85,18.25,1420,5.395,0,80.1,94.2,740,53.65,1240,0.55,51.52,3.518,944,29.02,13.58,0.0,,,1.5525437593460083,0.0,IB04
2008-02-22,9.76,16.93,1200,3.135,520,85.0,95.8,810,57.82,1040,0.782,249.5,4.812,1431,201.6,14.09,0.2,,,1.5690701007843018,0.0,IB04
2008-02-23,10.16,18.93,1140,3.931,150,88.2,96.4,810,61.4,1140,0.738,352.5,4.459,1300,241.8,14.02,0.2,,,1.6165004968643188,0.0,IB04
2008-02-24,12.17,17.42,1200,5.462,140,87.2,95.9,330,70.7,1200,0.507,56.37,2.881,1332,56.88,5.98,0.0,,,1.0466742515563965,0.0,IB04
2008-02-25,13.55,19.94,1230,8.45,2340,81.2,95.6,340,50.65,1520,0.474,321.4,3.097,1342,194.7,8.39,0.2,,,1.3689674139022827,0.0,IB04
2008-02-26,12.09,19.25,1310,5.195,630,85.2,95.7,750,58.65,1300,0.844,228.9,4.822,1504,222.9,10.74,0.2,,,1.5817737579345703,0.0,IB04
2008-02-27,12.79,18.05,1310,6.791,210,87.3,96.2,910,72.7,1300,1.053,231.4,4.645,1403,227.0,10.08,0.0,,,1.4527554512023926,0.0,IB04
2008-02-28,12.82,19.2,1220,6.591,500,85.6,95.9,740,60.51,1410,0.66,14.67,3.842,1306,262.9,8.47,0.0,,,1.3936972618103027,0.0,IB04
2008-02-29,12.79,18.25,1420,7.26,450,86.3,95.7,750,70.7,950,0.901,234.3,4.341,1214,230.0,10.13,0.2,,,1.4779826402664185,0.0,IB04
2008-03-01,12.44,18.2,1400,6.257,410,89.0,96.2,900,72.6,1420,1.495,221.5,6.762,1407,224.0,9.59,0.0,,,1.5168012380599976,0.0,IB04
2008-03-02,13.49,19.71,1300,5.855,640,83.0,96.6,800,59.38,1530,1.141,217.8,4.88,1426,200.9,12.06,0.4,,,1.8515626192092896,0.0,IB04
2008-03-03,13.92,20.44,1450,8.05,100,80.4,96.3,830,45.36,1330,0.937,167.1,4.273,1326,213.0,13.96,0.2,,,2.096977472305298,0.0,IB04
2008-03-04,12.16,16.69,930,4.653,2350,59.62,93.5,210,33.04,1150,1.383,344.9,7.22,1255,350.8,16.36,1.0,,,2.347279787063598,0.0,IB04
2008-03-05,7.77,10.38,920,3.991,100,52.77,90.2,120,30.67,1010,2.793,17.14,8.09,1201,334.1,7.43,0.8,,,2.051767349243164,0.0,IB04
2008-03-06,8.52,13.41,1350,3.859,2000,41.92,69.13,2000,23.77,1530,1.295,1.868,5.302,445,12.34,16.28,0.0,,,2.304004430770874,0.0,IB04
2008-03-07,7.13,10.38,1420,2.133,0,75.0,91.4,0,62.74,1550,0.655,2.991,4.626,1019,67.86,4.4,0.2,,,0.9350557923316956,0.0,IB04
2008-03-08,9.05,17.54,1140,1.538,220,76.9,93.5,710,45.59,1130,1.167,326.2,5.459,1342,203.4,15.29,0.2,,,2.1133182048797607,0.0,IB04
2008-03-09,11.46,17.79,1210,4.727,140,79.5,92.8,630,57.06,1520,1.345,233.2,5.713,1102,191.7,16.05,1.4,,,2.1764512062072754,0.0,IB04
2008-03-10,12.06,16.75,1400,4.199,640,75.5,93.9,650,55.88,1340,2.289,265.6,8.39,1252,226.1,10.04,0.0,,,2.010931491851806,0.0,IB04
2008-03-11,16.11,21.65,1130,10.91,2350,63.76,87.6,0,34.83,1110,1.839,260.8,7.17,1458,226.0,15.78,0.0,,,3.105853796005249,0.0,IB04
2008-03-12,14.73,24.3,1400,6.988,540,74.8,94.5,550,33.35,1400,0.734,300.6,4.214,1256,209.1,14.85,0.0,,,2.4459917545318604,0.0,IB04
2008-03-13,13.05,21.75,1040,6.521,540,81.3,94.3,0,44.39,1050,0.923,243.5,5.047,1309,211.9,12.95,0.2,,,2.210470199584961,0.0,IB04
2008-03-14,13.23,20.91,1310,5.596,400,75.0,96.1,840,43.09,1510,0.737,275.2,3.989,1240,225.1,16.58,0.2,,,2.3486268520355225,0.0,IB04
2008-03-15,14.05,21.32,1120,6.398,500,76.6,94.1,0,46.83,1150,1.031,251.8,5.008,1400,240.9,14.43,0.0,,,2.366784811019897,0.0,IB04
2008-03-16,13.79,20.32,1030,7.59,540,80.5,96.2,710,55.54,1000,1.349,194.5,6.84,1404,198.8,18.46,0.2,,,2.646559953689575,0.0,IB04
2008-03-17,12.65,19.97,1430,4.534,620,77.4,93.2,710,47.1,1450,1.094,211.6,4.606,1348,226.6,17.42,0.0,,,2.535997152328491,0.0,IB04
2008-03-18,13.98,20.17,1340,8.25,510,68.87,94.1,710,39.97,1150,0.767,329.5,4.606,909,261.1,16.46,0.0,,,2.441506862640381,0.0,IB04
2008-03-19,12.44,19.38,1050,5.462,530,77.5,92.3,640,41.84,1050,1.067,72.7,4.851,1121,208.0,17.68,0.8,,,2.59488296508789,0.0,IB04
2008-03-20,10.91,16.53,1330,1.933,0,53.64,90.7,10,20.82,1500,1.718,50.67,6.831,1043,26.36,18.24,0.0,,,2.972442626953125,0.0,IB04
2008-03-21,9.82,15.87,1210,0.207,510,73.1,87.6,610,49.33,1140,3.171,245.0,9.06,1346,229.3,13.21,0.0,,,2.574218273162842,0.0,IB04
2008-03-22,13.92,19.09,1440,8.32,0,61.75,90.5,0,32.78,1440,1.12,342.1,5.576,23,228.0,10.24,3.2,,,2.238553285598755,0.3442449867725372,IB04
2008-03-23,9.28,13.55,1550,5.93,630,65.34,92.6,120,38.89,2130,1.571,319.4,6.713,2240,282.3,11.75,3.2,,,2.1020290851593018,0.344142198562622,IB04
2008-03-24,13.36,17.6,1540,8.65,310,48.89,74.2,2130,31.1,1520,2.492,279.5,8.97,620,266.0,16.76,0.0,,,3.448382616043091,0.0,IB04
2008-03-25,15.66,20.52,1530,10.45,540,53.45,76.6,2230,33.76,1440,1.488,287.1,6.723,1208,272.5,20.3,0.0,,,3.4390525817871094,0.0,IB04
2008-03-26,14.34,21.79,1120,8.95,1800,57.26,89.4,1800,28.49,1050,1.916,300.2,7.42,2258,272.8,16.31,3.4,,,3.482368230819702,0.5195288062095642,IB04
2008-03-27,14.36,18.27,1300,10.38,330,54.57,71.6,1900,34.37,1150,2.022,286.0,6.723,1508,261.8,15.47,0.0,,,3.2450501918792725,0.0,IB04
2008-03-28,14.54,20.05,1050,8.92,600,66.13,88.1,2350,42.9,1050,1.275,117.4,5.958,1544,224.9,20.68,0.0,,,3.1677565574646,0.0,IB04
2008-03-29,13.82,20.74,1010,6.858,440,72.1,92.3,520,42.65,1000,1.272,215.2,5.88,1407,242.4,18.42,0.0,,,2.980297803878784,0.0,IB04
2008-03-30,15.07,22.49,1410,8.19,250,70.2,90.6,400,33.49,1130,1.046,133.2,5.429,1042,119.0,19.89,0.6,,,3.2455787658691406,0.0,IB04
2008-03-31,13.06,18.2,1520,7.99,2250,67.15,89.9,0,38.84,1550,1.168,355.9,5.733,1243,290.3,17.31,1.6,,,2.7695791721343994,0.0,IB04
2008-04-01,12.67,18.86,1410,5.594,0,57.94,88.9,350,31.23,1420,1.284,19.81,6.889,1202,26.55,13.89,0.0,,,2.676422119140625,0.0,IB04
2008-04-02,13.49,23.5,1230,3.07,340,63.69,90.8,550,30.75,1240,1.287,262.4,5.958,1509,228.9,17.66,0.0,,,3.3095743656158447,0.0,IB04
2008-04-03,13.76,21.91,1030,6.398,600,74.9,92.7,620,31.97,950,1.163,171.4,6.36,1218,221.8,21.3,0.0,,,3.409733772277832,0.0,IB04
2008-04-04,13.01,19.41,1220,6.131,2310,63.43,92.7,240,38.18,1220,1.516,51.87,5.909,801,60.71,16.26,0.0,,,2.9268016815185547,0.0,IB04
2008-04-05,11.27,18.46,1110,2.267,430,74.6,91.5,600,45.88,920,1.646,237.2,6.556,1348,243.8,21.8,0.0,,,3.168174743652344,0.0,IB04
2008-04-06,12.38,19.65,1200,3.597,350,80.7,93.7,610,62.05,1440,1.33,213.0,5.968,1409,194.9,20.89,0.0,,,2.915485143661499,0.0,IB04
2008-04-07,14.26,20.06,1440,8.59,20,72.4,94.0,230,47.71,1500,1.417,57.29,5.958,709,27.7,17.4,0.0,,,2.9486989974975586,0.0,IB04
2008-04-08,16.49,21.85,1300,10.58,110,74.0,91.8,620,34.23,1020,2.457,221.3,8.82,957,210.5,20.93,0.0,,,4.111041069030762,0.0,IB04
2008-04-09,17.59,22.12,1410,14.3,100,77.8,89.8,420,51.71,1410,2.104,225.5,7.34,1044,242.6,14.71,0.2,,,3.166557788848877,0.0,IB04
2008-04-10,17.48,21.39,1500,15.1,500,79.8,90.8,510,64.12,1510,2.119,209.7,6.831,2232,229.5,12.24,0.0,,,2.618536233901977,0.0,IB04
2008-04-11,16.57,20.65,1050,10.91,0,63.92,87.4,640,35.43,1330,2.777,242.0,7.91,1011,248.6,21.1,0.0,,,4.166361808776856,0.0,IB04
2008-04-12,12.0,16.76,1610,6.799,0,74.6,90.7,2320,48.2,1010,0.985,64.29,4.655,1234,226.4,9.49,0.2,,,1.933062195777893,0.0,IB04
2008-04-13,12.98,19.85,1130,4.0,410,77.7,93.8,610,48.84,1500,1.465,220.7,6.145,1611,232.1,22.24,0.0,,,3.339787244796753,0.0,IB04
2008-04-14,14.48,20.18,1300,7.45,0,62.5,90.3,220,38.03,1110,1.374,273.5,5.517,626,34.34,22.66,0.0,,,3.610304355621338,0.0,IB04
2008-04-15,13.13,22.11,1330,4.795,420,60.93,92.9,650,15.15,1320,1.06,10.46,6.252,1222,276.5,23.33,0.0,,,3.7922379970550537,0.0,IB04
2008-04-16,12.82,18.53,1130,5.863,520,68.93,85.3,0,44.27,930,1.045,141.7,5.517,1459,242.3,14.91,0.0,,,2.6070210933685303,0.0,IB04
2008-04-17,14.99,19.34,1450,9.92,110,74.9,90.1,550,47.26,1810,2.259,237.1,8.4,1453,230.0,15.18,0.0,,,3.1052584648132324,0.0,IB04
2008-04-18,15.36,19.81,1150,9.91,30,78.0,91.3,710,50.49,0,3.012,235.5,10.79,1128,275.2,14.17,0.2,,,3.169785022735596,0.0,IB04
2008-04-19,16.64,20.72,1200,12.24,540,65.2,78.7,0,50.0,850,2.696,225.3,7.13,1649,205.7,23.16,0.0,,,4.197603225708008,0.0,IB04
2008-04-20,15.82,19.16,1300,11.64,110,76.9,87.3,220,45.72,1640,3.156,218.0,9.7,1124,265.3,9.71,0.0,,,3.006105661392212,0.0,IB04
2008-04-21,16.95,21.53,1130,13.64,10,57.0,77.4,2130,36.1,1310,2.678,258.6,7.68,1452,221.5,19.43,0.0,,,4.361192226409912,0.0,IB04
2008-04-22,16.38,22.19,1420,9.72,0,55.01,88.2,0,24.42,1420,1.763,278.9,6.429,1220,267.4,22.55,0.0,,,4.299051284790039,0.0,IB04
2008-04-23,16.26,25.09,1340,7.53,520,66.42,92.2,730,33.21,1430,1.292,285.9,6.399,1503,234.4,24.06,0.0,,,4.255604267120361,0.0,IB04
2008-04-24,16.55,22.76,1230,9.52,450,70.3,88.0,510,49.37,1000,1.288,211.2,5.351,1118,231.4,24.19,0.0,,,3.962955236434937,0.0,IB04
2008-04-25,16.46,23.3,1220,8.59,450,60.26,87.8,530,32.36,1000,1.487,242.8,5.909,1142,236.3,23.87,0.0,,,4.265735626220703,0.0,IB04
2008-04-26,16.41,24.03,1330,7.2,540,66.22,87.0,550,35.17,910,1.152,219.9,4.812,1236,210.2,24.75,0.0,,,4.183918952941895,0.0,IB04
2008-04-27,16.85,23.84,1010,10.92,340,74.1,92.6,350,43.23,1010,1.479,87.5,7.21,1519,246.9,24.22,0.0,,,4.216145038604736,0.0,IB04
2008-04-28,15.8,21.38,1230,8.99,350,78.5,90.9,2250,49.37,1110,1.276,217.8,5.125,1129,228.1,20.0,2.0,,,3.4283363819122314,0.0,IB04
2008-04-29,16.07,21.58,1100,12.18,520,75.7,93.1,320,48.43,1110,1.687,106.5,6.154,1155,238.6,23.99,0.0,,,4.015321254730225,0.0,IB04
2008-04-30,18.16,25.03,1300,11.65,2350,62.81,90.6,420,24.61,1630,1.218,325.5,5.018,806,233.9,25.27,0.0,,,4.587750911712647,0.0,IB04
2008-05-01,16.95,25.1,1500,9.06,420,64.59,92.4,430,24.21,1620,1.293,79.2,6.948,1412,267.9,25.46,0.0,,,4.606262683868408,0.0,IB04
2008-05-02,18.04,27.21,1320,8.26,500,50.35,89.6,610,18.47,1530,0.861,68.01,5.635,1342,112.5,24.77,0.0,,,4.420382976531982,0.0,IB04
2008-05-03,18.24,27.56,1120,11.45,410,51.64,80.6,420,15.34,1140,1.085,53.01,5.576,1436,230.0,22.53,0.0,,,4.562358379364014,0.0,IB04
2008-05-04,16.96,25.85,930,9.46,450,67.62,83.3,450,21.21,930,1.29,232.3,5.635,1232,246.2,25.8,0.0,,,4.809641361236572,0.0,IB04
2008-05-05,17.69,23.9,1110,11.04,210,61.94,85.9,220,30.15,1100,1.385,211.1,5.919,1229,219.6,24.24,0.0,,,4.476346015930176,0.0,IB04
2008-05-06,18.26,24.71,930,11.11,240,65.83,87.6,0,32.82,1300,1.377,246.6,5.723,1349,232.5,23.78,0.0,,,4.467992305755615,0.0,IB04
2008-05-07,19.66,27.15,1210,13.51,310,66.28,90.8,400,33.33,1440,1.234,76.0,23.61,1009,114.6,23.2,1.8,,,4.563866138458252,0.0,IB04
2008-05-08,18.43,23.97,1230,15.17,540,70.6,85.5,2330,48.49,1230,1.422,61.36,5.498,1149,101.3,11.48,0.2,,,2.9348769187927246,0.0,IB04
2008-05-09,16.49,18.48,940,15.62,1450,91.1,95.5,1720,81.8,950,1.148,58.18,3.724,334,41.53,1.636,35.8,,,0.8937171697616577,21.71779441833496,IB04
2008-05-10,16.96,21.26,1250,11.51,0,80.8,96.2,320,63.4,1720,2.503,203.8,7.23,1542,204.2,19.46,46.4,,,3.421792984008789,27.77108764648437,IB04
2008-05-11,13.48,16.49,1100,11.18,520,91.1,96.0,740,72.9,1110,1.15,85.9,4.684,1048,187.7,5.521,24.0,,,1.3759320974349976,14.78194522857666,IB04
2008-05-12,15.48,19.66,1640,11.71,310,81.3,94.9,450,59.33,1640,0.809,23.39,4.038,1101,256.2,13.6,2.0,,,2.479605436325073,0.0,IB04
2008-05-13,18.17,23.7,1440,12.05,2340,64.03,90.7,0,31.75,1650,0.801,356.7,3.43,936,342.0,23.0,0.2,,,4.029463291168213,0.0,IB04
2008-05-14,16.66,21.51,1230,10.58,430,79.8,93.5,0,56.97,1300,1.276,233.7,5.733,1327,240.0,22.79,0.0,,,3.764861583709717,0.0,IB04
2008-05-15,17.77,23.78,1130,11.85,420,81.5,95.7,540,60.17,1140,1.055,240.0,6.076,1445,218.7,19.86,0.0,,,3.5042402744293213,0.0,IB04
2008-05-16,19.72,25.16,1230,15.1,510,69.45,90.6,420,41.62,1130,0.847,286.0,5.067,1423,215.2,15.43,0.2,,,3.246610403060913,0.0,IB04
2008-05-17,18.61,22.71,1350,14.63,0,79.7,92.4,0,61.91,1400,1.388,220.6,5.272,1558,233.5,19.78,0.4,,,3.581687688827514,0.0,IB04
2008-05-18,16.41,23.71,1020,12.05,450,83.0,95.5,550,48.56,1050,0.773,43.44,6.233,1230,221.3,13.59,1.0,,,2.7371251583099365,0.0,IB04
2008-05-19,14.77,19.06,1530,12.76,450,89.3,96.4,830,64.33,1550,0.44,25.6,3.665,426,243.9,8.27,31.4,,,1.70216965675354,19.215394973754883,IB04
2008-05-20,17.91,21.72,1240,12.18,0,69.12,87.9,0,50.11,1450,2.101,251.3,7.04,1121,250.2,26.6,0.0,,,4.59537410736084,0.0,IB04
2008-05-21,18.4,24.77,1310,10.06,510,73.7,94.4,530,44.29,1340,1.606,219.7,6.35,1251,208.1,27.53,0.2,,,4.8547234535217285,0.0,IB04
2008-05-22,18.26,23.1,1210,12.31,420,84.2,95.7,440,67.98,1150,1.476,211.8,6.409,1528,229.4,22.49,0.0,,,3.798559188842773,0.0,IB04
2008-05-23,19.3,23.77,1600,14.37,310,80.6,95.3,320,52.43,1600,1.102,215.0,5.272,1206,228.2,24.63,0.2,,,4.308244228363037,0.0,IB04
2008-05-24,18.21,20.88,930,15.63,40,87.6,93.0,100,74.4,820,0.884,15.06,4.988,1004,232.7,4.224,7.2,,,1.334209680557251,3.564565420150757,IB04
2008-05-25,18.59,23.52,1250,14.9,2220,80.8,93.3,510,62.93,1610,1.709,38.15,5.302,1002,59.61,12.06,4.6,,,2.758643388748169,1.5291458368301392,IB04
2008-05-26,18.36,23.11,1410,14.3,450,81.2,95.6,620,63.73,1630,0.863,360.0,4.596,1157,226.1,14.45,6.0,,,2.794772863388061,2.651089191436768,IB04
2008-05-27,17.04,20.07,1240,13.9,2310,80.8,94.3,0,65.47,1250,2.073,252.8,7.01,1230,229.8,19.03,3.8,,,3.323951482772827,0.8626526594161987,IB04
2008-05-28,17.33,20.98,1450,13.97,420,81.9,94.6,400,64.59,1450,1.301,154.1,5.018,1343,219.0,11.88,0.2,,,2.468070268630981,0.0,IB04
2008-05-29,18.88,22.71,1010,12.77,500,76.1,94.4,530,55.11,1810,2.078,236.4,6.86,1145,225.7,27.37,0.0,,,4.679439544677734,0.0,IB04
2008-05-30,19.31,24.17,1420,12.97,410,76.1,92.1,500,43.76,1750,1.644,221.9,6.762,1235,212.4,25.07,0.0,,,4.668786525726318,0.0,IB04
2008-05-31,19.55,26.16,1430,14.77,300,74.8,90.6,710,48.88,1430,0.911,338.2,3.822,1330,262.1,16.47,1.6,,,3.4154603481292725,0.0,IB04
2008-06-01,17.49,20.65,1530,15.36,420,86.0,94.0,830,72.9,1550,1.614,223.0,5.88,1631,249.2,14.0,17.4,,,2.650243043899536,10.661417007446287,IB04
2008-06-02,18.97,23.18,1250,14.57,430,81.8,93.9,440,63.64,1210,1.408,228.5,5.302,1557,225.7,25.93,0.0,,,4.386000633239746,0.0,IB04
2008-06-03,20.13,26.81,1440,14.37,500,71.7,94.4,530,33.67,1440,0.725,7.77,5.537,1110,264.1,26.33,0.0,,,4.723167419433594,0.0,IB04
2008-06-04,19.31,23.97,1240,12.84,440,77.4,94.7,520,55.84,900,1.517,247.5,5.753,1442,217.3,26.61,0.2,,,4.621062755584717,0.0,IB04
2008-06-05,19.3,23.85,1430,13.51,430,81.2,94.4,310,63.58,1430,1.571,219.1,6.115,1207,215.7,21.43,3.6,,,3.8854010105133057,0.6926897168159485,IB04
2008-06-06,18.92,24.97,1350,14.7,0,75.3,93.5,20,39.22,1350,1.361,19.38,6.35,1407,230.0,20.0,0.0,,,4.104411602020264,0.0,IB04
2008-06-07,18.63,24.57,1300,12.91,320,70.3,94.6,510,41.76,930,1.19,147.3,5.106,1712,168.4,21.76,2.0,,,4.137106418609619,0.0,IB04
2008-06-08,18.16,22.84,1350,13.97,2320,73.9,91.9,20,52.98,1120,1.058,32.39,5.684,1143,217.5,19.12,0.0,,,3.562164068222046,0.0,IB04
2008-06-09,18.87,24.43,1450,11.91,340,75.0,92.9,340,56.65,1040,1.281,56.27,5.459,1003,53.44,24.55,0.0,,,4.326981067657471,0.0,IB04
2008-06-10,20.99,27.09,1510,17.69,250,76.6,92.1,0,58.75,1600,1.365,88.4,5.223,1318,142.8,14.65,0.4,,,3.342533826828003,0.0,IB04
2008-06-11,19.5,24.71,1240,16.55,2340,86.8,95.1,600,55.76,1310,0.727,41.53,5.243,1540,229.1,11.14,6.4,,,2.5000152587890625,2.960803985595703,IB04
2008-06-12,20.5,25.5,1420,14.3,450,76.9,95.7,510,53.49,1450,1.524,227.8,6.292,1511,232.4,26.68,0.2,,,4.848345279693604,0.0,IB04
2008-06-13,20.28,24.3,1250,14.11,500,82.7,94.4,400,69.77,1250,1.936,221.0,6.096,1517,228.0,27.57,0.0,,,4.656503677368164,0.0,IB04
2008-06-14,20.58,24.58,1440,16.43,500,77.4,93.4,430,56.9,1040,0.78,66.98,3.45,1741,234.2,14.91,0.6,,,3.057405471801758,0.0,IB04
2008-06-15,21.06,25.17,1200,16.56,110,78.0,92.4,340,55.7,1610,1.175,240.0,5.223,1402,205.6,22.76,0.2,,,4.297010898590088,0.0,IB04
2008-06-16,20.63,25.5,1410,13.64,440,82.9,93.6,310,59.16,1420,1.635,217.8,6.203,1500,206.6,26.56,0.0,,,4.783059597015381,0.0,IB04
2008-06-17,22.5,29.28,1300,16.23,0,71.9,94.7,320,33.87,1610,0.904,18.92,3.989,1238,310.8,25.13,0.2,,,4.96747636795044,0.0,IB04
2008-06-18,20.75,25.37,1340,13.44,450,72.7,90.7,500,54.28,720,1.707,229.3,6.096,1406,219.3,28.43,0.0,,,5.120506286621094,0.0,IB04
2008-06-19,21.32,26.56,1310,13.84,430,70.2,92.4,130,40.54,1600,1.378,223.7,5.321,1120,214.7,28.47,0.0,,,5.324166774749756,0.0,IB04
2008-06-20,22.68,28.34,1100,15.43,330,66.92,91.6,420,42.01,1440,1.344,230.4,5.586,1450,237.6,28.42,0.0,,,5.512766361236572,0.0,IB04
2008-06-21,23.73,33.46,1030,16.43,220,63.44,88.6,230,27.13,1010,1.266,300.9,6.644,1235,244.4,28.31,0.0,,,6.153886795043945,0.0,IB04
2008-06-22,26.19,35.43,1450,16.44,450,48.84,80.1,350,18.26,1340,0.886,60.6,4.714,1053,136.8,28.35,0.0,,,6.010923385620117,0.0,IB04
2008-06-23,26.85,35.5,1340,18.69,250,52.34,77.6,250,25.66,1230,1.194,64.19,4.665,1115,110.4,25.92,0.0,,,6.095003128051758,0.0,IB04
2008-06-24,24.47,29.49,910,19.09,340,73.0,87.2,0,53.75,910,2.046,218.1,7.39,1333,210.3,25.92,0.0,,,5.528804779052734,0.0,IB04
2008-06-25,25.94,32.19,1210,20.87,10,67.47,88.5,0,34.79,1250,1.281,253.8,5.076,1341,234.5,27.09,0.0,,,5.9355010986328125,0.0,IB04
2008-06-26,25.68,32.45,1320,19.02,500,68.01,92.8,510,37.13,1230,1.477,226.6,4.91,1118,237.3,26.99,0.0,,,5.969433784484863,0.0,IB04
2008-06-27,24.95,30.61,1640,19.29,410,65.15,92.1,340,40.07,1640,0.719,50.06,4.381,1124,151.7,17.4,0.0,,,3.8969767093658447,0.0,IB04
2008-06-28,24.84,30.27,1220,18.02,330,66.35,87.5,340,35.07,1350,1.855,234.1,6.154,1254,240.5,27.68,0.0,,,6.095338344573975,0.0,IB04
2008-06-29,24.67,30.8,1420,17.5,510,68.2,91.0,520,47.31,750,1.438,210.7,5.527,1204,237.5,27.62,0.0,,,5.692225456237793,0.0,IB04
2008-06-30,25.74,33.45,1020,19.02,130,59.52,88.3,300,29.93,1020,1.265,0.051,5.537,1353,229.8,27.32,0.0,,,6.064570426940918,0.0,IB04
2008-07-01,25.43,32.92,1150,19.02,500,66.43,88.9,0,32.19,1150,1.427,224.4,6.409,1404,218.0,26.38,0.0,,,5.980921268463135,0.0,IB04
2008-07-02,24.91,29.2,1440,18.89,420,73.0,89.7,40,50.27,1430,1.386,241.6,6.625,1254,230.3,26.75,0.0,,,5.42901611328125,0.0,IB04
2008-07-03,25.51,33.91,1540,20.21,330,72.8,92.7,420,34.79,1530,1.703,72.5,5.116,958,216.9,26.13,0.0,,,6.229047775268555,0.0,IB04
2008-07-04,23.81,28.48,1010,18.29,510,68.05,85.8,2310,42.75,940,1.586,200.8,5.596,1223,229.3,27.76,0.0,,,5.6603875160217285,0.0,IB04
2008-07-05,24.66,31.13,1320,17.3,330,63.48,84.6,0,27.67,1310,1.359,245.2,5.116,1542,228.3,27.27,0.0,,,5.882029056549072,0.0,IB04
2008-07-06,24.97,29.53,1320,17.62,410,70.9,90.5,0,53.27,700,1.605,210.2,5.547,1411,227.6,26.49,0.0,,,5.410350799560547,0.0,IB04
2008-07-07,25.23,31.53,1130,20.94,0,73.5,91.0,300,45.0,1140,1.534,72.2,5.762,1348,231.2,23.87,0.0,,,5.386237621307373,0.0,IB04
2008-07-08,24.78,29.8,1120,20.74,2310,65.7,84.7,20,43.94,1120,1.661,47.88,6.017,1633,224.7,26.63,0.0,,,5.739710807800293,0.0,IB04
2008-07-09,24.38,30.94,1010,18.55,410,69.17,87.6,440,42.93,1020,1.554,224.9,5.998,1428,228.1,26.32,0.0,,,5.6657328605651855,0.0,IB04
2008-07-10,24.75,29.53,1520,18.15,410,68.4,88.5,330,46.03,820,1.484,229.2,6.458,1125,223.9,25.49,0.0,,,5.337525367736816,0.0,IB04
2008-07-11,25.16,29.67,1440,18.62,500,71.7,87.7,420,50.8,1230,1.521,224.8,5.508,1458,229.8,26.81,0.0,,,5.509646415710449,0.0,IB04
2008-07-12,26.0,30.08,930,20.8,450,72.5,89.6,510,57.53,1410,1.758,222.2,5.606,1133,203.3,24.63,0.0,,,5.266585826873779,0.0,IB04
2008-07-13,23.21,27.88,1510,18.29,2350,66.97,79.8,0,48.34,1510,1.513,57.07,5.704,119,28.05,14.35,0.0,,,3.743997812271118,0.0,IB04
2008-07-14,22.35,29.01,1110,16.1,450,62.21,87.0,500,36.14,1110,0.856,55.71,5.576,1256,213.8,15.39,0.0,,,3.58974027633667,0.0,IB04
2008-07-15,23.61,30.6,1200,16.37,220,53.49,80.3,240,32.74,1630,1.037,60.06,5.811,1407,236.5,25.57,0.0,,,5.25136137008667,0.0,IB04
2008-07-16,24.52,32.46,1300,20.28,320,61.93,79.4,2340,33.93,1250,1.3,60.12,7.07,1410,213.5,19.51,0.0,,,4.929593086242676,0.0,IB04
2008-07-17,24.37,30.41,1250,21.01,450,77.4,91.0,220,48.48,1140,1.073,44.33,5.831,1241,207.9,15.45,0.8,,,3.735779285430908,0.0,IB04
2008-07-18,24.92,31.19,1150,19.69,500,64.68,90.8,240,40.06,1140,1.478,118.5,5.351,1343,219.2,26.5,0.0,,,5.699388027191162,0.0,IB04
2008-07-19,24.38,30.48,940,16.97,500,64.21,85.9,340,38.35,910,1.464,216.0,5.939,1419,208.2,26.38,0.0,,,5.579546928405762,0.0,IB04
2008-07-20,25.64,32.67,1010,17.36,400,58.62,89.7,420,26.73,1540,1.301,236.0,6.086,1204,227.1,24.94,0.0,,,5.617311000823975,0.0,IB04
2008-07-21,24.93,30.13,1400,20.4,130,60.83,85.6,340,39.27,1250,1.534,56.42,5.978,928,9.66,23.98,0.0,,,5.349642276763916,0.0,IB04
2008-07-22,23.7,28.34,1350,17.63,440,65.08,83.5,450,46.35,920,1.493,197.2,5.713,1411,210.6,23.14,0.0,,,4.884247779846191,0.0,IB04
2008-07-23,23.49,28.35,1350,17.43,510,69.62,88.6,540,50.14,1500,1.672,222.0,5.978,1306,209.2,24.13,0.0,,,4.978898525238037,0.0,IB04
2008-07-24,24.36,29.94,1200,17.7,400,64.85,85.4,220,41.22,1920,1.337,244.0,5.664,1335,243.4,22.9,0.0,,,4.954508304595947,0.0,IB04
2008-07-25,25.49,31.19,1550,18.82,400,65.51,82.6,120,46.26,1650,1.204,232.4,5.625,1334,213.9,25.08,0.0,,,5.273867607116699,0.0,IB04
2008-07-26,25.72,30.4,1400,20.87,140,70.8,86.1,150,51.33,1440,1.328,218.2,5.076,1506,226.7,24.84,0.0,,,5.226961612701416,0.0,IB04
2008-07-27,25.83,31.59,1010,20.35,450,69.55,87.8,510,39.73,950,1.504,209.4,6.37,1254,223.1,25.02,0.0,,,5.563371658325195,0.0,IB04
2008-07-28,25.23,30.69,910,20.01,420,76.5,91.3,500,50.88,910,1.484,244.4,6.742,1422,214.7,25.23,0.0,,,5.294552803039551,0.0,IB04
2008-07-29,27.06,35.18,1530,19.09,500,61.25,90.9,530,27.26,1540,1.347,55.12,5.517,1628,167.2,25.33,0.0,,,5.952028751373291,0.0,IB04
2008-07-30,28.62,37.95,1340,19.29,410,48.96,86.1,50,16.59,1320,1.21,77.3,5.331,1530,182.6,25.63,0.0,,,6.239850997924805,0.0,IB04
2008-07-31,27.62,37.23,1350,20.42,430,61.53,86.0,2340,20.52,1420,1.325,84.4,5.743,1632,233.4,25.08,0.0,,,6.25054931640625,0.0,IB04
2008-08-01,26.53,31.13,1010,21.54,350,71.7,89.8,320,49.13,1000,1.289,172.8,6.096,1311,214.7,23.86,0.0,,,5.128046035766602,0.0,IB04
2008-08-02,27.16,33.18,1200,22.47,2340,67.32,83.7,430,38.99,1200,1.455,95.7,5.802,1346,211.3,24.33,0.0,,,5.665535926818848,0.0,IB04
2008-08-03,25.78,32.46,1000,19.49,440,67.35,87.8,500,32.86,1000,1.321,222.2,5.586,1050,242.3,24.81,0.0,,,5.5070576667785645,0.0,IB04
2008-08-04,26.23,32.45,1240,18.96,440,65.94,87.3,400,36.93,950,1.278,249.0,4.929,1441,230.8,24.77,0.0,,,5.408690929412842,0.0,IB04
2008-08-05,26.42,33.68,910,18.69,440,60.28,87.5,450,24.27,910,1.233,270.1,4.841,1551,240.1,24.73,0.0,,,5.587556838989258,0.0,IB04
2008-08-06,27.27,34.06,930,20.15,520,51.96,72.2,10,26.46,930,1.115,264.3,6.203,1313,208.8,24.54,0.0,,,5.538122177124023,0.0,IB04
2008-08-07,26.07,31.32,1340,18.69,530,67.42,86.1,2110,40.72,740,1.349,207.8,6.037,1316,240.2,22.44,0.0,,,4.976873397827148,0.0,IB04
2008-08-08,26.4,31.92,1340,22.67,2220,62.74,85.4,210,38.73,1410,1.457,59.39,5.606,736,57.7,21.93,0.0,,,5.168430805206299,0.0,IB04
2008-08-09,25.5,30.13,1200,20.48,510,63.2,79.8,430,44.49,900,1.452,215.8,5.743,1145,176.7,20.96,0.0,,,4.768242359161377,0.0,IB04
2008-08-10,25.42,30.73,1100,19.55,350,69.93,87.0,530,45.67,1050,1.477,215.8,5.684,1430,208.7,24.13,0.0,,,5.154485702514648,0.0,IB04
2008-08-11,25.82,30.99,1200,19.68,530,73.1,89.3,450,51.0,1050,1.525,203.1,6.125,1303,225.0,22.95,0.0,,,4.948994159698486,0.0,IB04
2008-08-12,26.91,32.19,1410,21.81,430,75.7,88.9,420,54.06,1520,1.68,206.9,5.978,1319,214.2,23.62,0.0,,,5.239081382751465,0.0,IB04
2008-08-13,25.68,30.59,1400,21.61,2350,65.78,88.0,210,45.26,1410,1.907,57.6,5.733,811,52.58,23.13,0.0,,,5.268777847290039,0.0,IB04
2008-08-14,25.64,31.86,1100,19.88,220,64.52,78.3,230,33.26,1100,1.609,180.2,5.606,1203,223.5,21.77,0.0,,,5.27326774597168,0.0,IB04
2008-08-15,24.0,27.55,1410,16.83,2340,54.57,91.7,510,32.21,1410,1.085,343.8,5.713,1135,343.1,24.63,3.4,,,4.719457626342773,0.5209365487098694,IB04
2008-08-16,22.78,28.41,1320,14.7,540,64.47,83.6,550,44.41,1210,1.474,191.6,5.527,1359,247.1,22.54,0.0,,,4.592357158660889,0.0,IB04
2008-08-17,24.29,29.6,1310,18.22,510,69.06,89.5,550,46.07,1050,1.388,202.8,5.312,1200,218.6,22.85,0.0,,,4.715367794036865,0.0,IB04
2008-08-18,25.45,32.32,1630,18.35,500,66.65,91.2,550,32.6,1630,1.401,124.8,6.625,1305,231.1,23.93,0.0,,,5.267651081085205,0.0,IB04
2008-08-19,25.57,32.32,1030,19.02,550,72.6,87.4,230,45.66,1020,1.464,263.0,5.909,1523,256.5,22.18,0.0,,,4.93759822845459,0.0,IB04
2008-08-20,26.02,31.85,1320,21.07,0,65.61,86.2,300,40.79,1400,1.407,59.94,4.586,807,39.6,23.37,0.0,,,5.142258167266846,0.0,IB04
2008-08-21,24.45,30.4,1010,18.96,320,67.91,85.4,350,43.93,1030,1.406,186.3,6.537,1335,224.7,23.15,0.0,,,4.866634368896484,0.0,IB04
2008-08-22,24.65,30.81,1000,18.49,500,72.4,88.9,550,47.08,950,1.163,303.4,5.272,1255,238.4,17.82,0.0,,,3.9798450469970703,0.0,IB04
2008-08-23,24.36,29.86,1440,19.95,0,63.8,80.1,0,42.33,1510,1.28,58.14,5.165,139,51.27,16.52,0.0,,,3.969069480895996,0.0,IB04
2008-08-24,23.9,28.6,1310,18.29,440,69.05,84.2,550,53.93,1310,1.51,216.9,5.89,1257,203.5,21.31,0.0,,,4.363251209259033,0.0,IB04
2008-08-25,25.02,29.93,1020,19.35,520,69.52,88.1,600,43.93,1210,1.375,212.1,5.88,1318,230.8,22.78,0.0,,,4.722768783569336,0.0,IB04
2008-08-26,25.29,31.72,1030,19.68,520,64.24,87.6,600,35.6,1030,1.284,104.1,5.468,1352,224.7,21.24,0.0,,,4.715664863586426,0.0,IB04
2008-08-27,24.34,32.31,1220,18.82,540,66.18,83.5,540,33.59,1130,1.169,64.58,6.213,1248,221.1,22.3,0.0,,,4.808352470397949,0.0,IB04
2008-08-28,23.74,31.33,1050,16.96,450,68.01,83.9,520,33.13,1040,1.249,16.68,5.625,1322,200.0,22.62,0.0,,,4.7705078125,0.0,IB04
2008-08-29,23.84,31.33,1020,16.37,550,66.0,89.2,610,29.33,1020,1.343,53.68,5.674,1330,215.4,22.53,0.0,,,4.83221435546875,0.0,IB04
2008-08-30,23.97,30.69,930,16.04,530,64.85,88.4,500,26.54,930,1.302,260.0,5.517,1438,239.8,21.94,0.0,,,4.681270599365234,0.0,IB04
2008-08-31,24.86,30.06,1250,19.02,320,72.0,87.3,610,53.33,1310,1.401,228.7,5.909,1143,226.9,19.46,0.0,,,4.135075569152832,0.0,IB04
2008-09-01,24.45,31.58,1140,19.21,2350,70.9,88.7,0,42.25,1140,0.867,49.84,6.497,1326,216.2,16.87,0.4,,,3.6744863986968994,0.0,IB04
2008-09-02,23.8,29.6,1230,17.75,430,75.3,92.1,540,50.94,950,1.324,217.5,5.468,1437,186.5,21.16,0.0,,,4.215985298156738,0.0,IB04
2008-09-03,24.55,30.0,1230,18.22,550,75.0,92.7,610,55.93,1110,1.82,211.8,6.086,1324,214.3,20.92,0.0,,,4.351231098175049,0.0,IB04
2008-09-04,26.02,30.53,1100,21.06,540,72.6,87.0,0,51.46,1100,1.61,221.0,6.586,1149,228.7,16.38,0.0,,,3.924659490585327,0.0,IB04
2008-09-05,25.32,30.13,1220,18.75,540,75.8,91.4,250,60.13,1020,2.41,222.0,7.66,1047,231.6,20.5,0.2,,,4.422881603240967,0.0,IB04
2008-09-06,26.49,30.01,1020,21.87,2350,64.87,81.9,530,39.67,1040,2.298,239.3,6.615,1048,234.7,19.71,0.0,,,4.964707374572754,0.0,IB04
2008-09-07,23.53,28.74,1410,19.21,0,69.64,83.3,610,50.67,1450,1.194,50.15,4.743,1225,31.24,15.3,0.0,,,3.408310413360596,0.0,IB04
2008-09-08,24.41,31.78,1340,17.56,500,61.38,88.3,510,32.26,1430,0.944,62.04,5.174,1253,135.2,19.29,0.0,,,4.01027250289917,0.0,IB04
2008-09-09,27.66,34.12,1510,23.01,0,63.9,74.5,2010,45.26,1540,1.459,57.03,4.439,420,81.5,10.73,0.0,,,3.6036126613616943,0.0,IB04
2008-09-10,27.35,31.68,910,24.05,330,73.5,87.9,0,50.75,910,1.52,191.2,4.949,1250,177.6,17.56,0.0,,,4.1476149559021,0.0,IB04
2008-09-11,26.33,29.4,1150,23.2,0,76.1,87.9,0,63.27,1410,2.215,230.5,6.654,1124,206.6,19.1,0.0,,,4.180078506469727,0.0,IB04
2008-09-12,22.52,26.79,750,16.76,2350,72.2,88.5,350,58.56,1430,1.173,41.07,5.341,1216,92.7,11.59,0.0,,,2.6251919269561768,0.0,IB04
2008-09-13,19.99,27.08,1250,14.44,250,59.83,86.4,300,33.41,1200,0.756,8.95,6.86,957,285.0,20.11,0.0,,,3.45154881477356,0.0,IB04
2008-09-14,19.63,27.21,1220,12.31,340,56.52,84.8,350,25.87,1430,0.65,358.3,4.41,1139,305.3,19.77,0.0,,,3.291189432144165,0.0,IB04
2008-09-15,20.3,27.21,1430,11.58,540,58.6,80.1,2350,34.54,1420,1.682,271.9,6.448,1149,232.3,20.57,0.0,,,4.137547016143799,0.0,IB04
2008-09-16,21.48,27.48,1040,15.03,550,62.93,86.1,220,36.81,1040,1.198,165.3,5.645,1447,200.6,19.87,0.0,,,3.749753952026367,0.0,IB04
2008-09-17,22.03,28.23,1000,16.23,430,67.12,85.9,440,42.89,1000,1.243,74.3,6.174,1425,220.9,15.99,0.0,,,3.3937103748321533,0.0,IB04
2008-09-18,22.99,30.65,1350,16.17,550,69.75,88.3,450,39.13,1110,1.224,197.2,5.87,1524,223.7,18.13,0.0,,,3.80382227897644,0.0,IB04
2008-09-19,22.79,30.33,1250,17.75,2330,75.0,88.7,1600,43.67,1240,0.793,49.55,5.292,1348,218.7,10.87,1.8,,,2.6114437580108643,0.0,IB04
2008-09-20,21.36,28.34,1120,15.64,530,68.51,85.2,650,41.53,1120,1.168,97.9,5.655,1454,222.9,14.99,0.0,,,3.2228331565856934,0.0,IB04
2008-09-21,21.42,26.56,1010,16.49,530,73.6,87.6,630,58.29,1000,0.944,212.2,4.91,1019,206.3,9.01,0.0,,,2.15198826789856,0.0,IB04
2008-09-22,20.55,26.77,1140,17.55,2250,83.3,92.1,2320,54.43,1110,0.742,56.82,6.546,1250,211.1,6.442,6.8,,,1.78270161151886,3.2636964321136475,IB04
2008-09-23,19.62,25.18,1120,17.53,1440,81.9,93.2,1510,57.44,1120,1.113,50.44,4.508,1228,24.81,7.69,4.0,,,1.999290943145752,1.028905749320984,IB04
2008-09-24,18.21,21.81,1210,15.1,540,78.4,87.1,2350,63.83,10,0.454,35.29,3.695,1554,42.18,4.824,1.4,,,1.2709327936172483,0.0,IB04
2008-09-25,18.24,25.09,1220,13.05,540,68.76,87.9,550,39.75,1200,0.797,45.76,3.793,1001,115.0,14.36,0.0,,,2.590352296829224,0.0,IB04
2008-09-26,17.56,22.79,1300,11.25,500,69.32,91.4,520,49.44,1300,0.943,46.43,4.302,914,48.07,9.16,0.2,,,1.9976626634597776,0.0,IB04
2008-09-27,19.38,25.42,1300,14.5,0,62.26,80.8,0,38.41,1300,1.002,50.43,5.204,1348,54.26,16.85,0.0,,,3.0038201808929443,0.0,IB04
2008-09-28,18.44,25.55,1310,12.58,210,65.52,89.8,250,36.21,1320,0.835,57.27,4.351,1223,64.95,17.92,0.0,,,2.90289306640625,0.0,IB04
2008-09-29,18.32,27.07,1230,10.72,540,63.25,88.5,500,29.2,1230,0.931,53.35,5.233,1251,229.8,18.17,0.0,,,3.0936291217803955,0.0,IB04
2008-09-30,17.3,26.55,1040,10.72,410,68.22,89.1,0,32.27,1050,0.493,31.53,3.352,1208,253.0,10.97,0.0,,,2.058440685272217,0.0,IB04
2008-10-01,18.45,25.29,1150,10.45,610,69.28,92.2,340,44.68,1420,1.377,253.4,6.262,1214,209.5,16.11,0.0,,,2.9248504638671875,0.0,IB04
2008-10-02,20.36,25.29,1300,14.83,600,73.4,87.3,620,55.69,1200,1.754,255.8,6.762,1228,239.7,13.9,0.0,,,2.8338546752929688,0.0,IB04
2008-10-03,16.46,21.06,950,11.44,2350,81.8,94.1,510,66.73,950,1.099,43.02,5.958,1009,58.27,8.91,9.4,,,1.6954729557037354,5.192640781402588,IB04
2008-10-04,15.03,20.38,1200,10.38,240,76.5,93.3,410,51.64,1210,0.62,37.86,3.077,1025,63.4,11.31,0.4,,,1.7874950170516968,0.0,IB04
2008-10-05,16.59,22.96,1320,10.98,310,68.08,92.0,650,37.01,1400,0.966,201.6,4.528,1446,215.9,17.69,0.0,,,2.64570426940918,0.0,IB04
2008-10-06,17.64,24.55,1230,10.52,600,74.1,90.7,620,53.08,1310,1.057,338.3,5.106,1217,234.9,17.27,0.0,,,2.62612533569336,0.0,IB04
2008-10-07,18.63,24.68,1250,11.58,250,78.1,93.9,650,58.35,1130,1.068,218.1,4.792,1336,188.4,16.3,0.2,,,2.513397216796875,0.0,IB04
2008-10-08,20.22,26.49,1230,17.22,0,70.2,88.4,540,45.42,1000,1.405,37.83,5.841,2357,57.36,11.1,0.0,,,2.6398537158966064,0.0,IB04
2008-10-09,18.47,21.54,1600,14.77,520,82.4,90.2,520,65.03,0,2.621,55.27,6.938,216,51.2,4.527,5.0,,,1.8504440784454343,1.8514151573181152,IB04
2008-10-10,22.17,26.88,1240,19.81,2200,75.0,88.5,300,50.14,1500,1.766,63.92,6.282,1314,105.9,14.62,0.0,,,3.090975761413574,0.0,IB04
2008-10-11,21.95,26.03,1250,19.48,230,75.1,84.1,220,56.03,1250,1.54,61.31,5.606,1252,112.8,9.12,0.0,,,2.373875379562378,0.0,IB04
2008-10-12,23.49,27.81,1320,20.87,0,77.1,87.2,0,61.34,1220,1.051,58.3,3.753,17,67.1,10.57,0.0,,,2.2588086128234863,0.0,IB04
2008-10-13,21.63,25.7,1600,17.22,2330,82.8,91.4,520,66.83,1650,0.507,44.12,2.881,1224,51.91,6.835,0.6,,,1.447177767753601,0.0,IB04
2008-10-14,20.43,27.4,1320,14.43,520,79.3,92.0,500,50.93,1410,0.614,33.74,3.91,1522,190.1,11.25,0.0,,,1.987851619720459,0.0,IB04
2008-10-15,20.34,26.36,1210,15.7,530,82.7,92.3,2350,61.03,1210,0.872,6.445,4.92,1446,215.8,12.53,0.2,,,2.129669666290283,0.0,IB04
2008-10-16,20.0,24.51,1110,14.9,0,81.2,92.9,430,61.52,1730,1.025,244.6,4.9,1523,231.8,8.23,0.0,,,1.7336268424987793,0.0,IB04
2008-10-17,18.81,24.84,1100,13.44,600,80.4,92.7,700,56.97,1100,0.86,160.5,4.449,1345,219.4,10.79,0.2,,,1.885921716690064,0.0,IB04
2008-10-18,19.81,25.3,1330,15.77,140,81.5,92.2,300,63.9,1340,1.045,77.3,5.625,1239,210.8,10.31,0.0,,,1.9022560119628904,0.0,IB04
2008-10-19,20.68,28.07,1230,15.7,620,76.7,93.6,640,48.0,1230,0.606,56.25,4.322,1111,130.3,11.54,0.0,,,1.9843475818634035,0.0,IB04
2008-10-20,21.21,27.34,1400,16.76,2340,79.2,92.0,2340,52.94,1200,0.838,32.79,4.351,1146,191.5,11.2,0.0,,,2.0566091537475586,0.0,IB04
2008-10-21,20.13,26.8,1150,14.63,400,80.7,94.1,2330,49.0,1150,1.04,69.53,7.19,2249,210.2,12.64,8.4,,,2.23464584350586,4.468530654907227,IB04
2008-10-22,17.28,23.39,1110,15.76,620,86.4,95.4,820,67.52,1110,1.243,54.3,4.9,1206,40.45,6.632,19.6,,,1.5009686946868896,12.044966697692873,IB04
2008-10-23,16.17,20.11,1300,12.51,2330,68.9,87.7,2340,50.91,1220,1.56,56.55,4.743,1319,64.8,11.75,0.0,,,2.0298306941986084,0.0,IB04
2008-10-24,16.2,20.2,1450,11.71,600,81.5,92.0,0,62.15,1320,0.478,26.42,2.617,1604,61.79,5.402,0.0,,,1.093174695968628,0.0,IB04
2008-10-25,18.1,20.07,1350,14.9,20,83.4,94.2,650,73.9,1330,1.627,44.83,5.047,1303,42.75,4.68,4.6,,,1.246164321899414,1.524095058441162,IB04
2008-10-26,18.69,22.64,1150,13.97,0,78.9,91.3,2340,60.77,1150,1.254,51.1,4.871,1240,27.47,12.78,0.0,,,1.924867391586304,0.0,IB04
2008-10-27,17.88,24.09,1140,12.45,620,82.5,93.3,340,59.89,1140,0.815,323.2,4.39,1500,212.8,12.86,0.2,,,1.776037335395813,0.0,IB04
2008-10-28,18.42,22.2,1110,14.9,0,86.7,94.7,0,73.5,1110,1.929,212.2,11.0,1736,232.9,6.164,19.2,,,1.4501988887786863,11.789399147033691,IB04
2008-10-29,13.09,17.64,520,8.79,2040,79.5,94.7,0,60.76,1230,2.586,290.2,16.07,829,253.5,7.93,3.2,,,1.6964619159698486,0.343837022781372,IB04
2008-10-30,15.2,18.15,2100,9.99,50,55.72,79.0,50,43.93,1350,4.715,250.3,11.75,1018,227.8,10.77,0.4,,,3.067451000213623,0.0,IB04
2008-10-31,18.16,20.33,1230,14.76,2320,66.88,83.0,2340,47.25,1350,4.528,201.9,9.83,1137,201.2,9.77,0.2,,,3.0883708000183105,0.0,IB04
2008-11-01,18.15,22.72,1120,14.17,100,75.9,91.6,710,61.04,1410,1.93,142.8,6.605,941,190.5,11.14,0.0,,,1.979593634605408,0.0,IB04
2008-11-02,18.05,20.88,150,14.68,1310,66.96,86.5,910,55.49,2040,5.703,210.3,12.96,1247,224.2,6.765,4.2,,,2.9370641708374023,1.1986331939697266,IB04
2008-11-03,15.1,19.65,1210,9.79,650,73.1,89.6,720,57.99,1450,1.212,290.7,5.909,1309,242.4,11.83,0.0,,,1.566195726394653,0.0,IB04
2008-11-04,14.47,18.74,1350,11.18,430,74.2,89.1,530,54.07,1600,0.813,278.5,6.076,2308,253.4,7.25,3.0,,,1.244666337966919,0.1680842190980911,IB04
2008-11-05,12.52,17.92,1410,8.32,2350,85.5,93.9,540,61.26,1410,0.735,3.55,4.88,1454,211.1,9.64,19.8,,,1.1571608781814575,12.162602424621582,IB04
2008-11-06,12.43,19.39,1410,6.732,310,80.2,94.9,800,55.45,1420,0.433,351.9,4.038,1218,315.1,10.18,0.2,,,1.078861951828003,0.0,IB04
2008-11-07,13.29,20.72,1430,7.33,630,79.7,94.1,730,50.31,1440,0.541,319.4,4.302,1147,235.2,11.54,0.0,,,1.2188029289245603,0.0,IB04
2008-11-08,12.76,18.61,1130,8.86,210,87.6,94.1,2350,65.55,1130,0.194,25.26,1.558,1100,135.2,4.433,4.2,,,0.7496553063392639,1.1929116249084473,IB04
2008-11-09,13.36,20.32,1110,7.73,620,84.9,94.9,730,55.38,1110,0.635,10.11,3.969,1442,229.8,11.46,0.2,,,1.2072539329528809,0.0,IB04
2008-11-10,13.33,19.58,1250,8.32,550,85.8,95.0,510,65.93,1110,0.602,30.0,3.704,1341,209.3,10.54,0.0,,,1.0928897857666016,0.0,IB04
2008-11-11,14.5,20.18,1300,9.92,630,85.2,95.0,750,64.58,1350,0.608,228.7,3.812,1544,218.6,10.62,0.2,,,1.127181887626648,0.0,IB04
2008-11-12,13.46,19.75,1030,10.18,600,87.1,94.8,640,63.41,1050,0.427,16.27,4.165,1213,225.2,7.5,8.2,,,0.9370629787445068,4.308448314666748,IB04
2008-11-13,10.72,14.63,1550,8.72,2110,86.3,93.1,2120,63.38,1550,0.633,346.4,4.518,919,58.74,4.326,8.0,,,0.8215027451515198,4.159346580505371,IB04
2008-11-14,10.57,16.28,1500,6.594,250,84.0,93.2,1000,53.55,1500,0.218,340.3,1.646,1515,224.2,4.502,1.0,,,0.7029790282249451,0.0,IB04
2008-11-15,12.46,17.35,1250,7.53,40,75.7,91.9,2240,58.17,930,0.781,21.27,4.763,1333,1.232,8.24,0.2,,,1.0231157541275024,0.0,IB04
2008-11-16,12.14,19.18,1330,6.663,2240,74.5,92.9,2350,45.37,1320,0.501,11.25,4.567,1102,22.74,10.88,0.0,,,0.9912885427474976,0.0,IB04
2008-11-17,10.58,18.61,1340,4.868,500,82.3,94.6,510,59.27,1410,0.633,353.2,5.341,1227,243.4,9.48,0.2,,,0.9542232751846312,0.0,IB04
2008-11-18,11.0,17.53,1210,4.733,510,84.5,95.4,2250,58.87,1120,0.406,30.82,3.401,1210,206.0,7.07,8.4,,,0.7911299467086792,4.454442501068115,IB04
2008-11-19,12.8,16.41,1220,10.51,710,82.0,95.4,10,62.62,1200,1.585,46.52,5.655,1451,63.32,9.11,3.6,,,1.1817545890808103,0.6886051893234253,IB04
2008-11-20,13.04,16.42,1440,7.06,0,78.6,92.5,2310,64.16,1300,0.741,45.57,3.753,549,24.95,4.887,0.0,,,0.8569408059120178,0.0,IB04
2008-11-21,12.22,18.8,1210,4.667,540,78.1,95.2,740,52.93,1420,1.529,269.7,5.527,1234,275.0,10.49,0.2,,,1.3601479530334473,0.0,IB04
2008-11-22,15.76,19.78,1300,12.18,1850,72.0,89.9,2320,55.85,1300,1.032,315.6,6.644,349,285.2,9.89,0.2,,,1.212660551071167,0.0,IB04
2008-11-23,11.63,16.63,1030,6.531,2330,83.3,92.9,0,68.59,1410,0.703,44.13,5.184,1340,56.8,5.442,0.0,,,0.7957825064659119,0.0,IB04
2008-11-24,14.36,18.14,1240,7.33,0,64.18,94.9,110,49.82,1710,2.427,279.0,8.6,524,245.7,8.03,0.2,,,1.6528493165969849,0.0,IB04
2008-11-25,9.905,11.23,30,8.15,830,68.01,86.7,830,58.19,330,1.341,38.263,2.651,1500,87.323,6.267,1.861,,,0.9719065,0.0,IB04
2008-11-26,8.83,11.97,1220,3.536,2300,64.04,80.9,2300,53.17,1030,1.989,44.81,6.821,1226,64.6,8.63,0.0,,,1.2331608533859253,0.0,IB04
2008-11-27,9.88,12.44,1520,4.204,100,76.8,86.6,2200,68.87,1340,1.596,30.97,5.723,1532,22.67,4.547,0.2,,,0.9139624834060668,0.0,IB04
2008-11-28,10.22,13.3,1420,7.72,740,71.5,87.6,740,55.71,1600,1.628,290.9,7.33,2342,262.8,5.403,1.8,,,1.1337738037109375,0.0,IB04
2008-11-29,13.09,14.72,650,11.85,200,63.77,92.3,900,46.43,1910,5.171,247.8,13.78,1040,227.9,2.538,9.8,,,2.2432541847229004,5.487077713012695,IB04
2008-11-30,10.26,12.45,10,7.45,1450,68.31,92.8,1710,48.97,630,2.384,246.6,8.57,36,239.5,1.083,8.0,,,1.3833714723587036,4.164461612701416,IB04
2008-12-01,9.87,13.24,1130,3.53,2350,64.09,91.9,0,49.76,1130,2.174,273.2,7.33,1333,263.0,7.25,1.0,,,1.284029245376587,0.0,IB04
2008-12-02,6.548,12.83,1240,2.735,210,82.0,93.1,230,54.97,1240,0.579,23.24,4.077,1320,54.9,6.808,0.4,,,0.6640650629997253,0.0,IB04
2008-12-03,8.99,13.89,1310,2.602,450,71.0,91.0,530,49.05,1040,1.474,278.6,7.25,1432,272.4,7.82,0.0,,,1.0857239961624146,0.0,IB04
2008-12-04,11.29,15.68,1340,4.132,150,73.7,94.6,300,51.8,1120,1.668,273.0,7.76,2358,250.5,8.49,0.4,,,1.1557663679122925,0.0,IB04
2008-12-05,14.93,19.54,1320,8.99,2220,70.8,90.2,2220,54.59,1450,1.838,271.3,8.52,119,251.0,7.2,0.0,,,1.413294792175293,0.0,IB04
2008-12-06,12.77,17.02,1500,7.59,540,68.31,88.6,2320,45.94,1140,0.853,275.4,4.871,1409,254.8,6.576,0.0,,,0.963970422744751,0.0,IB04
2008-12-07,12.22,17.73,1400,8.65,630,86.5,93.9,2240,68.4,1410,0.441,328.2,3.009,1319,201.0,7.68,0.0,,,0.6609522104263306,0.0,IB04
2008-12-08,12.44,13.44,1210,10.84,2300,91.3,94.6,2350,86.1,820,1.029,51.99,3.812,1257,56.25,1.352,3.0,,,0.6032068729400635,0.1678485423326492,IB04
2008-12-09,12.0,13.71,1050,10.38,2010,95.0,95.7,1030,94.3,1210,0.28,41.77,2.764,935,185.3,2.22,14.8,,,0.5015040636062622,8.907011985778809,IB04
2008-12-10,7.75,11.18,0,4.132,2310,84.6,95.5,0,67.44,1630,1.359,37.3,4.4,842,65.01,1.981,4.0,,,0.7733690738677979,1.0261503458023071,IB04
2008-12-11,7.54,11.95,1340,0.676,650,67.48,95.1,730,39.33,1220,0.951,314.9,4.959,1603,248.9,9.33,0.4,,,0.7840783596038818,0.0,IB04
2008-12-12,10.18,15.75,1410,3.805,0,70.6,93.4,2340,48.07,1410,0.905,299.0,5.037,1439,229.2,7.25,0.0,,,0.8757753968238831,0.0,IB04
2008-12-13,9.0,14.42,1230,2.007,600,79.4,95.3,650,62.83,1230,2.597,235.5,9.13,2359,220.6,8.51,1.2,,,1.1357369422912598,0.0,IB04
2008-12-14,9.51,13.84,950,4.398,0,78.0,91.6,2210,54.31,950,1.448,335.0,10.03,107,211.9,5.677,4.2,,,1.00566303730011,1.1935797929763794,IB04
2008-12-15,5.243,7.53,2310,2.668,250,92.3,95.3,1400,84.3,1100,0.557,2.413,4.371,836,33.71,1.944,14.6,,,0.4629872441291809,8.773079872131348,IB04
2008-12-16,8.39,12.51,1300,6.658,550,88.3,94.5,850,67.33,1310,0.712,345.6,3.822,1413,350.8,4.009,15.0,,,0.6401521563529968,9.042631149291992,IB04
2008-12-17,9.1,14.1,1330,6.331,2250,85.6,94.9,400,61.78,1330,0.459,349.3,3.92,1300,287.9,3.852,1.0,,,0.6174626350402832,0.0,IB04
2008-12-18,11.31,15.81,1240,5.729,0,72.4,89.9,40,53.6,1450,0.808,308.5,4.469,440,290.2,8.87,0.0,,,0.7653163075447083,0.0,IB04
2008-12-19,9.43,17.0,1310,3.07,520,79.8,95.5,700,55.47,1310,0.606,336.9,3.156,1201,257.6,8.77,0.0,,,0.6770133376121521,0.0,IB04
2008-12-20,9.24,16.68,1140,2.401,340,79.7,95.6,520,52.06,1500,0.605,349.0,3.998,1309,244.0,8.96,0.0,,,0.6760428547859192,0.0,IB04
2008-12-21,8.15,17.27,1210,1.739,730,84.0,94.8,2310,47.86,1210,0.464,43.7,2.548,1307,227.2,9.17,0.2,,,0.6198300123214722,0.0,IB04
2008-12-22,7.49,16.49,1130,1.746,720,87.3,95.7,750,59.08,1140,0.478,31.75,2.901,1408,240.6,9.08,0.0,,,0.5824331045150757,0.0,IB04
2008-12-23,6.935,14.41,1420,0.943,510,88.6,96.1,550,65.96,1400,0.451,51.84,2.989,1239,230.3,9.14,0.2,,,0.5094553828239441,0.0,IB04
2008-12-24,8.44,15.08,1220,2.869,40,84.1,95.5,900,58.49,1210,0.266,36.43,2.117,1331,264.4,7.01,0.0,,,0.5016471147537231,0.0,IB04
2008-12-25,10.22,14.04,1100,7.79,530,79.3,89.4,540,60.59,1100,0.839,30.45,4.498,1355,217.1,8.0,0.0,,,0.7336881756782532,0.0,IB04
2008-12-26,8.15,12.45,1500,5.73,410,88.1,94.0,1000,69.68,1510,0.482,20.24,3.371,945,33.31,3.156,3.2,,,0.5767982602119446,0.3429959416389465,IB04
2008-12-27,9.19,15.94,1230,4.267,650,84.6,94.5,800,58.34,1230,0.449,10.89,3.185,1454,228.8,9.26,0.2,,,0.5813650488853455,0.0,IB04
2008-12-28,9.84,13.31,1220,5.531,110,85.9,95.4,810,75.7,1300,1.226,52.61,4.243,1507,58.42,4.305,0.2,,,0.690654456615448,0.0,IB04
2008-12-29,10.73,15.94,1430,7.46,720,78.6,89.3,750,55.87,1430,0.603,59.47,3.009,1545,219.2,7.33,0.0,,,0.7238958477973938,0.0,IB04
2008-12-30,10.76,15.74,1230,5.93,2350,83.8,93.5,0,65.89,1350,0.553,316.8,3.332,1115,206.8,8.75,0.0,,,0.6325605511665344,0.0,IB04
2008-12-31,9.86,17.87,1250,5.133,200,87.8,95.2,740,61.21,1300,0.562,51.97,4.194,1301,139.3,7.49,0.0,,,0.0,0.0,IB04
2009-01-01,10.86,15.17,1440,7.66,440,87.8,94.7,120,72.5,1450,0.274,23.9,1.901,1102,73.7,2.784,0.0,,,0.5644086003303528,0.0,IB04
2009-01-02,10.84,15.64,1350,7.66,130,87.9,95.1,550,68.86,1350,0.326,6.822,2.342,1344,283.5,4.417,4.0,,,0.5895548462867737,1.025737762451172,IB04
2009-01-03,9.78,15.57,1220,4.006,700,87.4,95.9,830,65.52,1220,0.414,37.51,3.097,1416,206.2,6.486,0.0,,,0.6021376252174377,0.0,IB04
2009-01-04,8.81,12.7,1310,2.206,2250,83.2,94.4,230,60.72,1250,1.195,49.89,4.733,1251,65.26,6.072,3.6,,,0.8185732960700989,0.6880583167076111,IB04
2009-01-05,6.373,14.02,1210,0.01,620,83.5,95.7,750,56.82,1410,0.894,291.9,5.576,1220,258.4,9.68,0.2,,,0.7551392912864685,0.0,IB04
2009-01-06,7.9,12.24,1200,3.137,30,81.8,94.3,740,65.92,1340,0.448,6.591,3.263,249,258.2,5.052,1.0,,,0.5817950367927551,0.0,IB04
2009-01-07,4.124,6.012,440,0.542,2210,88.1,94.7,2330,78.4,0,0.494,14.08,3.724,539,14.24,2.169,2.4,,,0.4752561450004577,0.0,IB04
2009-01-08,5.051,8.52,1310,1.144,340,87.4,94.3,0,71.9,1120,1.122,36.21,5.958,2158,0.38,2.992,4.4,,,0.6321981549263,1.3579860925674438,IB04
2009-01-09,8.15,14.43,1200,3.471,610,88.8,95.9,910,61.15,1350,0.695,43.23,6.076,1558,116.7,7.57,9.0,,,0.7192685604095459,4.892154693603516,IB04
2009-01-10,7.51,14.5,1210,2.073,740,82.7,95.9,900,43.19,1450,0.402,14.32,2.724,1339,199.0,8.72,0.2,,,0.6422480940818787,0.0,IB04
2009-01-11,8.24,14.49,1300,3.47,0,82.1,92.5,530,58.17,1500,0.962,36.12,4.42,1121,50.55,8.05,0.0,,,0.861765444278717,0.0,IB04
2009-01-12,7.6,14.1,1250,1.678,310,84.7,95.1,700,67.79,1450,0.75,26.16,4.273,1415,45.24,6.774,0.0,,,0.7065580487251282,0.0,IB04
2009-01-13,8.0,16.07,1340,1.211,600,75.8,95.3,750,35.78,1440,0.609,306.3,3.499,1430,262.9,9.94,0.0,,,0.849006175994873,0.0,IB04
2009-01-14,8.85,14.57,1150,2.869,2340,79.6,93.0,0,61.11,1150,0.528,345.7,3.332,1209,272.2,7.07,1.8,,,0.7082206606864929,0.0,IB04
2009-01-15,8.01,14.89,1300,1.478,340,84.7,95.2,500,66.31,930,1.326,279.7,7.42,1007,266.4,7.54,0.0,,,0.917316198348999,0.0,IB04
2009-01-16,8.5,15.02,1140,2.936,430,86.8,95.3,820,70.1,1140,0.315,49.6,3.234,1137,111.8,5.87,0.2,,,0.6182942390441895,0.0,IB04
2009-01-17,9.03,17.0,1420,4.533,40,82.6,94.9,820,50.79,1350,0.337,35.74,2.411,1607,86.7,8.08,0.0,,,0.722349226474762,0.0,IB04
2009-01-18,8.6,14.95,1420,0.943,730,86.9,95.8,900,69.18,1220,1.488,267.5,7.53,1351,261.2,9.85,0.0,,,0.9547311663627625,0.0,IB04
2009-01-19,13.21,15.57,1300,8.86,110,87.5,94.5,300,79.3,1310,3.399,234.8,8.53,1252,239.2,4.795,1.2,,,1.0475571155548096,0.0,IB04
2009-01-20,11.15,15.47,1250,2.539,2340,73.9,92.7,10,49.54,1140,1.284,312.1,6.752,537,271.0,9.38,0.0,,,1.1676485538482666,0.0,IB04
2009-01-21,7.42,12.43,1300,1.877,140,70.8,92.5,500,50.09,1500,0.653,348.9,3.371,1049,347.3,8.99,0.0,,,0.8203489184379578,0.0,IB04
2009-01-22,10.99,13.72,2140,5.863,630,68.64,81.9,2330,58.75,850,2.256,257.4,7.94,1638,250.1,5.512,0.0,,,1.3805726766586304,0.0,IB04
2009-01-23,17.13,19.87,1410,13.05,200,66.51,88.3,210,49.01,1810,4.012,253.4,9.16,1319,262.1,5.463,0.2,,,2.472575426101685,0.0,IB04
2009-01-24,15.49,17.63,450,11.65,2310,44.89,65.45,730,27.7,1350,5.032,275.9,14.85,1300,265.2,10.77,0.0,,,3.784886121749878,0.0,IB04
2009-01-25,11.91,14.3,1240,6.984,2330,61.9,84.1,2230,43.98,310,3.494,258.0,10.44,1342,255.4,10.22,1.6,,,2.079298973083496,0.0,IB04
2009-01-26,10.63,14.29,1210,7.8,50,58.86,80.5,2310,43.0,1330,1.426,288.3,5.919,1631,249.3,9.69,1.2,,,1.4367910623550415,0.0,IB04
2009-01-27,10.37,13.55,1350,7.87,2320,68.75,82.0,1100,55.28,1440,1.07,323.9,4.43,1427,266.9,9.02,2.2,,,1.1401035785675049,0.0,IB04
2009-01-28,11.94,16.69,1540,7.67,40,69.22,90.6,2210,49.21,1540,0.924,305.5,5.459,1002,268.9,9.56,0.0,,,1.2063283920288086,0.0,IB04
2009-01-29,12.71,17.42,1300,8.79,30,78.6,92.2,230,60.71,1030,0.698,302.3,3.401,1049,265.1,6.211,0.0,,,0.9967190027236938,0.0,IB04
2009-01-30,11.69,16.29,1300,6.331,750,86.9,95.1,800,74.1,1240,0.702,84.7,3.851,1417,231.4,7.74,0.0,,,0.9129918217658995,0.0,IB04
2009-01-31,12.37,14.71,1450,9.79,2230,84.6,93.3,1320,75.7,2140,1.23,328.3,6.527,1904,256.1,4.239,3.2,,,0.896918535232544,0.3432362079620361,IB04
2009-02-01,9.35,13.44,1120,3.939,710,83.0,94.2,810,63.73,1500,1.612,187.9,7.04,1853,211.6,6.013,3.4,,,1.093793272972107,0.5168213844299316,IB04
2009-02-02,12.82,15.95,1130,9.71,610,84.7,91.9,2100,75.0,1400,2.031,173.7,7.79,1315,234.7,9.76,0.2,,,1.2631332874298096,0.0,IB04
2009-02-03,11.03,14.51,1030,6.198,2340,80.2,91.9,220,65.19,1650,1.302,281.2,6.066,103,216.9,8.51,5.4,,,1.1497262716293335,2.168843030929565,IB04
2009-02-04,12.15,15.48,1220,6.331,50,76.7,91.5,130,58.55,1350,2.706,241.7,7.87,951,266.2,11.43,0.2,,,1.6960415840148926,0.0,IB04
2009-02-05,13.73,15.29,1110,12.51,130,81.0,84.6,820,73.7,2210,3.13,215.0,7.09,259,222.8,7.34,0.0,,,1.5282341241836548,0.0,IB04
2009-02-06,10.79,13.38,110,7.13,1900,78.7,91.4,1910,64.49,2350,2.4,242.6,11.29,2357,235.0,2.76,4.4,,,1.2266780138015747,1.359753131866455,IB04
2009-02-07,8.93,12.45,1140,5.521,120,64.11,88.5,130,47.49,1450,1.688,297.5,11.1,9,238.9,8.4,4.8,,,1.441687822341919,1.6878494024276731,IB04
2009-02-08,9.19,12.83,1310,6.198,2340,60.64,80.0,2340,50.76,1310,1.177,313.5,5.762,459,272.8,10.48,0.2,,,1.3649146556854248,0.0,IB04
2009-02-09,12.91,20.13,1120,7.06,730,78.0,91.2,300,50.26,1110,2.022,243.8,7.08,1403,221.6,12.41,0.0,,,2.0902674198150635,0.0,IB04
2009-02-10,14.6,18.55,1150,11.52,2330,57.67,80.6,0,37.21,2100,1.805,291.6,7.83,135,299.4,8.52,0.0,,,2.1336166858673096,0.0,IB04
2009-02-11,12.17,15.03,1330,6.788,0,54.38,79.3,2330,39.07,1510,1.799,317.2,7.51,1229,257.8,9.99,0.0,,,1.884676098823548,0.0,IB04
2009-02-12,7.1,11.44,1540,4.407,2340,81.9,91.0,0,64.47,1530,0.417,16.15,2.675,1140,25.63,4.704,2.2,,,0.7822810411453247,0.0,IB04
2009-02-13,7.87,13.02,1220,3.538,2300,78.0,91.4,40,57.5,1220,0.948,41.65,3.793,944,60.64,8.99,0.8,,,1.1691973209381104,0.0,IB04
2009-02-14,8.39,14.82,1500,1.478,640,80.7,93.8,810,64.83,0,1.2,59.78,5.214,1305,244.0,12.81,0.0,,,1.357688546180725,0.0,IB04
2009-02-15,7.63,13.09,1410,2.802,620,68.12,85.1,0,46.81,1410,0.727,46.12,3.146,1305,37.17,12.03,0.0,,,1.296639323234558,0.0,IB04
2009-02-16,6.487,14.48,1230,0.943,540,72.5,90.3,600,34.26,1150,0.585,35.31,3.93,1412,226.1,13.04,0.0,,,1.3289369344711304,0.0,IB04
2009-02-17,7.93,14.82,1430,-0.254,440,73.9,93.3,510,46.62,1030,1.0,279.3,5.047,1252,245.1,14.55,0.0,,,1.5533924102783203,0.0,IB04
2009-02-18,11.05,19.19,1300,3.404,620,71.6,92.4,640,33.37,1140,0.974,255.1,4.204,10,259.8,14.61,0.0,,,1.908015847206116,0.0,IB04
2009-02-19,10.21,16.68,1130,4.34,510,80.9,92.2,740,59.29,1110,0.909,159.2,4.498,1457,233.0,14.17,0.0,,,1.5715515613555908,0.0,IB04
2009-02-20,9.83,16.47,1300,4.474,0,73.4,90.7,40,41.92,1240,0.539,49.07,3.489,1244,134.0,13.8,0.0,,,1.490261435508728,0.0,IB04
2009-02-21,7.29,15.1,1200,0.81,700,79.6,93.3,750,52.69,1220,0.575,338.1,3.528,1446,196.5,10.25,0.0,,,1.2345677614212036,0.0,IB04
2009-02-22,9.41,15.95,1150,2.742,640,74.7,89.6,740,47.87,1310,1.44,273.9,5.978,1617,287.5,14.09,0.0,,,1.8681148290634155,0.0,IB04
2009-02-23,9.38,16.47,1530,3.471,700,76.6,93.8,800,44.06,1210,0.865,46.41,4.449,1224,54.22,15.17,0.2,,,1.7387292385101318,0.0,IB04
2009-02-24,9.31,15.92,1210,4.073,110,84.5,91.5,750,70.8,1230,0.462,74.7,2.734,1335,206.0,4.708,0.0,,,0.9072579741477966,0.0,IB04
2009-02-25,9.0,16.67,1210,3.003,410,78.4,92.0,700,53.21,1120,0.897,60.23,5.165,1416,232.6,12.91,0.0,,,1.61756694316864,0.0,IB04
2009-02-26,8.12,14.35,1330,0.676,640,82.3,93.3,730,66.72,1030,1.238,270.6,5.753,1440,216.2,16.2,0.2,,,1.6461302042007446,0.0,IB04
2009-02-27,7.41,15.87,1240,0.144,520,83.5,95.0,730,60.08,1130,0.743,50.61,4.224,1530,222.4,16.91,0.0,,,1.667822003364563,0.0,IB04
2009-02-28,7.88,16.03,1410,0.609,600,85.7,94.8,430,64.51,1400,0.38,42.69,2.274,1049,123.0,5.858,0.0,,,0.968973696231842,0.0,IB04
2009-03-01,10.28,16.15,1340,4.273,450,88.6,94.5,800,77.0,1650,1.121,239.8,5.174,1338,206.0,10.51,0.2,,,1.365748167037964,0.0,IB04
2009-03-02,11.37,18.39,1210,5.863,150,86.4,95.7,820,63.73,1210,0.678,46.5,3.92,1329,235.0,12.5,0.2,,,1.6129261255264282,0.0,IB04
2009-03-03,10.72,12.25,950,8.86,320,84.0,92.5,440,74.2,1800,1.366,53.52,4.714,1514,24.19,3.505,3.6,,,0.981185793876648,0.6883031129837036,IB04
2009-03-04,11.15,15.23,1200,8.39,600,82.3,94.6,810,53.81,2300,1.975,275.3,9.05,1820,246.7,9.83,3.6,,,1.831936597824097,0.6895852088928223,IB04
2009-03-05,10.23,13.5,1340,6.932,650,55.51,70.7,1130,41.21,1600,2.103,299.3,7.35,1055,226.6,12.72,0.0,,,2.343062400817871,0.0,IB04
2009-03-06,10.59,14.88,1430,6.264,2200,54.68,70.4,1920,32.78,1530,1.472,334.1,6.723,1107,0.948,17.44,0.0,,,2.481719493865967,0.0,IB04
2009-03-07,10.94,18.07,1530,0.415,650,64.3,89.4,730,31.31,1120,1.141,327.9,5.517,2113,224.4,18.03,0.0,,,2.421493530273437,0.0,IB04
2009-03-08,11.78,16.33,1240,5.8,0,78.2,93.3,2340,59.67,10,1.27,245.0,5.4,1318,212.2,17.83,0.0,,,2.164947271347046,0.0,IB04
2009-03-09,10.6,16.6,1150,3.805,620,85.0,94.7,550,67.73,940,0.982,194.6,4.753,1254,220.7,18.09,0.2,,,2.03528356552124,0.0,IB04
2009-03-10,11.95,16.0,1320,7.79,2350,83.4,91.7,0,69.42,900,1.426,234.4,5.694,1426,232.1,18.0,0.0,,,2.1484487056732178,0.0,IB04
2009-03-11,10.86,17.49,1050,3.605,640,85.2,94.9,720,69.5,1050,0.898,189.7,4.155,1551,220.0,15.5,0.0,,,1.893742918968201,0.0,IB04
2009-03-12,11.04,19.86,1140,3.872,0,68.66,94.7,730,19.68,1450,0.563,46.16,4.341,1333,243.0,18.67,0.2,,,2.2982449531555176,0.0,IB04
2009-03-13,9.15,16.6,1240,1.478,550,80.3,92.5,710,55.07,1220,1.202,214.6,5.361,1256,207.5,19.04,0.0,,,2.2587194442749023,0.0,IB04
2009-03-14,10.49,18.66,1350,3.203,400,85.4,95.5,820,65.87,1340,0.677,222.9,4.224,1507,203.1,17.64,0.0,,,2.0909993648529053,0.0,IB04
2009-03-15,12.21,19.79,1430,4.675,340,69.59,89.6,410,46.5,910,0.735,39.37,4.684,1229,62.45,16.85,0.0,,,2.286173343658448,0.0,IB04
2009-03-16,11.12,17.53,1250,2.869,450,76.5,93.4,700,45.08,950,1.367,46.55,7.83,1154,13.27,18.02,0.2,,,2.498795986175537,0.0,IB04
2009-03-17,12.21,19.65,1330,5.605,510,73.7,92.3,420,46.44,1530,1.086,41.83,4.606,947,69.89,19.31,0.0,,,2.642464399337769,0.0,IB04
2009-03-18,10.47,17.6,1310,3.471,610,82.6,92.9,2340,58.17,950,1.023,256.6,4.782,1412,226.6,19.43,0.2,,,2.378645420074463,0.0,IB04
2009-03-19,10.28,17.13,1330,3.672,620,84.3,95.5,730,63.34,1330,1.208,224.4,5.106,1442,237.2,18.65,0.0,,,2.289535522460937,0.0,IB04
2009-03-20,11.31,19.29,1010,3.004,520,74.0,94.8,730,45.39,1020,1.06,15.49,5.008,1325,230.2,19.8,0.0,,,2.6531264781951904,0.0,IB04
2009-03-21,9.93,17.6,1130,3.809,650,66.01,88.1,710,27.77,1120,1.089,85.0,4.733,1153,221.7,19.99,0.0,,,2.7483508586883545,0.0,IB04
2009-03-22,9.93,19.27,1440,1.144,530,65.63,90.9,550,31.43,1520,0.809,329.9,4.694,1228,231.7,20.24,0.0,,,2.647313356399536,0.0,IB04
2009-03-23,10.43,18.4,1230,2.081,610,74.2,91.1,640,42.78,1540,1.52,264.3,6.086,1310,239.5,20.64,0.2,,,2.894113540649414,0.0,IB04
2009-03-24,10.91,21.2,1450,1.88,620,71.3,94.6,800,24.42,1600,1.453,38.54,6.782,1202,238.8,19.76,0.0,,,3.3009703159332275,0.0,IB04
2009-03-25,11.82,16.6,1310,6.331,2340,67.15,88.7,2350,49.87,1120,1.384,220.5,5.38,1422,193.3,20.44,0.0,,,2.757809400558472,0.0,IB04
2009-03-26,10.8,17.67,1110,3.144,620,81.0,93.6,700,62.53,920,1.127,226.1,5.341,1311,200.8,20.8,0.0,,,2.580517768859864,0.0,IB04
2009-03-27,11.84,22.65,1150,3.075,600,75.3,94.4,700,31.83,1140,0.862,325.8,4.89,1320,217.1,20.4,0.2,,,3.006200790405273,0.0,IB04
2009-03-28,13.94,20.94,1330,7.07,0,82.1,91.3,2330,62.8,1340,1.001,97.5,4.694,1413,199.3,9.64,1.0,,,1.882431983947754,0.0,IB04
2009-03-29,10.36,13.57,1620,7.06,2040,84.4,95.2,840,61.71,1740,1.514,50.27,5.018,1016,45.08,6.647,11.0,,,1.4630038738250732,6.328899383544922,IB04
2009-03-30,9.33,11.85,1320,7.66,50,85.5,91.4,140,68.08,1350,0.668,36.86,3.783,1354,69.92,4.567,2.6,,,1.052211046218872,0.0,IB04
2009-03-31,10.25,14.83,1100,7.99,50,85.3,92.3,1350,71.2,1050,0.612,337.4,3.146,1047,345.0,7.94,7.0,,,1.3603458404541016,3.4131078720092773,IB04
2009-04-01,10.83,12.91,1310,8.59,510,83.0,92.8,650,73.9,1310,0.78,297.6,4.145,1852,269.7,5.705,2.6,,,1.1670756340026855,0.0,IB04
2009-04-02,10.99,15.04,1010,7.39,120,87.3,94.3,720,69.46,1340,0.51,325.9,3.861,1009,233.5,7.99,5.8,,,1.3781328201293943,2.4862000942230225,IB04
2009-04-03,11.02,15.97,1150,6.131,2330,86.4,95.1,750,66.72,1150,0.409,346.9,4.067,1327,0.095,7.68,1.6,,,1.3538717031478882,0.0,IB04
2009-04-04,11.86,20.32,1430,4.407,550,79.4,95.0,730,52.26,1320,0.661,224.1,3.812,1519,243.2,20.12,0.0,,,2.742555856704712,0.0,IB04
2009-04-05,11.8,18.07,1320,4.274,540,85.3,95.2,720,66.34,1530,0.863,216.3,4.332,1416,231.1,21.5,0.0,,,2.75835919380188,0.0,IB04
2009-04-06,13.8,20.4,1100,7.53,430,78.6,94.7,700,51.65,1240,0.769,174.8,4.087,1403,236.9,21.45,0.6,,,3.036489963531494,0.0,IB04
2009-04-07,12.46,19.62,1010,5.669,530,88.1,95.4,2110,70.4,1020,0.95,217.0,7.01,2334,226.4,6.694,14.2,,,1.4634393453598022,8.524381637573242,IB04
2009-04-08,12.91,18.35,1510,8.07,2350,82.5,90.8,240,64.9,1040,1.277,341.3,8.02,31,253.0,12.46,2.4,,,2.144721031188965,0.0,IB04
2009-04-09,12.3,20.13,1250,5.462,530,80.1,94.3,700,51.85,1250,0.566,10.42,4.371,1323,261.7,14.94,0.2,,,2.302053689956665,0.0,IB04
2009-04-10,12.81,17.53,1330,6.732,50,84.2,94.7,140,63.47,1540,0.977,188.3,4.939,1410,211.9,19.47,0.0,,,2.7049689292907715,0.0,IB04
2009-04-11,11.85,16.08,1130,7.26,0,76.2,92.7,140,56.55,1410,1.662,216.6,5.292,904,216.2,19.13,1.8,,,2.766599178314209,0.0,IB04
2009-04-12,10.32,15.56,1240,4.012,550,80.6,95.1,630,54.09,1220,0.523,332.9,3.489,1307,230.3,11.5,2.0,,,1.8020930290222168,0.0,IB04
2009-04-13,13.56,18.49,1610,8.59,0,75.2,90.3,130,53.28,1600,0.647,287.0,2.803,2042,233.5,9.32,0.0,,,1.830501198768616,0.0,IB04
2009-04-14,12.19,18.73,1250,5.143,430,87.5,94.8,610,75.2,1310,0.769,198.8,3.822,1201,231.7,17.39,0.0,,,2.4279165267944336,0.0,IB04
2009-04-15,13.1,18.74,1340,6.799,20,86.3,94.9,50,72.2,1350,1.499,197.4,5.125,641,189.9,12.58,1.2,,,2.104053258895874,0.0,IB04
2009-04-16,14.75,18.48,1310,9.72,2340,74.5,92.6,0,47.0,1320,1.965,230.2,5.988,1041,225.9,24.17,0.0,,,3.7048451900482178,0.0,IB04
2009-04-17,14.13,20.14,1250,8.07,2350,72.4,94.1,410,40.37,1600,0.959,253.2,4.518,1218,226.8,22.73,0.0,,,3.424943208694458,0.0,IB04
2009-04-18,11.96,18.87,1120,4.608,520,76.8,92.2,0,51.15,1650,0.723,18.95,5.782,1357,187.3,20.0,0.2,,,2.855632066726685,0.0,IB04
2009-04-19,12.62,21.2,1430,5.143,530,75.1,94.5,620,32.9,1500,0.601,37.6,3.499,1552,227.7,19.76,0.0,,,2.990220546722412,0.0,IB04
2009-04-20,13.24,20.53,1310,5.138,540,72.6,93.8,630,37.3,1500,0.765,286.5,3.949,1529,226.4,24.04,0.2,,,3.4686717987060547,0.0,IB04
2009-04-21,15.04,22.39,1510,10.53,230,72.6,91.6,750,43.36,1550,0.492,331.8,3.626,1306,277.7,15.89,0.8,,,2.678938388824463,0.0,IB04
2009-04-22,16.54,23.52,1340,9.52,2330,66.96,92.3,610,38.22,1450,0.548,344.4,3.459,1352,307.8,20.71,0.0,,,3.3380582332611084,0.0,IB04
2009-04-23,15.37,23.78,1350,6.866,520,72.6,91.6,2350,37.16,1350,1.155,215.9,4.822,1304,201.2,24.89,0.0,,,4.069870471954346,0.0,IB04
2009-04-24,14.861,22.92,1200,6.387,430,75.072,94.8,700,46.84,1100,0.769,319.351,2.217,1230,195.8,24.67,0.0,,,3.714941,0.0,IB04
2009-04-25,15.3,22.33,1100,8.2,520,81.1,93.6,2250,61.73,1100,0.752,307.2,3.665,859,26.83,9.35,1.0,,,1.9671647548675537,0.0,IB04
2009-04-26,15.81,20.07,1240,9.66,2300,74.1,94.1,150,51.45,1440,1.537,213.6,4.773,932,242.0,22.33,0.2,,,3.5980470180511475,0.0,IB04
2009-04-27,13.36,19.8,1520,9.26,2310,76.6,92.1,0,36.5,1530,0.878,293.7,4.861,1608,226.7,17.45,1.6,,,2.9671146869659424,0.0,IB04
2009-04-28,15.32,23.52,1040,6.866,420,68.12,94.6,530,32.49,1730,0.652,327.3,3.352,1258,328.4,20.72,0.0,,,3.4041669368743896,0.0,IB04
2009-04-29,15.69,23.78,1330,6.804,520,63.26,94.7,620,26.68,1450,0.763,324.2,4.106,1124,13.45,24.65,0.0,,,3.941095113754273,0.0,IB04
2009-04-30,15.09,20.93,1210,7.4,510,79.9,94.3,600,63.74,1600,1.047,213.5,4.635,1528,159.5,19.63,0.0,,,3.1034576892852783,0.0,IB04
2009-05-01,14.74,20.6,1520,8.67,0,76.1,93.1,750,43.45,1540,1.19,29.22,5.704,1617,50.51,13.71,2.8,,,2.7607455253601074,0.0,IB04
2009-05-02,17.14,24.77,1500,8.27,20,55.6,90.1,140,29.75,1400,1.247,32.26,6.35,1055,91.3,24.95,0.0,,,4.438342571258545,0.0,IB04
2009-05-03,17.06,25.7,1300,6.532,430,57.9,90.4,510,29.81,1230,0.843,269.4,4.185,1230,216.8,25.17,0.0,,,4.238408088684082,0.0,IB04
2009-05-04,17.53,28.16,1200,7.87,350,60.81,90.1,400,26.54,1200,0.861,14.0,6.154,1025,133.0,23.7,0.0,,,4.319205284118652,0.0,IB04
2009-05-05,17.0,23.31,1150,10.93,510,72.2,90.5,0,44.98,930,1.159,215.7,4.753,1039,228.1,22.39,0.0,,,3.902162551879883,0.0,IB04
2009-05-06,18.23,27.76,1300,9.06,450,61.17,93.7,210,23.74,1400,0.873,339.6,4.567,1020,238.6,25.48,0.0,,,4.549439907073975,0.0,IB04
2009-05-07,17.18,24.51,1200,9.53,350,71.0,91.4,0,45.96,1150,1.014,217.7,4.733,1137,220.2,25.51,0.0,,,4.248723983764648,0.0,IB04
2009-05-08,18.24,27.16,1310,9.59,450,70.5,92.6,410,35.5,920,1.081,346.7,5.694,1447,264.8,25.11,0.0,,,4.556804656982422,0.0,IB04
2009-05-09,18.71,28.03,1050,12.18,350,77.5,93.0,400,41.75,1040,1.036,52.35,5.331,1324,216.0,21.2,0.0,,,4.1225666999816895,0.0,IB04
2009-05-10,21.1,28.77,1620,15.17,520,66.75,93.3,600,30.48,1640,0.961,217.6,4.479,1341,259.0,21.22,0.2,,,4.33624267578125,0.0,IB04
2009-05-11,22.2,30.74,1140,13.18,440,55.86,87.9,530,30.61,1000,0.955,301.2,4.038,1151,216.7,24.06,0.0,,,4.833380699157715,0.0,IB04
2009-05-12,20.12,26.79,950,16.76,230,74.0,87.6,2300,54.11,1000,0.958,215.8,4.969,1149,224.5,14.0,0.0,,,3.0940170288085938,0.0,IB04
2009-05-13,19.35,25.66,1450,15.24,0,76.2,90.6,230,44.11,1410,0.931,29.7,7.57,1518,249.4,7.22,0.0,,,2.2667715549468994,0.0,IB04
2009-05-14,17.15,22.54,830,13.12,400,86.9,93.5,550,67.5,810,0.741,284.0,4.371,1314,243.2,8.9,5.0,,,1.95829176902771,1.8518519401550293,IB04
2009-05-15,16.96,23.44,1450,10.59,0,71.1,93.5,140,33.56,1510,1.007,18.99,6.272,1513,257.2,23.53,0.4,,,4.111222267150879,0.0,IB04
2009-05-16,16.61,24.71,1230,8.2,440,76.6,94.1,540,52.94,850,1.285,222.1,5.165,1105,223.4,26.47,0.0,,,4.384435653686523,0.0,IB04
2009-05-17,17.85,26.96,1240,9.13,500,65.48,94.0,440,28.95,1230,0.992,253.8,5.027,1337,237.6,25.68,0.0,,,4.6361613273620605,0.0,IB04
2009-05-18,18.1,26.23,1120,8.67,500,67.66,91.2,0,25.36,920,1.082,240.7,5.782,1257,246.1,26.53,0.0,,,4.78660249710083,0.0,IB04
2009-05-19,19.45,26.69,1130,11.45,440,75.2,94.4,450,45.63,940,0.948,278.9,4.733,1304,210.5,26.01,0.0,,,4.59771203994751,0.0,IB04
2009-05-20,23.08,34.12,1320,13.58,220,58.08,87.3,110,19.73,1400,0.983,41.12,4.302,1411,228.2,25.99,0.0,,,5.538300514221191,0.0,IB04
2009-05-21,24.94,36.44,1300,15.64,230,55.14,85.4,230,21.66,1300,0.971,338.0,4.038,1441,232.0,25.97,0.0,,,5.78823184967041,0.0,IB04
2009-05-22,22.37,31.25,830,16.1,140,66.04,84.6,2130,29.96,820,0.953,259.6,6.223,1034,222.5,21.93,0.0,,,4.729060173034668,0.0,IB04
2009-05-23,24.48,34.02,940,17.5,2310,61.71,91.4,2340,27.47,940,0.976,231.9,5.184,749,180.5,24.32,0.0,,,5.343801021575928,0.0,IB04
2009-05-24,21.19,27.97,1450,16.44,350,78.2,93.7,550,50.69,1440,1.015,223.1,5.498,1426,223.9,15.3,0.0,,,3.4025981426239014,0.0,IB04
2009-05-25,20.67,28.16,1330,14.64,440,76.3,93.7,440,41.94,1500,1.174,222.5,4.939,1229,228.0,22.44,0.0,,,4.510321617126465,0.0,IB04
2009-05-26,20.114,25.972,1430,12.374,430,73.744,96.49,530,45.98,1630,1.123,145.507,2.145,1230,134.735,27.471,1.997,,,4.864408,0.0,IB04
2009-05-27,20.51,27.44,1300,13.25,0,65.7,87.8,2330,42.43,1300,1.306,112.9,4.763,1351,243.6,23.06,0.0,,,4.614150047302246,0.0,IB04
2009-05-28,20.92,29.95,1200,10.59,410,54.02,92.2,540,22.74,1140,1.279,50.59,5.655,1705,38.07,27.92,0.0,,,5.594722747802734,0.0,IB04
2009-05-29,21.64,30.29,1120,14.85,2350,58.64,87.1,0,28.54,1050,1.307,60.7,5.792,1512,217.4,28.13,0.0,,,5.725411891937256,0.0,IB04
2009-05-30,21.82,30.48,1150,11.39,420,55.92,91.4,430,22.2,1200,1.096,305.3,5.145,1557,275.3,24.65,0.0,,,5.134742259979248,0.0,IB04
2009-05-31,21.17,26.51,920,15.9,500,67.95,91.0,2340,37.84,830,1.004,228.8,4.665,1029,232.3,15.35,0.0,,,3.506400346755981,0.0,IB04
2009-06-01,21.37,27.88,1340,15.71,350,72.6,93.7,510,41.41,1410,1.243,210.5,5.067,1040,265.5,27.88,0.0,,,5.285462379455566,0.0,IB04
2009-06-02,21.88,30.68,1030,13.78,340,66.2,91.0,150,24.67,1030,1.192,230.1,5.909,1437,236.5,27.65,0.0,,,5.629217624664307,0.0,IB04
2009-06-03,21.97,29.41,1340,13.32,500,60.95,91.3,410,29.2,1240,1.041,230.3,5.067,1228,246.7,28.12,0.0,,,5.411858558654785,0.0,IB04
2009-06-04,21.78,28.35,1140,13.98,250,69.77,91.7,2310,45.3,840,1.086,222.9,4.733,1411,229.0,24.1,0.0,,,4.714681625366211,0.0,IB04
2009-06-05,22.45,27.63,1050,16.04,450,73.9,92.6,510,51.48,1510,1.717,220.0,5.214,1427,211.6,24.69,0.0,,,4.953351020812988,0.0,IB04
2009-06-06,22.63,28.09,1310,16.64,510,62.55,92.7,440,31.28,1250,2.339,237.7,7.51,1355,233.8,27.73,0.0,,,6.061460018157959,0.0,IB04
2009-06-07,21.57,28.09,1130,14.97,450,63.5,92.7,540,34.55,1020,1.534,240.3,7.03,1358,231.6,28.13,1.4,,,5.579114437103272,0.0,IB04
2009-06-08,20.33,26.57,1320,12.92,340,71.5,91.1,500,49.89,1320,1.469,222.0,5.047,1446,231.2,20.96,0.0,,,4.248243808746338,0.0,IB04
2009-06-09,23.47,30.73,1410,17.1,0,53.85,91.2,520,23.13,1410,1.58,231.9,5.498,1542,243.3,26.23,0.0,,,5.911800861358643,0.0,IB04
2009-06-10,21.15,27.61,1420,13.58,420,68.15,86.2,2350,37.43,840,1.025,229.8,5.88,1307,217.9,25.58,0.0,,,4.898299217224121,0.0,IB04
2009-06-11,23.07,32.06,1350,13.85,440,58.55,88.7,420,25.13,1300,1.122,213.7,5.037,1551,234.1,28.56,0.0,,,5.853522300720215,0.0,IB04
2009-06-12,24.07,31.8,1310,16.64,430,62.72,86.9,0,31.27,1330,1.265,238.8,5.439,1522,229.9,28.09,0.0,,,5.921825885772705,0.0,IB04
2009-06-13,24.46,34.66,1030,16.04,420,61.63,90.6,520,27.26,1030,0.985,247.6,5.596,1334,261.6,27.81,0.0,,,5.911349296569824,0.0,IB04
2009-06-14,28.39,38.63,1240,17.51,310,39.69,77.7,250,14.39,1500,1.022,113.6,5.282,1424,148.4,27.78,0.0,,,6.457583427429199,0.0,IB04
2009-06-15,26.88,38.04,1140,20.42,310,55.9,83.9,2130,21.99,1150,1.158,245.2,5.4,1244,212.9,26.57,0.0,,,6.484286308288574,0.0,IB04
2009-06-16,25.51,32.66,1350,19.56,220,69.41,87.3,500,42.66,1440,1.474,59.47,5.096,959,52.94,26.45,0.0,,,5.881271362304688,0.0,IB04
2009-06-17,25.09,34.2,1030,17.77,450,63.58,86.2,410,30.27,1020,1.072,224.7,5.351,1141,232.2,27.21,0.0,,,5.917492389678955,0.0,IB04
2009-06-18,25.43,34.73,1000,16.97,340,52.72,82.4,320,22.73,950,1.21,241.6,5.753,1459,239.4,27.23,0.0,,,6.178779602050781,0.0,IB04
2009-06-19,25.66,35.12,1040,16.24,450,47.04,78.2,0,14.73,920,1.11,217.8,5.037,1226,230.5,25.14,0.0,,,5.887437343597412,0.0,IB04
2009-06-20,24.85,31.0,1330,20.48,2220,63.65,80.6,220,39.2,1150,1.567,68.11,5.312,651,77.2,22.83,0.0,,,5.407888889312744,0.0,IB04
2009-06-21,22.45,28.29,1340,17.24,2330,58.92,77.2,430,40.15,1250,0.989,155.2,4.831,1536,231.8,20.43,0.0,,,4.373556137084961,0.0,IB04
2009-06-22,21.65,28.03,1420,14.65,420,62.07,81.5,450,43.84,910,1.682,230.0,5.517,1715,226.6,17.62,0.0,,,4.294217586517334,0.0,IB04
2009-06-23,21.96,29.21,1210,14.92,500,64.76,87.7,500,43.28,1130,1.248,209.9,5.635,1159,220.0,25.66,0.0,,,5.142343044281006,0.0,IB04
2009-06-24,22.37,29.21,1230,14.25,430,62.39,87.7,500,32.81,1350,1.233,213.0,5.713,1435,241.7,28.04,0.0,,,5.553228855133057,0.0,IB04
2009-06-25,23.69,31.13,1320,16.5,430,70.1,86.6,440,46.47,1220,1.114,223.4,5.253,1414,225.3,25.17,0.0,,,5.196483612060547,0.0,IB04
2009-06-26,24.76,32.46,1300,17.76,330,69.51,92.0,400,40.53,1330,1.266,221.7,6.429,1426,236.9,27.49,0.0,,,5.8196234703063965,0.0,IB04
2009-06-27,24.69,31.07,1150,17.91,350,66.57,91.3,530,35.33,1130,1.549,218.4,6.664,1255,214.9,27.44,0.0,,,5.930538177490234,0.0,IB04
2009-06-28,24.21,29.8,1250,17.77,440,72.4,89.2,450,52.33,1250,1.225,213.1,5.263,1231,227.8,28.11,0.0,,,5.542117595672607,0.0,IB04
2009-06-29,24.47,31.67,1000,16.04,430,63.88,91.2,350,29.53,1720,1.11,219.7,5.204,1354,254.5,28.17,0.0,,,5.790292263031006,0.0,IB04
2009-06-30,24.68,32.13,1140,16.11,440,60.26,87.4,500,33.73,1640,1.283,211.7,6.125,1355,234.9,27.16,0.0,,,5.809327125549316,0.0,IB04
2009-07-01,25.68,34.31,1320,17.9,300,60.58,86.2,2250,23.19,1250,1.106,214.0,5.41,1531,214.8,25.08,0.0,,,5.730836868286133,0.0,IB04
2009-07-02,26.59,34.18,1440,19.29,450,53.75,88.6,530,15.2,1010,1.002,219.8,4.694,1301,221.6,27.43,0.0,,,5.993382453918457,0.0,IB04
2009-07-03,26.08,34.39,1040,17.37,440,56.21,86.2,2230,21.34,850,1.196,233.6,6.36,1318,225.8,27.76,0.0,,,6.1914963722229,0.0,IB04
2009-07-04,26.38,33.12,1200,19.02,420,68.49,86.0,2140,39.19,1240,1.084,218.2,5.272,1530,219.2,27.51,0.0,,,5.852097034454346,0.0,IB04
2009-07-05,26.62,32.45,1110,20.22,500,70.8,89.7,330,51.59,1520,1.194,210.3,5.174,1300,222.0,27.12,0.0,,,5.723459720611572,0.0,IB04
2009-07-06,27.55,34.32,1210,22.94,0,66.76,89.2,330,36.93,1210,1.399,129.4,6.341,1433,251.2,21.33,0.0,,,5.399894714355469,0.0,IB04
2009-07-07,26.5,32.72,1130,21.15,500,71.0,90.7,510,43.93,950,1.351,86.6,5.704,1404,231.5,22.92,0.0,,,5.290966033935547,0.0,IB04
2009-07-08,24.35,30.47,1550,19.49,2350,61.77,76.5,200,37.75,1410,1.523,57.55,4.861,1046,54.56,15.92,0.0,,,4.42588996887207,0.0,IB04
2009-07-09,24.35,31.87,1130,16.9,450,57.81,80.9,450,30.07,1140,1.159,214.1,5.596,1307,235.6,23.7,0.0,,,5.28460693359375,0.0,IB04
2009-07-10,24.79,30.0,1440,19.22,230,66.43,83.3,310,47.54,920,1.246,220.4,5.135,1358,235.2,21.07,0.0,,,4.678558349609375,0.0,IB04
2009-07-11,25.14,31.07,1220,19.09,350,69.8,88.0,430,47.14,1050,1.342,210.6,5.684,1222,228.2,23.79,0.0,,,5.171830177307129,0.0,IB04
2009-07-12,26.25,32.92,1250,19.89,530,67.81,89.3,430,44.46,1230,1.303,214.3,5.704,1342,234.9,27.17,0.0,,,5.8632893562316895,0.0,IB04
2009-07-13,28.42,38.75,1350,18.03,410,58.61,89.4,120,21.19,1350,0.741,59.64,3.744,1512,131.2,27.07,0.0,,,5.925896644592285,0.0,IB04
2009-07-14,27.54,34.18,1150,23.01,510,72.4,89.3,520,49.26,1150,1.726,224.7,6.752,1345,204.7,22.63,0.0,,,5.561237812042236,0.0,IB04
2009-07-15,27.38,32.32,1020,22.27,310,73.7,91.6,330,53.92,1040,1.218,231.3,5.86,1135,229.8,26.18,0.0,,,5.601912498474121,0.0,IB04
2009-07-16,28.03,35.91,1200,22.54,450,68.15,88.2,50,37.39,1200,1.327,204.1,5.243,1331,178.2,25.56,0.0,,,6.1029372215271,0.0,IB04
2009-07-17,28.14,33.32,1730,21.61,2350,65.04,80.6,440,35.46,1720,1.885,228.8,6.184,1427,232.4,26.06,0.0,,,6.3702569007873535,0.0,IB04
2009-07-18,23.82,29.2,1240,18.69,0,59.29,78.1,0,40.21,1020,1.326,216.3,5.86,1354,231.3,27.15,0.0,,,5.5527024269104,0.0,IB04
2009-07-19,23.85,29.67,1140,16.84,350,61.22,85.4,440,42.27,1130,1.345,209.3,5.41,1320,206.8,26.52,0.0,,,5.402968406677246,0.0,IB04
2009-07-20,24.83,33.19,1350,16.24,510,57.33,84.4,440,27.07,1000,1.427,200.9,6.282,1221,216.1,26.73,0.0,,,6.0172553062438965,0.0,IB04
2009-07-21,26.33,36.3,1500,15.64,420,55.4,79.7,140,24.26,1410,1.089,128.7,4.91,1541,160.9,25.99,0.0,,,5.912068843841553,0.0,IB04
2009-07-22,28.58,37.1,1030,21.55,330,59.43,78.2,140,32.06,1020,1.12,272.6,5.204,1532,219.5,25.72,0.0,,,6.088662624359131,0.0,IB04
2009-07-23,28.54,36.44,1250,21.34,410,60.81,87.6,2210,28.72,1300,1.826,221.9,6.576,1312,217.5,25.49,0.0,,,6.6732330322265625,0.0,IB04
2009-07-24,27.62,34.18,1640,20.48,500,74.0,91.1,510,50.38,1640,1.332,210.7,5.655,1350,227.4,25.44,0.0,,,5.65029239654541,0.0,IB04
2009-07-25,26.28,31.99,1410,19.49,0,48.47,69.2,0,26.53,1340,1.88,57.71,6.537,917,26.05,26.46,0.0,,,6.414444446563721,0.0,IB04
2009-07-26,25.67,33.31,1440,16.84,510,53.53,75.7,510,31.07,950,1.24,199.4,5.537,1157,215.0,25.63,0.0,,,5.68508768081665,0.0,IB04
2009-07-27,26.9,35.38,1150,18.75,510,57.08,77.3,2250,28.66,1020,0.961,229.3,5.488,1351,245.4,18.84,0.0,,,4.717772960662842,0.0,IB04
2009-07-28,26.79,34.51,1330,21.35,0,61.87,83.0,0,28.19,1320,1.792,80.3,5.429,749,52.11,25.71,0.0,,,6.469073295593262,0.0,IB04
2009-07-29,25.74,31.25,1200,19.76,510,72.5,89.1,520,50.39,1430,1.29,220.4,5.508,1208,229.1,25.72,0.0,,,5.35374116897583,0.0,IB04
2009-07-30,26.16,31.86,1400,20.36,0,57.23,88.9,200,30.13,1410,1.47,56.47,6.105,758,4.927,25.78,0.0,,,5.780004501342773,0.0,IB04
2009-07-31,25.4,32.64,1350,17.96,420,59.84,83.1,320,30.19,1410,1.238,215.7,5.272,1217,240.1,25.48,0.0,,,5.576496124267578,0.0,IB04
2009-08-01,25.21,31.39,1300,18.1,520,66.53,84.1,230,49.86,1340,1.213,216.0,5.351,1437,232.4,25.35,0.0,,,5.230465888977051,0.0,IB04
2009-08-02,25.86,32.85,1210,20.35,500,66.57,87.7,410,45.46,1010,0.888,77.0,5.008,1240,211.6,20.29,0.0,,,4.484927177429199,0.0,IB04
2009-08-03,25.23,31.52,1200,19.02,320,66.62,85.5,430,45.07,1120,1.218,189.1,6.252,1352,235.2,21.95,0.0,,,4.822748184204102,0.0,IB04
2009-08-04,25.48,31.27,1020,19.76,500,67.63,85.1,510,45.4,1020,1.321,216.9,5.704,1325,247.2,24.69,0.0,,,5.261472225189209,0.0,IB04
2009-08-05,26.06,33.04,1250,19.88,500,69.73,88.5,530,42.45,1250,1.277,220.5,6.154,1318,232.3,24.56,0.0,,,5.387208461761475,0.0,IB04
2009-08-06,25.92,33.4,950,19.02,530,68.35,89.5,450,30.61,920,1.407,220.0,5.772,1610,253.0,24.65,0.0,,,5.642691612243652,0.0,IB04
2009-08-07,25.85,32.66,1030,18.89,300,68.7,91.1,550,41.4,1000,1.284,74.4,5.821,1313,212.2,23.83,0.0,,,5.213495254516602,0.0,IB04
2009-08-08,25.92,32.92,1150,20.61,500,68.5,86.8,530,37.39,1150,1.235,227.2,5.949,1539,248.6,22.96,0.0,,,5.187070369720459,0.0,IB04
2009-08-09,25.76,31.84,1350,19.35,440,67.45,87.1,440,38.4,1030,1.162,199.9,5.704,1143,198.2,23.17,0.0,,,5.016812324523926,0.0,IB04
2009-08-10,24.82,29.24,1340,21.0,2240,70.3,84.4,150,53.41,1100,1.115,53.51,4.684,929,10.8,12.07,0.2,,,3.1322593688964844,0.0,IB04
2009-08-11,25.68,31.93,1450,19.55,310,60.15,84.8,310,40.13,1340,1.373,52.41,5.37,836,11.27,18.73,0.0,,,4.561191558837891,0.0,IB04
2009-08-12,25.28,32.2,1430,20.15,210,57.69,78.2,200,33.26,1600,1.089,53.18,5.537,1217,51.24,12.8,0.0,,,3.712284564971924,0.0,IB04
2009-08-13,26.26,34.83,1420,18.3,540,57.39,83.2,2320,26.65,1510,0.947,80.4,4.283,1547,232.7,23.67,0.0,,,5.172446250915527,0.0,IB04
2009-08-14,25.76,34.64,1120,17.76,440,62.8,88.7,410,29.26,1020,1.145,227.8,6.086,1219,184.9,24.16,0.0,,,5.378023147583008,0.0,IB04
2009-08-15,25.8,34.25,1040,17.96,550,65.38,91.0,700,24.79,1040,1.072,224.6,5.116,1436,248.1,24.44,0.0,,,5.322939872741699,0.0,IB04
2009-08-16,26.99,36.69,1200,19.42,430,57.81,84.1,350,21.72,1150,0.799,214.6,6.164,1255,186.6,23.96,0.0,,,5.189567565917969,0.0,IB04
2009-08-17,25.96,33.51,1300,17.63,520,59.97,77.6,2230,37.98,1530,1.146,216.7,4.89,1344,236.3,23.56,0.0,,,5.125207424163818,0.0,IB04
2009-08-18,25.94,35.98,1010,17.56,440,59.48,79.0,310,19.26,1020,1.202,234.5,6.076,1551,238.2,23.73,0.0,,,5.603229999542236,0.0,IB04
2009-08-19,28.25,38.62,1140,19.16,210,46.1,75.4,430,14.73,1110,0.759,32.32,5.076,1213,259.6,22.11,0.2,,,4.994411468505859,0.0,IB04
2009-08-20,27.31,36.56,1100,19.22,530,59.25,82.6,2150,23.18,1150,1.201,219.5,7.03,1240,239.6,23.08,0.0,,,5.5372395515441895,0.0,IB04
2009-08-21,26.48,34.05,1010,18.75,520,62.59,88.6,430,27.28,900,1.057,217.6,5.351,1332,207.4,22.87,0.0,,,5.034816265106201,0.0,IB04
2009-08-22,26.41,35.23,1030,18.36,540,65.04,86.9,330,23.52,1030,1.1,221.4,5.135,1534,193.2,22.82,0.0,,,5.19516658782959,0.0,IB04
2009-08-23,26.74,34.24,1040,19.21,520,65.93,88.7,430,34.06,1030,1.056,224.4,5.165,1310,241.0,22.35,0.0,,,4.925755500793457,0.0,IB04
2009-08-24,26.91,37.1,1030,18.96,540,60.22,89.5,430,21.93,1020,1.159,215.5,6.38,1311,238.0,22.58,0.0,,,5.425445079803467,0.0,IB04
2009-08-25,25.77,31.26,1040,18.89,350,67.85,83.4,0,54.01,940,1.159,208.6,4.91,1146,231.6,16.69,0.0,,,3.8026819229125977,0.0,IB04
2009-08-26,26.94,33.18,1030,22.2,510,63.98,84.2,220,34.79,1440,0.947,34.81,5.655,1210,226.4,19.16,0.0,,,4.371865749359131,0.0,IB04
2009-08-27,26.32,33.05,1000,19.81,540,68.23,87.7,620,38.86,950,1.175,222.5,6.301,1303,234.6,21.78,0.0,,,4.784979820251465,0.0,IB04
2009-08-28,26.35,32.72,1350,20.48,430,68.76,88.0,550,47.11,1540,0.998,210.0,5.018,1155,225.2,19.56,0.0,,,4.260606288909912,0.0,IB04
2009-08-29,24.64,30.27,1020,21.34,0,72.9,93.1,1400,48.93,1020,0.401,47.88,3.41,809,34.01,9.21,6.8,,,2.215654134750366,3.2667887210845947,IB04
2009-08-30,24.76,30.44,1540,19.15,420,71.9,89.4,530,52.65,1550,1.035,204.5,5.38,1545,217.3,20.0,0.0,,,4.068527698516846,0.0,IB04
2009-08-31,25.18,31.31,1250,19.35,430,72.2,90.4,610,49.75,920,1.08,213.9,5.723,1210,199.7,19.09,0.0,,,4.049931049346924,0.0,IB04
2009-09-01,25.56,32.51,1050,19.16,600,70.9,90.6,540,37.66,1050,1.138,214.9,5.233,1339,214.5,21.49,0.0,,,4.595308780670166,0.0,IB04
2009-09-02,25.48,31.58,1110,19.61,600,74.3,91.3,600,42.95,920,1.179,221.7,6.056,1243,211.4,21.58,0.0,,,4.508874893188477,0.0,IB04
2009-09-03,26.39,32.3,1400,21.14,430,76.1,90.1,430,57.98,1350,1.225,213.8,5.361,1133,210.0,19.4,0.0,,,4.176881790161133,0.0,IB04
2009-09-04,26.73,31.78,1210,21.74,500,72.0,89.6,620,52.92,1210,1.495,172.6,5.635,1315,242.6,21.01,0.0,,,4.568576812744141,0.0,IB04
2009-09-05,23.98,28.07,1510,19.95,2300,55.77,66.79,0,43.27,1510,1.957,58.83,5.576,849,41.59,19.08,0.0,,,4.589787006378174,0.0,IB04
2009-09-06,23.61,30.86,1100,17.69,410,56.01,76.0,2320,33.26,1100,1.002,88.5,5.478,1303,229.5,19.38,0.0,,,4.083072662353516,0.0,IB04
2009-09-07,23.33,33.11,1220,15.23,510,61.77,83.2,610,29.32,1220,1.018,62.27,6.723,1258,233.8,20.81,0.0,,,4.378148555755615,0.0,IB04
2009-09-08,23.35,31.84,1410,16.1,610,61.94,87.3,500,21.53,1410,0.832,55.68,4.096,838,21.51,21.62,0.0,,,4.180978775024414,0.0,IB04
2009-09-09,22.77,31.59,1110,14.77,510,62.98,87.4,540,21.33,1230,0.855,184.3,5.87,1329,221.6,21.57,0.0,,,4.138306140899658,0.0,IB04
2009-09-10,22.81,32.05,1050,13.71,530,56.06,82.6,430,19.0,1010,0.991,198.6,5.537,1313,234.2,20.78,0.0,,,4.242114067077637,0.0,IB04
2009-09-11,22.7,30.52,1100,15.37,540,67.01,88.4,550,32.86,1100,0.884,215.8,5.615,1211,231.9,19.52,0.0,,,3.8077802658081055,0.0,IB04
2009-09-12,22.9,32.24,1230,15.23,550,62.19,87.3,210,24.79,1230,0.877,164.8,5.292,1248,226.5,20.61,0.0,,,4.064151763916016,0.0,IB04
2009-09-13,21.72,30.32,1150,15.77,550,69.66,87.3,0,41.32,1400,0.779,339.1,5.851,1337,236.0,18.55,0.4,,,3.521400690078736,0.0,IB04
2009-09-14,20.54,25.51,1430,16.95,600,83.5,93.2,610,60.17,1430,0.506,193.8,5.135,2340,154.7,8.58,11.6,,,1.8618665933609009,6.754175662994385,IB04
2009-09-15,18.64,23.79,1030,15.83,2350,86.7,95.0,630,66.66,1600,0.374,49.14,4.449,1621,30.41,10.18,32.2,,,1.88021183013916,19.68946075439453,IB04
2009-09-16,19.06,25.23,1320,13.84,400,77.0,94.3,2350,49.89,1330,0.601,186.9,4.655,1314,234.6,13.08,18.6,,,2.401840686798096,11.430066108703612,IB04
2009-09-17,21.74,27.27,1310,15.82,100,74.4,95.6,710,49.53,1340,1.72,212.2,6.497,2321,210.5,18.62,11.6,,,3.6822586059570312,6.781124591827393,IB04
2009-09-18,21.37,25.16,1450,15.7,630,66.53,95.5,640,41.08,1530,2.444,237.0,7.82,102,263.5,19.17,29.2,,,3.986391067504883,18.01157569885254,IB04
2009-09-19,20.82,26.41,1230,15.9,2340,67.56,90.2,630,40.81,1410,0.352,330.1,4.214,1249,277.2,19.73,0.0,,,3.038534164428711,0.0,IB04
2009-09-20,19.87,25.51,1400,14.9,200,74.7,93.5,620,44.56,1410,0.792,237.9,6.096,1638,208.2,9.53,1.8,,,2.186758041381836,0.0,IB04
2009-09-21,20.06,25.97,1120,16.16,440,72.5,92.3,0,47.43,1120,0.162,21.09,2.901,1133,46.6,10.33,2.4,,,1.8467886447906487,0.0,IB04
2009-09-22,18.69,22.2,1640,16.62,340,90.5,95.0,920,74.7,1620,0.289,40.87,4.204,902,101.7,5.509,23.8,,,1.2319802045822144,14.654812812805176,IB04
2009-09-23,19.34,24.41,910,16.82,600,88.9,94.3,1300,67.98,1120,0.131,52.57,2.724,315,42.1,6.918,6.8,,,1.3859702348709106,3.2608654499053955,IB04
2009-09-24,20.634,27.19,1230,15.48,530,78.07,98.8,0,50.13,1230,0.482,16.786,2.948,1500,19.384,15.221,0.0,,,2.579199,0.0,IB04
2009-09-25,21.41,29.07,1040,14.5,540,78.7,99.8,550,44.74,1040,0.994,132.2,4.998,1416,236.1,18.97,0.0,,,3.3784632682800293,0.0,IB04
2009-09-26,21.18,28.14,1130,14.97,420,79.4,100.0,430,44.33,1230,0.798,51.93,4.106,1444,60.49,18.65,0.2,,,3.1582908630371094,0.0,IB04
2009-09-27,21.95,28.14,1420,16.89,420,78.9,98.6,250,47.01,1420,0.814,49.48,4.263,1423,112.9,14.52,0.0,,,2.7536816596984863,0.0,IB04
2009-09-28,19.06,21.14,0,17.35,510,96.5,100.0,1110,81.6,240,0.806,59.47,4.165,349,130.0,2.439,49.2,,,0.8831167817115784,29.134117126464844,IB04
2009-09-29,22.15,26.77,1250,19.68,240,87.5,99.2,0,67.3,1530,0.88,59.8,3.802,1311,71.4,8.78,0.2,,,1.9082515239715576,0.0,IB04
2009-09-30,22.32,29.12,1310,18.42,440,83.4,100.0,600,53.53,1220,0.671,29.87,5.214,1435,243.3,19.31,0.2,,,3.2084403038024902,0.0,IB04
2009-10-01,21.35,28.07,1250,16.56,530,83.9,100.0,630,54.73,1250,0.517,13.28,3.753,1241,265.6,17.02,0.0,,,2.750588893890381,0.0,IB04
2009-10-02,20.38,27.15,1100,14.97,500,77.1,100.0,130,47.21,1540,0.572,359.8,3.998,1344,245.9,16.31,0.0,,,2.6158599853515625,0.0,IB04
2009-10-03,19.82,26.48,1140,13.64,450,80.0,99.4,2350,55.42,1010,1.034,259.0,5.096,1311,209.1,18.87,0.2,,,2.966886281967163,0.0,IB04
2009-10-04,19.89,26.08,1220,13.25,520,85.0,100.0,610,63.99,920,0.855,230.1,4.43,1233,228.5,18.08,0.0,,,2.730870008468628,0.0,IB04
2009-10-05,21.2,28.07,1150,15.57,520,82.2,100.0,620,49.67,1150,0.732,333.9,4.116,1219,233.4,18.27,0.2,,,2.908210515975952,0.0,IB04
2009-10-06,21.71,30.19,1200,13.98,540,74.4,97.3,2240,47.53,1110,0.613,24.12,3.312,1407,249.1,18.25,0.0,,,2.90969467163086,0.0,IB04
2009-10-07,22.13,31.26,1100,14.44,550,80.6,100.0,2350,37.79,1110,0.594,348.3,3.263,1603,282.3,18.62,0.2,,,2.9770617485046387,0.0,IB04
2009-10-08,21.4,27.93,1310,15.37,340,86.9,100.0,410,60.6,1300,0.999,238.0,4.626,1521,226.2,15.75,0.2,,,2.6601710319519043,0.0,IB04
2009-10-09,21.48,27.27,1300,16.76,340,87.3,100.0,430,64.67,1330,0.696,342.8,4.136,1322,243.9,13.7,0.2,,,2.2929728031158447,0.0,IB04
2009-10-10,20.86,27.8,1400,16.36,2350,85.2,98.9,520,46.07,1400,0.365,35.3,3.881,1418,76.7,11.67,0.0,,,1.9658595323562624,0.0,IB04
2009-10-11,19.76,25.68,1130,14.24,630,82.0,99.6,350,53.88,1120,1.036,266.4,5.821,1515,241.4,15.2,0.2,,,2.475996732711792,0.0,IB04
2009-10-12,20.63,27.07,1130,13.84,520,74.1,99.8,610,50.47,1340,0.659,8.27,3.704,2107,40.29,17.25,0.0,,,2.5441701412200928,0.0,IB04
2009-10-13,18.75,26.28,1150,12.05,2350,61.95,88.4,2240,44.79,840,0.633,13.52,3.861,1357,1.799,16.52,0.0,,,2.372742176055908,0.0,IB04
2009-10-14,15.45,21.34,1030,10.73,550,73.4,92.8,320,50.73,1620,0.606,53.09,3.352,1444,52.78,7.09,0.0,,,1.430712103843689,0.0,IB04
2009-10-15,15.43,21.71,1230,11.19,540,63.78,87.3,540,40.84,1410,1.055,46.37,4.243,957,55.53,12.71,0.0,,,2.1511571407318115,0.0,IB04
2009-10-16,14.65,20.65,1520,9.72,2350,63.17,90.5,2340,38.97,1510,0.623,47.95,4.312,1100,66.34,14.52,0.0,,,1.8863528966903689,0.0,IB04
2009-10-17,15.69,23.77,1040,9.19,340,69.59,94.8,440,42.69,1040,0.755,53.09,3.675,1423,51.23,13.44,0.0,,,2.003756284713745,0.0,IB04
2009-10-18,14.4,18.93,1250,7.93,2310,63.04,87.8,2350,41.04,1240,1.225,52.59,6.723,1034,99.9,13.91,0.0,,,2.063940525054932,0.0,IB04
2009-10-19,13.98,20.97,1220,5.737,410,66.56,92.4,700,43.36,1200,0.875,148.7,4.067,1335,239.5,13.74,0.0,,,1.89469313621521,0.0,IB04
2009-10-20,16.44,22.84,1230,11.45,640,70.1,89.4,2320,45.7,1230,0.926,80.9,4.547,1218,166.6,13.37,0.0,,,2.035917282104492,0.0,IB04
2009-10-21,17.77,20.49,1430,14.62,1200,77.0,97.0,630,51.08,2130,2.255,251.6,12.28,943,213.1,5.426,20.4,,,1.9143719673156736,12.562127113342283,IB04
2009-10-22,17.34,22.06,1420,11.65,410,72.4,95.1,420,48.98,1410,2.654,276.9,11.02,1302,260.8,6.84,10.4,,,2.32116436958313,5.916565895080566,IB04
2009-10-23,18.46,21.38,1540,13.57,2320,62.97,90.6,0,49.3,1530,0.935,330.0,4.292,253,288.6,14.91,0.0,,,2.017622709274292,0.0,IB04
2009-10-24,19.97,25.61,1040,13.37,200,68.89,95.7,0,49.07,1320,0.643,345.4,3.283,1125,339.2,15.0,0.0,,,2.0320193767547607,0.0,IB04
2009-10-25,18.52,24.42,1210,12.31,610,85.8,97.9,640,57.29,1130,0.713,176.1,3.998,1257,209.9,13.74,0.2,,,1.8608949184417725,0.0,IB04
2009-10-26,18.31,23.26,1120,12.85,0,84.0,97.3,2340,62.18,1350,0.528,34.3,3.557,1502,225.2,8.47,0.0,,,1.3668757677078247,0.0,IB04
2009-10-27,17.09,22.5,1150,11.45,550,88.9,99.2,540,69.65,1000,0.798,257.5,4.253,1515,207.6,14.58,0.2,,,1.7433441877365112,0.0,IB04
2009-10-28,17.15,23.18,1110,12.51,2350,84.5,97.9,650,55.56,1150,0.737,288.3,3.606,1244,220.1,13.48,0.0,,,1.744508981704712,0.0,IB04
2009-10-29,16.28,21.99,1250,11.25,240,88.0,99.1,730,68.86,1250,1.077,251.0,4.939,1244,219.7,9.76,0.2,,,1.4628078937530518,0.0,IB04
2009-10-30,17.48,23.09,1350,11.58,420,91.3,99.5,640,74.6,1250,0.691,212.3,3.763,1441,197.7,13.38,0.0,,,1.5958290100097656,0.0,IB04
2009-10-31,17.96,23.57,1130,14.04,2350,89.7,99.5,730,60.77,1120,0.504,55.52,3.332,1204,210.1,10.81,0.2,,,1.4543437957763672,0.0,IB04
2009-11-01,17.58,22.11,1110,11.45,650,86.5,99.3,330,66.19,1010,1.156,211.7,4.047,1249,233.7,12.38,0.2,,,1.629315733909607,0.0,IB04
2009-11-02,19.61,23.44,1200,15.97,2300,65.25,91.1,830,41.29,1340,1.675,283.8,5.449,500,221.0,9.35,0.0,,,2.1897597312927246,0.0,IB04
2009-11-03,18.01,23.31,1100,11.45,2320,59.69,92.1,2340,39.62,1200,1.325,284.9,7.57,913,243.7,13.49,0.0,,,2.0781445503234863,0.0,IB04
2009-11-04,17.91,25.48,1300,11.18,350,69.94,99.1,710,41.21,1450,0.662,331.4,4.753,1443,287.2,12.78,0.0,,,1.6648668050765991,0.0,IB04
2009-11-05,14.66,20.5,1020,9.26,700,63.0,92.7,1900,36.51,1340,0.667,328.0,6.36,1510,271.1,7.19,2.6,,,1.3120062351226809,0.0,IB04
2009-11-06,12.48,18.0,1350,6.131,2320,74.7,95.6,2330,51.13,1040,0.649,11.78,4.753,116,23.81,11.62,0.2,,,1.2122910022735596,0.0,IB04
2009-11-07,15.18,22.85,1330,6.532,0,73.1,96.7,710,47.28,1750,1.689,327.7,9.56,1422,251.5,9.88,0.4,,,1.9449831247329712,0.0,IB04
2009-11-08,14.86,18.87,1030,11.39,2150,54.1,79.7,2150,36.85,1010,1.666,307.5,7.93,1159,251.6,7.71,1.8,,,1.955518126487732,0.0,IB04
2009-11-09,13.63,18.05,1430,8.19,2330,63.55,93.4,0,40.23,1440,0.855,350.9,5.184,106,271.8,13.23,1.4,,,1.3693608045578003,0.0,IB04
2009-11-10,12.51,17.99,1340,4.538,610,67.55,96.1,220,36.64,1420,0.885,295.6,5.753,1524,258.7,12.43,0.0,,,1.3379108905792236,0.0,IB04
2009-11-11,17.49,21.84,1230,11.05,2340,64.54,95.4,0,43.7,1220,0.79,304.4,4.802,314,237.7,12.07,0.0,,,1.428892970085144,0.0,IB04
2009-11-12,14.77,21.64,1240,9.19,630,88.6,97.7,550,68.98,1300,0.785,235.6,4.136,1424,227.4,11.36,0.2,,,1.2241719961166382,0.0,IB04
2009-11-13,14.37,21.05,1340,7.92,430,89.7,99.6,810,71.1,1340,0.663,228.2,3.773,1345,217.0,10.37,0.2,,,1.092745304107666,0.0,IB04
2009-11-14,14.66,21.85,1240,9.19,710,90.5,99.4,630,69.59,1410,0.778,132.9,4.106,1234,221.5,9.73,0.2,,,1.1339333057403564,0.0,IB04
2009-11-15,15.11,22.43,1310,9.26,330,89.7,99.6,820,68.91,1250,0.814,222.4,4.635,1318,232.5,10.7,0.2,,,1.191592574119568,0.0,IB04
2009-11-16,15.66,24.1,1150,9.46,620,85.8,98.4,640,55.16,1200,0.874,173.1,5.743,1247,209.9,11.34,0.0,,,1.3943547010421753,0.0,IB04
2009-11-17,15.05,25.5,1210,8.06,520,80.4,98.7,500,33.28,1220,0.379,21.59,2.979,1341,223.5,9.2,0.2,,,1.0869134664535522,0.0,IB04
2009-11-18,16.05,22.46,1350,10.26,10,84.7,97.2,2350,67.2,1400,0.841,50.5,3.597,931,37.36,6.617,0.2,,,1.0706331729888916,0.0,IB04
2009-11-19,14.84,21.86,1350,9.72,430,90.5,98.6,320,67.47,1400,0.447,338.7,2.391,1302,249.9,5.996,0.0,,,0.8710448741912842,0.0,IB04
2009-11-20,15.29,22.11,1300,10.92,610,89.4,99.3,630,60.51,1300,0.525,354.7,3.675,1416,233.1,8.89,0.2,,,1.010238528251648,0.0,IB04
2009-11-21,15.55,20.91,1240,11.51,2110,86.0,97.6,2210,62.25,1150,0.626,7.72,3.92,1321,230.5,9.66,0.0,,,1.0283931493759155,0.0,IB04
2009-11-22,14.54,19.88,1530,9.19,2300,87.2,97.8,510,69.76,1610,0.54,325.6,4.88,1130,249.8,4.243,0.2,,,0.7940469980239868,0.0,IB04
2009-11-23,12.67,21.3,1350,5.796,630,72.5,96.3,700,36.76,1510,0.519,355.7,3.352,1049,227.5,10.86,0.0,,,0.9829186797142028,0.0,IB04
2009-11-24,12.08,20.05,1400,5.336,620,84.4,97.7,0,60.14,1030,0.991,347.9,5.233,1446,242.6,11.03,0.2,,,1.0898131132125854,0.0,IB04
2009-11-25,13.12,20.46,1210,5.67,350,86.8,98.9,700,65.46,1310,1.269,237.4,6.693,1343,240.3,8.99,0.0,,,1.1161811351776123,0.0,IB04
2009-11-26,14.87,22.38,1410,10.58,2300,81.6,97.6,500,40.42,1440,0.461,359.4,3.459,1455,210.6,8.8,0.2,,,0.9594634175300598,0.0,IB04
2009-11-27,14.77,20.99,1420,11.05,0,88.2,98.6,830,67.2,1430,0.547,353.2,5.439,1249,219.1,7.71,0.4,,,0.8682847023010254,0.0,IB04
2009-11-28,13.23,18.92,1250,5.596,720,76.6,96.2,0,48.52,1150,0.993,200.5,4.371,2331,248.4,9.74,0.0,,,1.0848156213760376,0.0,IB04
2009-11-29,16.15,19.28,1340,12.17,1850,75.9,96.7,2000,65.31,900,3.479,230.4,9.63,1709,241.5,5.993,14.0,,,1.564366579055786,8.391779899597168,IB04
2009-11-30,12.61,15.75,1200,8.39,530,60.99,90.2,420,42.53,1250,1.682,290.2,7.96,9,262.5,8.61,2.6,,,1.3665823936462402,0.0,IB04
2009-12-01,12.23,15.07,1340,8.72,2130,57.94,79.1,600,49.51,1810,1.35,312.8,7.52,132,283.1,10.22,0.8,,,1.1651161909103394,0.0,IB04
2009-12-02,12.83,18.27,1200,4.14,540,76.6,91.4,630,58.96,100,1.639,232.0,6.105,2154,215.0,9.38,0.0,,,1.195183277130127,0.0,IB04
2009-12-03,14.39,17.5,1040,10.58,2210,82.6,95.5,2140,64.51,1400,2.247,259.7,7.26,817,239.3,4.525,7.0,,,1.2279871702194214,3.4121198654174805,IB04
2009-12-04,14.81,16.83,1230,12.13,10,61.87,75.7,10,53.56,1240,1.387,282.9,7.96,1350,263.7,3.481,0.0,,,1.317858099937439,0.0,IB04
2009-12-05,12.86,19.19,1150,6.866,0,74.2,94.3,2220,46.78,1130,0.738,302.8,4.812,1450,232.8,9.97,0.2,,,0.9083659648895264,0.0,IB04
2009-12-06,12.02,18.14,1300,5.135,650,87.7,97.9,840,69.61,1350,1.21,243.8,6.184,1232,233.8,7.48,0.0,,,0.8747738599777222,0.0,IB04
2009-12-07,12.99,18.4,1240,7.13,640,88.4,98.1,740,74.0,1450,1.182,252.8,5.792,1316,221.6,8.31,0.0,,,0.8308365941047668,0.0,IB04
2009-12-08,12.66,20.46,1200,6.599,0,75.6,98.5,630,44.77,1310,0.524,324.9,3.626,1422,293.2,8.71,0.2,,,0.8069548606872559,0.0,IB04
2009-12-09,10.85,19.2,1120,4.34,700,81.1,96.2,750,50.32,1530,0.497,17.47,2.93,1458,275.1,9.41,0.0,,,0.7176908254623413,0.0,IB04
2009-12-10,10.64,19.32,1220,4.871,640,83.0,96.8,550,44.44,1150,0.495,36.22,2.979,1431,234.4,9.44,0.2,,,0.7299131155014038,0.0,IB04
2009-12-11,10.42,19.19,1540,4.073,710,87.6,98.3,730,61.46,1540,0.495,38.0,3.42,1406,218.4,9.63,0.2,,,0.6718208193778992,0.0,IB04
2009-12-12,10.57,15.69,1200,6.064,450,80.9,97.5,20,58.16,1200,0.641,52.71,3.175,1058,75.0,5.235,0.0,,,0.7187498807907104,0.0,IB04
2009-12-13,9.31,11.06,1140,8.06,2000,87.7,95.1,2110,76.4,30,1.573,52.47,4.508,1713,60.27,1.782,11.6,,,0.7117603421211243,6.737205028533936,IB04
2009-12-14,10.13,12.05,1450,8.45,220,96.1,98.2,2000,90.0,140,1.406,51.06,5.527,2258,24.86,1.821,28.4,,,0.520072340965271,17.40214729309082,IB04
2009-12-15,8.94,11.11,1130,5.863,2320,80.3,97.4,2320,68.09,1110,1.016,3.667,5.949,357,85.6,2.848,1.6,,,0.6793776750564575,0.0,IB04
2009-12-16,8.84,13.98,2310,3.27,210,78.5,98.0,330,54.04,1220,1.383,271.5,6.203,1843,244.3,5.438,0.4,,,0.957368016242981,0.0,IB04
2009-12-17,13.3,18.08,1250,6.263,0,73.1,91.5,2350,52.94,1310,1.237,306.7,8.33,1125,259.9,8.53,0.0,,,1.0384752750396729,0.0,IB04
2009-12-18,7.04,11.52,1220,1.545,640,83.8,97.7,710,56.67,1220,0.336,27.25,2.989,1445,227.5,3.369,0.6,,,0.5460036396980286,0.0,IB04
2009-12-19,4.964,8.6,0,-0.783,2340,83.1,96.8,610,57.95,1420,0.774,38.66,4.841,1331,19.27,3.555,8.8,,,0.6202467083930969,4.745577812194824,IB04
2009-12-20,3.764,11.63,1140,-2.383,620,75.9,95.7,740,40.47,1520,0.594,356.9,4.763,1356,225.8,9.37,0.2,,,0.5831480026245117,0.0,IB04
2009-12-21,10.98,15.44,2340,4.675,0,86.1,97.1,950,55.64,100,0.882,341.3,4.41,2202,251.3,2.184,5.2,,,0.861325204372406,2.007985591888428,IB04
2009-12-22,16.42,17.89,1600,14.5,210,84.2,92.9,640,67.39,0,3.156,230.6,11.12,1736,231.0,1.979,1.6,,,1.3895111083984375,0.0,IB04
2009-12-23,16.17,18.96,1440,11.72,800,83.3,92.7,810,64.32,10,2.471,225.9,7.69,43,239.2,3.71,2.6,,,1.3525614738464355,0.0,IB04
2009-12-24,16.99,17.9,1540,16.04,320,90.2,95.9,330,81.3,1820,2.972,216.5,8.6,1833,240.9,1.432,10.4,,,0.9376001954078674,5.898686408996582,IB04
2009-12-25,15.35,17.92,1320,11.78,1900,72.4,92.7,10,47.31,1330,1.518,338.0,6.625,51,246.0,8.91,1.0,,,1.2303522825241089,0.0,IB04
2009-12-26,12.7,14.78,1210,10.32,250,94.2,97.7,2320,86.5,1330,0.719,52.76,3.391,940,40.13,1.932,13.0,,,0.5600340366363525,7.697234153747559,IB04
2009-12-27,12.07,16.41,1150,8.13,2130,80.2,97.7,0,56.48,1150,1.434,277.1,5.919,1356,242.3,8.14,0.2,,,1.0074673891067505,0.0,IB04
2009-12-28,15.25,16.96,1250,13.04,530,84.2,95.2,0,72.5,1200,3.237,235.5,8.38,1232,238.5,4.891,1.0,,,1.1911002397537231,0.0,IB04
2009-12-29,16.77,18.57,910,15.17,2100,88.7,95.8,40,77.9,500,1.868,194.1,5.9,442,263.7,6.296,0.2,,,0.9507976174354552,0.0,IB04
2009-12-30,15.51,19.66,1240,10.79,710,91.2,98.7,810,71.8,1250,1.158,232.5,5.851,1214,243.7,8.72,0.2,,,0.8913350105285645,0.0,IB04
2009-12-31,14.73,17.76,1330,9.26,340,84.6,99.2,650,54.23,2230,3.45,242.9,12.43,2314,259.4,6.144,0.4,,,1.6792932748794556,0.0,IB04
2010-01-01,13.36,15.16,1320,11.52,710,56.9,67.55,2310,49.62,1530,4.619,262.8,11.5,122,263.5,9.6,0.0,,,2.542501449584961,0.0,IB04
2010-01-02,11.05,16.8,1240,4.006,2350,69.84,92.2,0,42.18,1310,0.618,306.2,4.871,11,260.4,9.44,0.0,,,0.7581788897514343,0.0,IB04
2010-01-03,9.49,16.16,1050,2.676,420,84.0,95.1,810,61.69,1100,0.59,317.0,3.489,1349,230.6,9.08,0.0,,,0.6660927534103394,0.0,IB04
2010-01-04,12.08,16.61,1420,9.06,440,89.7,96.3,910,65.5,1330,0.316,57.02,2.215,1301,170.2,5.606,0.8,,,0.6205775141716003,0.0,IB04
2010-01-05,12.89,15.57,1310,11.12,2200,90.8,96.4,540,75.2,1510,0.528,318.5,3.234,103,196.0,3.66,1.6,,,0.6433165669441223,0.0,IB04
2010-01-06,10.17,14.42,1250,6.461,1850,80.5,97.4,320,57.69,1530,0.487,351.6,3.42,1105,276.5,8.13,5.0,,,0.6463910937309265,1.8465453386306765,IB04
2010-01-07,11.59,15.65,1620,7.0,110,90.3,97.6,820,72.8,1620,1.324,126.6,6.948,1411,209.8,1.543,18.2,,,0.804398238658905,11.133950233459473,IB04
2010-01-08,7.17,14.38,10,4.273,1930,88.5,97.5,2300,71.6,210,3.915,247.9,14.16,728,244.1,3.706,27.4,,,1.1805245876312256,16.831417083740234,IB04
2010-01-09,5.111,6.54,1950,2.869,740,73.4,94.1,10,55.1,1950,1.583,279.0,6.39,1021,260.2,3.1,1.0,,,0.8340371251106262,0.0,IB04
2010-01-10,6.701,11.03,1150,3.939,1950,63.34,87.6,2040,46.89,1300,0.945,288.5,4.861,1242,241.1,8.88,0.4,,,0.8405765295028687,0.0,IB04
2010-01-11,5.908,10.9,1410,2.341,2340,87.0,97.2,830,66.53,1400,0.303,6.062,2.538,1128,318.4,5.723,4.8,,,0.5249407887458801,1.684468150138855,IB04
2010-01-12,8.21,13.98,2310,0.676,450,89.6,97.9,650,70.6,1250,1.695,256.1,10.43,2337,258.9,3.69,21.0,,,0.8661918640136719,12.90989875793457,IB04
2010-01-13,11.85,15.48,1150,6.732,2130,69.08,93.8,0,46.14,1110,1.098,310.7,9.45,6,244.5,9.05,1.0,,,1.0575628280639648,0.0,IB04
2010-01-14,12.8,17.22,1510,7.73,30,80.3,97.4,330,50.95,1420,2.931,257.5,13.83,1327,253.1,6.301,3.2,,,1.7160664796829224,0.343851774930954,IB04
2010-01-15,11.29,16.28,1150,4.266,2230,76.1,97.0,2310,53.27,1150,1.0,28.23,6.684,231,42.79,9.06,0.8,,,0.987956166267395,0.0,IB04
2010-01-16,9.74,15.69,1320,2.345,500,92.0,98.2,730,81.2,1040,1.059,246.6,5.027,1343,251.0,7.92,0.2,,,0.7315672039985657,0.0,IB04
2010-01-17,12.31,15.83,1330,8.65,400,92.0,98.8,850,79.3,1550,0.392,44.99,2.832,1507,53.96,3.805,0.0,,,0.634774386882782,0.0,IB04
2010-01-18,11.7,17.27,1330,7.6,2340,84.5,94.7,0,51.59,1320,0.614,54.64,3.254,417,41.75,8.25,0.0,,,0.9108697175979614,0.0,IB04
2010-01-19,12.0,15.05,1120,8.33,740,90.3,95.8,720,71.0,1120,0.912,212.6,4.243,1404,195.6,3.761,0.6,,,0.7950853705406189,0.0,IB04
2010-01-20,12.5,17.26,1510,6.331,2330,83.2,98.8,540,54.32,1320,0.723,314.6,3.959,612,287.4,10.97,0.4,,,0.9768560528755188,0.0,IB04
2010-01-21,11.14,16.27,1230,5.395,2350,72.1,94.9,0,48.66,1210,0.783,297.6,3.91,1323,228.3,10.67,0.0,,,1.0126049518585205,0.0,IB04
2010-01-22,8.93,15.67,1230,3.275,550,89.4,98.1,2330,70.3,1020,0.841,49.85,4.822,1253,238.7,11.23,0.2,,,0.8848060965538025,0.0,IB04
2010-01-23,9.31,14.22,1310,5.009,740,85.5,98.8,250,62.57,1330,0.591,49.67,4.92,1231,69.41,7.27,0.2,,,0.7932196259498596,0.0,IB04
2010-01-24,12.2,15.61,1320,9.99,0,84.0,93.9,400,66.7,1300,0.845,50.15,3.087,1158,27.31,6.853,0.0,,,0.9289032220840454,0.0,IB04
2010-01-25,10.79,12.86,1010,7.53,700,80.9,93.1,700,71.4,1440,1.729,52.62,6.615,1254,41.27,5.379,0.0,,,0.9637455344200134,0.0,IB04
2010-01-26,10.814,13.27,1230,8.06,2300,75.634,89.3,50,63.79,2400,2.68,53.601,3.785,1300,55.65,6.455,0.2,,,1.341085,0.0,IB04
2010-01-27,8.323,10.7,1200,4.717,2400,73.293,92.8,2400,61.35,100,1.918,48.743,2.916,1130,48.53,5.891,0.0,,,1.068031,0.0,IB04
2010-01-28,6.282,13.41,1250,-0.783,650,74.8,97.2,740,48.14,1550,0.552,333.1,3.949,1308,354.6,12.06,0.2,,,0.8965582251548767,0.0,IB04
2010-01-29,7.63,14.12,1500,-0.052,340,78.3,94.1,650,55.9,1550,1.105,273.1,4.9,1513,234.7,6.877,0.0,,,1.0511465072631836,0.0,IB04
2010-01-30,11.84,15.08,1310,8.19,1930,58.17,73.5,0,43.26,1520,1.385,300.3,5.194,2135,249.6,12.7,0.0,,,1.5730050802230835,0.0,IB04
2010-01-31,8.82,15.14,1400,4.006,500,76.8,93.3,2340,47.33,1410,0.677,25.13,3.675,1204,125.5,9.07,1.4,,,1.0454025268554688,0.0,IB04
2010-02-01,7.39,12.76,1130,1.278,2330,82.0,97.9,230,57.7,1130,0.937,24.07,3.851,7,306.4,12.78,11.8,,,1.0617858171463013,6.88118314743042,IB04
2010-02-02,6.88,13.3,1530,0.81,30,81.9,97.3,740,54.03,1540,0.773,311.8,4.792,1604,240.1,9.63,0.8,,,0.9986254572868348,0.0,IB04
2010-02-03,6.801,15.07,1520,-0.187,410,83.0,96.9,0,53.48,1200,0.495,11.8,3.234,1343,211.3,13.65,0.2,,,1.0268446207046509,0.0,IB04
2010-02-04,11.42,16.95,1350,4.478,30,90.2,97.6,2200,69.97,1440,0.562,27.1,4.018,2339,245.2,4.858,1.4,,,0.8506767153739929,0.0,IB04
2010-02-05,12.62,18.87,1440,5.195,2240,77.7,97.9,800,49.79,1510,1.108,283.3,7.98,1018,243.9,11.5,0.0,,,1.490026593208313,0.0,IB04
2010-02-06,11.63,18.93,1440,3.344,450,66.51,97.7,250,34.97,1350,0.913,309.7,4.596,1406,276.8,13.84,0.0,,,1.5704584121704102,0.0,IB04
2010-02-07,12.12,16.41,1120,8.4,1930,70.3,90.1,2140,51.45,0,1.185,298.9,6.39,213,305.2,12.02,0.0,,,1.5031280517578125,0.0,IB04
2010-02-08,11.67,14.57,1340,8.45,530,86.2,96.7,2010,71.9,1100,1.107,169.1,4.939,1148,161.8,5.186,4.4,,,0.9600471258163452,1.3589602708816528,IB04
2010-02-09,10.26,13.84,1140,6.462,2200,83.2,96.8,50,61.64,2330,0.819,328.5,4.753,1044,332.9,9.15,1.2,,,1.1023353338241575,0.0,IB04
2010-02-10,7.12,11.71,1340,2.341,2050,74.4,94.9,740,50.17,1520,0.772,330.2,4.841,1044,285.0,7.08,2.2,,,1.0187963247299194,0.0,IB04
2010-02-11,5.554,10.19,1000,1.07,2230,64.24,93.3,0,33.94,1510,1.011,324.6,6.909,1935,274.6,11.11,0.8,,,1.2705539464950562,0.0,IB04
2010-02-12,4.312,9.45,1200,0.08,0,71.2,93.3,0,47.55,1520,0.616,4.526,4.116,1208,53.8,11.5,1.2,,,1.030694842338562,0.0,IB04
2010-02-13,5.154,11.45,1410,-1.051,350,74.4,92.3,440,44.1,1430,0.79,47.04,3.969,2207,50.32,8.81,0.0,,,1.1144952774047852,0.0,IB04
2010-02-14,6.632,9.47,920,3.27,2250,83.9,93.4,2300,70.4,1210,0.999,47.71,3.998,50,21.46,5.03,0.2,,,0.8490206003189087,0.0,IB04
2010-02-15,8.75,11.18,1400,4.34,10,90.8,98.2,2340,83.3,1110,1.0,50.32,3.459,1257,45.16,4.94,10.0,,,0.7746065258979797,5.612344264984131,IB04
2010-02-16,12.35,15.48,1410,10.65,510,90.6,98.6,730,76.7,1220,1.312,229.3,5.635,1032,257.0,11.67,3.0,,,1.338779091835022,0.1681188344955444,IB04
2010-02-17,13.61,16.68,1310,11.78,110,88.2,97.2,440,72.2,0,2.797,232.0,7.33,1655,238.9,13.16,7.8,,,1.71075701713562,4.018490791320801,IB04
2010-02-18,13.44,16.47,1130,8.46,720,77.6,96.2,2150,62.24,1450,1.764,203.2,9.31,2236,175.1,10.08,6.8,,,1.5826351642608645,3.262268543243408,IB04
2010-02-19,12.23,16.08,1050,7.85,2350,82.8,95.7,200,59.14,1150,1.352,269.1,7.94,248,265.0,8.94,6.4,,,1.461503267288208,2.9540855884552,IB04
2010-02-20,9.91,15.15,1210,3.01,2350,65.67,93.6,0,37.86,1310,1.296,279.4,6.252,1456,251.1,15.43,0.2,,,1.8797805309295648,0.0,IB04
2010-02-21,8.82,13.52,1420,1.813,520,88.1,97.0,730,64.81,1120,0.962,198.4,4.929,1457,179.1,5.272,1.0,,,1.0214200019836426,0.0,IB04
2010-02-22,13.85,17.15,1000,11.65,110,86.5,93.9,1850,70.8,1000,2.211,225.5,6.135,1115,222.5,10.8,0.2,,,1.6805391311645508,0.0,IB04
2010-02-23,14.55,18.75,1300,11.59,420,79.4,93.8,120,58.2,1600,2.139,209.2,6.909,1601,237.6,13.7,0.0,,,2.1601576805114746,0.0,IB04
2010-02-24,15.83,18.88,1120,13.38,2310,61.97,83.0,2350,50.19,1250,3.644,250.2,9.65,437,269.8,17.01,0.2,,,3.115096092224121,0.0,IB04
2010-02-25,14.63,17.75,1140,12.18,620,79.2,92.1,2310,64.54,220,2.477,234.0,6.184,1050,229.0,11.53,0.0,,,1.984015226364136,0.0,IB04
2010-02-26,15.65,19.85,1210,10.13,2310,64.62,91.1,100,40.7,1420,1.406,286.9,6.978,225,223.2,15.84,0.0,,,2.40452241897583,0.0,IB04
2010-02-27,13.5,20.06,1600,6.732,530,81.6,93.5,540,64.13,1610,0.689,68.32,3.714,1143,182.2,11.71,0.0,,,1.62316632270813,0.0,IB04
2010-02-28,15.13,18.23,950,10.85,2250,67.84,93.9,120,42.6,940,1.129,247.6,5.174,2356,219.1,6.892,0.0,,,1.6682227849960327,0.0,IB04
2010-03-01,14.03,18.27,1510,7.86,2340,71.3,92.6,410,43.85,1450,2.284,246.4,9.06,1304,266.2,18.43,0.0,,,2.732932806015014,0.0,IB04
2010-03-02,11.37,16.96,1340,4.407,620,76.8,96.7,710,49.62,1340,1.112,56.72,4.253,2226,48.01,7.27,0.0,,,1.518729329109192,0.0,IB04
2010-03-03,13.03,16.58,1320,9.39,2350,81.9,95.4,1130,72.5,100,1.908,333.6,7.32,1442,302.6,6.825,3.8,,,1.3849563598632812,0.8590015172958374,IB04
2010-03-04,12.26,19.39,1320,6.064,650,74.0,95.4,700,39.64,1540,0.781,309.0,5.351,1539,266.8,18.16,0.2,,,2.224968194961548,0.0,IB04
2010-03-05,10.32,14.18,1140,6.465,130,72.1,96.3,250,37.36,2320,1.353,50.4,5.331,1436,68.76,7.12,0.0,,,1.6512833833694458,0.0,IB04
2010-03-06,9.792,14.71,1100,3.527,2400,64.284,88.7,2400,40.03,30,1.553,53.288,3.192,30,57.46,8.348,0.0,,,1.834485,0.0,IB04
2010-03-07,8.35,15.74,1320,1.278,440,77.5,95.4,0,47.06,1320,0.793,59.73,4.469,1437,238.8,13.17,3.8,,,1.7035727500915527,0.8596004247665405,IB04
2010-03-08,8.69,12.31,1110,4.801,2320,77.8,98.5,450,39.91,1920,1.636,304.8,6.497,1918,297.6,12.27,38.6,,,1.8745269775390625,23.353099822998047,IB04
2010-03-09,6.277,10.86,1210,3.789,1830,76.1,89.3,440,56.61,1620,1.646,38.04,5.713,946,7.12,6.451,1.8,,,1.3600513935089111,0.0,IB04
2010-03-10,3.051,5.663,1430,0.013,2340,88.2,96.1,2240,69.66,1440,0.806,43.82,4.234,1159,55.35,5.12,5.2,,,0.8156450986862183,2.007784843444824,IB04
2010-03-11,4.307,11.04,1420,-1.72,530,80.5,96.9,220,54.44,1510,0.463,1.323,3.195,1437,227.7,10.85,0.2,,,1.2406154870986938,0.0,IB04
2010-03-12,6.259,13.76,1140,-1.051,530,78.7,95.4,420,45.68,1450,0.575,46.25,2.989,1224,276.8,11.29,0.0,,,1.4594271183013916,0.0,IB04
2010-03-13,8.01,14.17,1420,1.345,2350,75.9,95.3,0,48.69,1420,0.602,31.21,3.704,1530,257.6,10.84,0.0,,,1.4926313161849976,0.0,IB04
2010-03-14,6.693,15.68,1520,-0.515,600,78.0,97.4,740,43.66,1540,0.657,11.62,4.165,1359,232.1,16.34,0.2,,,1.8814170360565183,0.0,IB04
2010-03-15,8.08,18.0,1220,-0.448,600,76.8,95.4,700,39.31,1200,1.006,306.9,5.459,1330,252.7,20.64,0.0,,,2.48329496383667,0.0,IB04
2010-03-16,8.38,15.94,1210,0.746,550,79.2,96.8,700,44.66,1140,1.01,338.4,4.606,1602,229.3,21.16,0.2,,,2.397423267364502,0.0,IB04
2010-03-17,9.57,18.4,1420,1.746,500,76.6,96.2,250,45.98,1420,0.908,69.66,5.008,1519,201.4,20.28,0.2,,,2.466726541519165,0.0,IB04
2010-03-18,11.54,20.58,1200,2.548,550,83.6,97.3,230,50.18,1200,0.808,18.44,4.047,1318,246.6,18.74,0.0,,,2.4643874168396,0.0,IB04
2010-03-19,12.84,18.46,1120,6.399,550,89.2,98.5,730,70.1,1250,1.124,212.8,4.39,1348,221.1,17.7,0.2,,,2.283212423324585,0.0,IB04
2010-03-20,16.07,20.99,1540,12.18,230,82.0,97.5,630,54.39,1600,0.823,205.8,3.312,1245,215.0,16.45,0.0,,,2.5002174377441406,0.0,IB04
2010-03-21,15.71,18.7,1330,13.37,400,84.9,91.6,2040,73.9,10,0.525,39.08,3.107,1255,44.76,5.182,1.4,,,1.198698878288269,0.0,IB04
2010-03-22,14.75,19.54,1210,11.31,2350,85.0,95.5,0,66.75,1410,0.63,35.19,4.508,1416,271.8,12.14,0.0,,,1.9139618873596191,0.0,IB04
2010-03-23,13.81,20.27,1320,10.26,120,87.4,98.0,650,61.94,1310,0.745,47.65,4.322,1429,214.0,12.97,0.0,,,2.036230087280273,0.0,IB04
2010-03-24,14.22,20.0,1430,11.39,0,83.5,94.1,130,60.33,1430,0.786,51.1,3.969,1516,222.8,11.79,0.2,,,1.988655924797058,0.0,IB04
2010-03-25,14.64,18.33,1410,11.05,20,84.3,97.4,2340,68.48,1450,1.085,202.5,4.488,1415,256.8,15.59,0.0,,,2.2777624130249023,0.0,IB04
2010-03-26,15.23,20.43,1020,8.66,2230,69.16,97.1,10,31.97,1300,2.013,243.3,6.311,1405,267.2,20.3,0.0,,,3.5315756797790527,0.0,IB04
2010-03-27,15.0,21.52,1520,7.99,120,60.06,95.9,130,25.75,1450,1.072,288.3,4.488,148,244.8,23.44,0.0,,,3.4638705253601074,0.0,IB04
2010-03-28,12.33,19.19,1220,5.143,620,79.8,96.8,540,49.12,1630,0.825,233.3,4.028,1151,219.7,20.83,0.0,,,2.7684221267700195,0.0,IB04
2010-03-29,12.74,19.06,1140,4.277,550,80.8,94.1,140,62.34,1040,1.399,219.3,5.429,1855,230.7,21.72,0.0,,,2.880666971206665,0.0,IB04
2010-03-30,15.71,19.8,1250,8.06,2350,64.25,93.2,0,37.31,1030,2.233,250.4,8.03,939,250.2,24.1,0.0,,,3.828834295272827,0.0,IB04
2010-03-31,11.88,20.06,1320,5.277,530,72.5,96.7,540,37.23,1330,0.931,291.8,4.743,1437,202.9,18.76,0.2,,,2.795156955718994,0.0,IB04
2010-04-01,13.02,20.72,1340,6.001,2330,68.75,95.1,0,37.9,1320,0.713,18.19,3.802,1114,263.1,19.56,0.0,,,2.8251605,0.0,IB04
2010-04-02,12.16,18.47,1320,4.274,620,82.6,96.3,520,59.68,1030,1.07,215.9,5.057,1244,231.0,22.6,0.2,,,2.9231286,0.0,IB04
2010-04-03,14.13,20.12,1330,9.0,0,78.8,96.2,650,49.72,1350,0.618,329.1,4.283,1246,220.4,17.72,0.0,,,2.6211417,0.0,IB04
2010-04-04,,,0,,1950,85.1,97.0,1140,54.0,1530,0.912,45.0,5.076,1055,38.9,14.45,9.0,,,,,IB04
2010-04-05,11.652,17.06,1430,5.582,530,77.781,97.9,630,44.14,1530,0.937,37.302,2.855,1300,223.1,22.174,0.2,,,,,IB04
2010-04-06,13.84,19.21,1500,8.19,100,76.3,93.7,110,53.67,1500,1.326,52.84,4.39,1046,34.05,11.29,0.0,,,2.229731,0.0,IB04
2010-04-07,14.64,20.66,1520,11.05,240,80.8,94.8,610,58.26,1430,0.868,23.72,4.018,1405,242.4,12.27,0.4,,,2.2051985,0.0,IB04
2010-04-08,14.186,18.8,1430,11.52,30,63.535,81.9,30,45.3,1630,1.17,26.339,2.041,200,52.89,17.566,0.0,,,2.941478,0.0,IB04
2010-04-09,14.71,19.54,1340,8.66,2230,65.66,95.1,2340,45.67,940,1.09,25.29,5.557,958,1.138,20.22,0.0,,,3.106483,0.0,IB04
2010-04-10,13.46,22.71,1220,6.2,0,71.9,93.5,0,35.03,1210,0.954,45.85,5.331,1338,268.7,25.42,0.0,,,3.7234232,0.0,IB04
2010-04-11,12.59,21.45,1210,3.946,530,75.3,96.7,640,41.64,1200,0.85,212.6,4.606,1357,228.6,25.45,0.2,,,3.5093954,0.0,IB04
2010-04-12,13.28,21.25,1220,6.339,450,75.0,96.1,220,47.18,1050,1.398,50.31,5.282,1944,85.2,19.3,0.0,,,3.1706252,0.0,IB04
2010-04-13,12.46,15.23,1430,9.65,0,76.3,91.8,640,50.02,1630,1.115,51.52,3.753,1448,58.04,7.88,1.2,,,1.7769175,0.0,IB04
2010-04-14,12.66,20.12,1420,6.138,350,68.58,95.4,430,39.51,1330,1.056,44.17,4.322,834,32.83,21.3,0.0,,,3.2340994,0.0,IB04
2010-04-15,11.85,19.34,1120,4.608,400,75.9,95.1,2330,42.92,1120,0.678,267.5,3.871,1409,246.1,15.03,0.2,,,2.4139526,0.0,IB04
2010-04-16,13.28,19.92,1140,5.143,530,73.5,96.8,630,37.85,950,0.848,241.5,4.469,1355,277.0,23.75,0.0,,,3.4025602,0.0,IB04
2010-04-17,13.86,18.81,1130,7.67,2350,77.4,95.6,610,48.33,1130,0.68,340.3,4.155,1130,186.8,13.19,0.8,,,2.2725513,0.0,IB04
2010-04-18,13.71,20.93,1130,7.67,550,73.5,93.9,20,38.11,1120,0.895,231.4,4.547,1407,205.3,22.23,0.0,,,3.3950043,0.0,IB04
2010-04-19,14.3,21.06,1210,6.205,510,83.9,96.1,2140,62.2,1130,1.082,215.5,4.88,1524,221.7,23.3,0.0,,,3.377334,0.0,IB04
2010-04-20,15.85,22.92,1120,9.86,210,80.4,98.0,430,54.91,1120,0.69,247.9,5.057,1214,204.6,22.21,0.2,,,3.4225957,0.0,IB04
2010-04-21,15.89,24.11,1300,8.33,350,74.2,97.1,440,39.5,1000,0.79,273.9,4.057,1408,261.0,25.45,0.0,,,3.937144,0.0,IB04
2010-04-22,13.22,14.58,650,11.26,20,88.5,97.3,2050,69.95,600,0.516,16.7,2.822,1354,19.73,3.228,17.6,,,0.9909916,10.752101,IB04
2010-04-23,16.22,22.05,1540,10.79,0,71.9,96.8,2350,44.3,1520,0.976,3.705,4.645,1204,10.99,23.16,0.0,,,3.7028143,0.0,IB04
2010-04-24,16.46,21.98,1340,10.59,30,84.0,97.2,240,65.47,1030,0.705,218.7,3.793,1126,225.7,24.44,0.0,,,3.6749265,0.0,IB04
2010-04-25,16.64,22.91,1040,10.46,240,82.5,98.1,710,56.94,910,0.749,244.1,4.253,1354,234.5,23.9,0.2,,,3.7071989,0.0,IB04
2010-04-26,17.56,26.37,1340,9.6,400,78.4,97.5,630,40.75,1500,0.841,198.4,3.606,1206,216.7,26.76,0.0,,,4.3654685,0.0,IB04
2010-04-27,18.34,25.83,1240,11.6,0,69.49,96.2,540,38.55,1650,0.634,220.9,3.116,1234,237.5,26.78,0.0,,,4.308963,0.0,IB04
2010-04-28,17.09,25.14,1030,9.78,500,71.758,94.7,2300,37.81,1000,0.88,232.903,2.314,1530,221.2,27.888,0.0,,,4.455431,0.0,IB04
2010-04-29,16.333,22.52,1050,10.66,150,83.853,98.4,540,61.78,1230,0.973,268.36,2.792,1330,233.8,26.659,0.2,,,4.021701,0.0,IB04
2010-04-30,17.54,24.97,1040,10.45,510,82.4,97.1,0,50.31,1010,0.913,300.8,4.929,1407,214.3,25.38,0.2,,,4.146756,0.0,IB04
2010-05-01,18.18,24.99,1320,14.18,110,84.7,97.3,120,58.58,1320,0.672,191.2,3.891,1350,226.2,14.93,0.2,,,2.8121762,0.0,IB04
2010-05-02,17.8,24.05,1010,11.85,530,80.2,97.7,540,47.84,1010,0.891,204.5,5.037,1105,223.3,23.32,0.0,,,3.9131224,0.0,IB04
2010-05-03,14.52,16.7,850,10.71,0,91.1,98.6,1420,77.3,2230,1.324,44.55,5.635,1628,69.53,1.859,103.4,,,0.9395725,56.306828,IB04
2010-05-04,11.71,15.63,1400,8.99,2010,75.9,93.6,50,51.68,1450,0.916,286.7,4.939,31,310.1,13.64,5.6,,,2.2944627,2.3332322,IB04
2010-05-05,12.88,19.07,1400,7.74,2330,73.7,97.0,520,40.45,1350,0.719,314.0,4.449,1715,251.4,25.15,1.8,,,3.6034553,0.0,IB04
2010-05-06,13.28,19.8,1330,7.0,50,69.2,96.5,420,34.91,1640,0.709,10.65,4.91,1417,235.9,25.85,0.0,,,3.7471354,0.0,IB04
2010-05-07,14.44,19.94,1130,8.13,420,77.9,96.1,440,51.26,1140,0.963,200.4,4.606,1457,263.1,21.8,0.2,,,3.397501,0.0,IB04
2010-05-08,17.12,22.25,1320,11.91,350,80.4,97.5,520,49.71,1320,1.166,207.4,5.135,1216,219.0,28.62,0.0,,,4.4922175,0.0,IB04
2010-05-09,17.86,24.11,1110,11.91,440,80.4,98.1,520,51.23,1050,0.872,221.6,4.263,1153,254.2,25.2,0.0,,,4.156978,0.0,IB04
2010-05-10,17.04,24.12,1300,11.79,400,84.3,98.7,610,54.91,1500,0.894,204.6,4.861,1609,212.6,20.48,0.2,,,3.533493,0.0,IB04
2010-05-11,18.31,24.44,1420,12.84,400,75.0,98.3,510,37.96,1410,1.324,227.1,5.37,1216,219.9,28.98,0.0,,,4.9257016,0.0,IB04
2010-05-12,17.91,22.65,1340,12.98,2330,75.9,94.5,2330,46.44,1550,1.551,241.2,5.468,1143,230.9,28.84,0.0,,,4.7607226,0.0,IB04
2010-05-13,16.8,22.19,1240,10.06,510,72.9,98.0,600,45.7,1520,1.564,235.1,6.066,1133,239.6,28.67,0.2,,,4.6074657,0.0,IB04
2010-05-14,14.24,20.33,1400,9.26,2320,77.4,97.2,2350,43.92,1350,0.786,34.28,4.067,1214,337.7,15.67,4.0,,,2.7885454,1.0306836,IB04
2010-05-15,15.99,20.33,1330,9.93,0,58.56,96.3,0,34.37,1640,1.209,281.3,5.694,1256,278.7,27.49,0.0,,,4.364176,0.0,IB04
2010-05-16,16.73,23.79,1320,9.12,450,57.03,88.9,2250,25.55,1640,0.809,345.9,5.057,1202,226.4,30.99,0.0,,,4.853531,0.0,IB04
2010-05-17,15.92,23.98,1310,7.07,440,64.15,96.1,500,29.49,1150,1.118,235.1,5.87,1419,216.9,30.19,0.0,,,4.8671403,0.0,IB04
2010-05-18,16.56,22.98,1340,8.73,500,68.83,96.4,510,36.56,1540,1.348,223.9,5.125,1136,217.3,29.92,0.0,,,4.854814,0.0,IB04
2010-05-19,16.99,23.53,920,8.54,430,65.38,96.8,400,36.17,930,0.999,243.0,4.773,1410,216.6,29.75,0.2,,,4.7669396,0.0,IB04
2010-05-20,18.15,25.37,1310,10.12,440,63.99,92.2,2340,29.81,1300,1.062,287.0,7.1,1321,195.7,29.31,0.0,,,5.0078764,0.0,IB04
2010-05-21,18.46,26.43,1250,10.73,400,62.99,94.3,520,32.88,1230,1.014,242.7,4.988,1307,232.2,29.39,0.0,,,5.0642815,0.0,IB04
2010-05-22,18.66,27.09,1110,10.26,420,61.67,88.4,420,31.88,1040,1.025,227.5,5.38,1212,212.7,29.87,0.0,,,5.2024546,0.0,IB04
2010-05-23,18.58,26.9,1000,10.13,500,64.07,93.9,530,28.68,1000,0.996,215.9,4.714,1144,231.5,29.85,0.0,,,5.1749845,0.0,IB04
2010-05-24,18.59,26.43,1330,10.0,500,67.02,93.6,2300,35.88,1200,1.04,212.8,4.547,1243,217.7,30.51,0.0,,,5.199998,0.0,IB04
2010-05-25,19.79,27.76,1330,10.13,400,58.37,91.8,140,29.88,1710,1.019,234.2,5.988,1421,219.0,29.94,0.2,,,5.3218985,0.0,IB04
2010-05-26,18.97,25.5,1210,10.93,500,75.5,96.1,2250,49.29,740,1.111,222.1,5.067,1345,214.9,28.94,0.0,,,4.9076567,0.0,IB04
2010-05-27,20.37,26.3,1220,15.1,350,78.2,97.8,450,50.76,1220,1.026,226.9,5.723,1259,201.7,20.8,0.0,,,3.9950812,0.0,IB04
2010-05-28,20.38,25.77,1200,15.11,230,76.9,97.1,300,55.43,1530,1.106,63.47,4.204,1644,47.64,24.11,0.0,,,4.384204,0.0,IB04
2010-05-29,21.53,28.21,1420,14.91,0,55.87,89.0,10,33.07,1510,0.936,348.0,4.479,1302,278.5,30.13,0.0,,,5.487504,0.0,IB04
2010-05-30,20.22,25.97,1210,12.26,420,75.4,95.3,2350,51.03,1710,1.508,215.7,5.743,1310,239.8,27.21,0.0,,,4.9132814,0.0,IB04
2010-05-31,23.82,31.07,1330,16.1,220,58.56,96.0,110,33.33,1420,0.98,325.7,5.125,1719,139.4,27.9,0.0,,,5.5293202,0.0,IB04
2010-06-01,22.07,29.54,1330,15.84,240,71.8,91.5,0,39.61,1340,0.962,202.8,4.077,1346,182.6,27.75,0.0,,,5.2946196,0.0,IB04
2010-06-02,21.14,26.57,940,15.97,420,76.6,93.7,200,54.64,930,1.23,197.5,4.743,1535,225.3,22.01,0.0,,,4.270265,0.0,IB04
2010-06-03,20.91,26.43,1220,14.91,2350,73.2,93.7,420,48.42,1200,1.133,222.7,4.616,1424,237.7,28.7,0.0,,,5.1506915,0.0,IB04
2010-06-04,20.85,28.29,1220,12.52,500,70.9,94.1,300,40.47,1320,1.154,224.5,4.626,1332,198.4,30.95,0.0,,,5.6006737,0.0,IB04
2010-06-05,21.54,29.28,1000,13.12,440,66.98,93.5,350,32.54,940,1.141,231.8,4.88,1523,227.1,30.87,0.2,,,5.7715573,0.0,IB04
2010-06-06,22.44,28.97,900,14.65,430,63.86,89.0,40,37.35,900,1.054,36.26,5.537,1317,243.0,25.76,0.0,,,5.0769615,0.0,IB04
2010-06-07,22.56,28.76,1240,16.3,420,69.21,91.9,520,32.61,1240,1.281,213.1,6.096,1159,244.6,30.29,0.0,,,5.8538322,0.0,IB04
2010-06-08,21.9,27.49,1050,14.78,510,74.7,94.5,320,57.15,1050,1.33,204.4,5.596,1238,224.9,30.52,0.0,,,5.4840508,0.0,IB04
2010-06-09,22.74,27.63,1210,19.56,130,75.3,88.4,120,55.22,1210,1.362,196.1,4.635,1219,214.6,16.89,0.0,,,3.8285599,0.0,IB04
2010-06-10,23.27,27.3,940,18.75,2240,68.91,84.8,530,45.48,1000,2.242,222.1,7.24,322,216.9,24.62,0.0,,,5.3919797,0.0,IB04
2010-06-11,20.42,25.73,1500,15.57,0,72.7,91.2,340,45.56,1640,0.997,242.1,5.39,1611,228.6,12.89,0.0,,,3.0489757,0.0,IB04
2010-06-12,20.35,26.76,1230,12.98,430,73.9,93.7,510,52.95,1210,1.164,217.7,5.38,1111,232.0,25.44,0.0,,,4.6709766,0.0,IB04
2010-06-13,21.52,26.76,1020,16.11,2350,69.05,90.0,400,43.09,1010,1.251,225.0,5.792,1206,208.4,30.25,0.0,,,5.5518,0.0,IB04
2010-06-14,20.79,28.23,1010,13.78,240,69.02,91.3,250,38.75,1010,0.954,43.58,4.733,1129,236.7,14.17,0.0,,,3.3985846,0.0,IB04
2010-06-15,18.952,22.65,1000,16.24,2350,81.7,96.6,1210,56.11,1620,0.836,62.45,4.145,1033,177.3,13.2,13.6,,,2.723832,8.142415,IB04
2010-06-16,19.14,25.43,1330,12.98,420,73.0,97.5,440,48.02,1250,1.125,242.4,6.566,1545,213.5,26.55,1.0,,,4.694601,0.0,IB04
2010-06-17,20.58,26.89,1300,13.12,140,63.36,92.3,140,35.55,1400,0.792,1.208,5.047,1633,296.2,31.27,0.2,,,5.41454,0.0,IB04
2010-06-18,21.04,26.83,1000,13.25,450,66.34,93.0,510,32.68,1000,1.473,222.2,5.145,1353,199.7,31.47,0.0,,,5.8198624,0.0,IB04
2010-06-19,22.69,28.62,1030,16.37,420,61.92,93.4,440,32.81,1330,0.967,299.9,5.527,1845,208.7,29.62,0.0,,,5.5831647,0.0,IB04
2010-06-20,18.66,21.99,1600,13.91,2340,62.88,82.0,730,47.01,200,1.194,79.8,4.929,649,58.87,15.4,0.0,,,3.276353,0.0,IB04
2010-06-21,20.35,26.83,1320,14.18,10,59.97,83.3,2330,34.15,1320,1.315,240.9,5.439,1636,249.3,30.05,0.0,,,5.59162,0.0,IB04
2010-06-22,20.05,25.77,1350,13.25,350,69.83,93.4,400,40.62,1110,1.437,224.0,5.86,1431,257.8,30.39,0.0,,,5.4480033,0.0,IB04
2010-06-23,20.32,26.43,1300,12.65,450,72.0,94.5,510,49.42,1230,1.369,220.9,5.792,1435,227.7,31.32,0.0,,,5.488072,0.0,IB04
2010-06-24,21.03,29.29,1010,12.91,500,70.7,95.3,510,31.88,1010,1.22,224.0,6.076,1340,219.3,30.08,0.0,,,5.720378,0.0,IB04
2010-06-25,22.02,31.81,1140,13.98,450,65.57,93.5,430,29.94,1140,1.112,266.9,6.341,1616,276.9,30.44,0.2,,,5.990066,0.0,IB04
2010-06-26,22.36,30.28,1010,14.44,440,60.64,90.5,420,27.0,1010,1.221,235.1,5.753,1417,236.3,30.71,0.0,,,6.019963,0.0,IB04
2010-06-27,23.1,32.6,1110,14.45,410,60.11,91.4,340,23.4,1050,1.093,71.0,6.448,1159,220.0,30.85,0.0,,,6.187058,0.0,IB04
2010-06-28,23.21,29.88,1350,15.31,410,57.49,83.3,300,31.14,1120,1.2,175.6,5.655,1517,207.8,27.22,0.0,,,5.553987,0.0,IB04
2010-06-29,24.3,32.39,1340,16.17,430,60.66,85.5,2150,28.26,1340,1.225,201.8,4.949,1248,221.7,29.44,0.0,,,6.146932,0.0,IB04
2010-06-30,24.47,30.48,1130,17.3,440,64.09,88.5,250,37.96,800,1.419,205.2,5.233,1352,206.1,29.73,0.0,,,6.06287,0.0,IB04
2010-07-01,24.21,30.27,1500,16.84,440,70.3,91.0,520,45.33,1450,1.259,210.5,5.88,1309,223.9,29.81,0.0,,,5.865369,0.0,IB04
2010-07-02,25.33,32.01,920,18.5,410,65.77,88.8,0,34.67,920,1.228,216.1,5.41,1110,212.9,29.85,0.0,,,6.181429,0.0,IB04
2010-07-03,24.98,30.61,920,18.23,440,72.2,96.1,450,42.34,920,1.258,232.7,5.782,1149,209.5,30.16,0.0,,,6.0078354,0.0,IB04
2010-07-04,25.46,33.46,950,19.55,510,66.04,90.7,410,32.46,950,0.803,60.5,5.106,1154,226.3,17.13,0.2,,,4.1562505,0.0,IB04
2010-07-05,26.21,33.98,1040,19.16,350,65.58,90.8,420,32.79,1010,1.304,217.0,5.743,1259,233.5,29.97,0.0,,,6.483736,0.0,IB04
2010-07-06,25.98,32.33,1130,19.36,440,68.18,92.9,510,33.2,1220,1.496,200.6,5.939,1226,231.8,30.14,0.0,,,6.458776,0.0,IB04
2010-07-07,25.43,30.87,1300,19.02,440,70.2,93.3,500,45.6,1310,1.296,223.1,4.9,1456,199.5,30.49,0.0,,,6.105201,0.0,IB04
2010-07-08,26.03,31.99,1130,19.42,420,63.72,91.4,500,30.6,920,1.306,236.4,5.468,1329,233.9,29.38,0.0,,,6.2202797,0.0,IB04
2010-07-09,25.84,32.99,1000,19.95,440,70.7,91.3,2340,38.13,1000,1.208,308.8,5.566,1617,247.2,27.86,0.0,,,5.9673395,0.0,IB04
2010-07-10,27.96,37.24,1340,18.56,410,57.71,92.4,500,26.46,1350,1.129,70.6,5.508,1424,142.2,29.52,0.0,,,6.629157,0.0,IB04
2010-07-11,26.95,34.19,950,20.62,410,57.55,79.5,500,27.6,950,1.13,292.1,5.625,1511,220.4,30.46,0.0,,,6.5303416,0.0,IB04
2010-07-12,26.01,34.19,940,19.1,520,62.1,87.5,0,29.67,910,1.198,206.9,5.38,1053,224.1,28.35,0.0,,,6.201652,0.0,IB04
2010-07-13,25.19,30.67,1220,18.5,450,74.9,93.1,330,47.97,810,1.229,225.0,5.517,1334,225.5,29.36,0.0,,,5.8359375,0.0,IB04
2010-07-14,25.69,31.07,1200,20.28,430,75.1,94.1,440,50.4,1250,1.239,221.9,4.861,1746,230.6,30.03,0.0,,,6.0097528,0.0,IB04
2010-07-15,26.15,33.12,1150,19.56,400,75.5,93.7,230,48.39,1200,1.267,44.17,5.586,1420,215.7,29.03,0.0,,,6.0536838,0.0,IB04
2010-07-16,26.099,32.2,940,20.04,500,79.054,94.5,0,53.35,1000,1.258,219.813,3.181,1100,222.2,28.987,0.0,,,5.919685,0.0,IB04
2010-07-17,26.92,34.71,1300,20.35,440,70.6,97.5,340,34.99,1300,1.253,54.91,5.39,1353,218.0,28.6,0.0,,,6.278418,0.0,IB04
2010-07-18,26.53,33.71,1210,21.27,2350,61.95,84.8,0,36.39,1220,1.608,111.1,5.86,1237,236.5,28.75,0.0,,,6.528847,0.0,IB04
2010-07-19,26.01,32.05,1340,19.22,420,68.3,90.4,500,41.06,1300,1.275,212.4,5.018,1221,224.8,27.98,0.0,,,5.8686423,0.0,IB04
2010-07-20,26.6,31.72,1410,20.55,450,67.01,87.4,450,39.53,1410,1.304,232.1,5.939,1133,229.9,28.08,0.0,,,5.9481397,0.0,IB04
2010-07-21,26.43,32.54,920,18.96,500,69.89,89.1,210,40.74,920,1.544,203.3,6.321,1608,221.7,28.51,0.0,,,6.1491795,0.0,IB04
2010-07-22,26.86,31.52,1250,21.21,500,75.9,95.8,510,59.32,1250,1.129,198.8,5.027,1340,231.1,26.5,0.0,,,5.4269238,0.0,IB04
2010-07-23,26.58,32.59,1250,22.87,0,68.48,91.4,330,45.26,1220,1.338,56.26,4.038,1634,48.46,26.51,0.0,,,5.7886114,0.0,IB04
2010-07-24,24.73,30.74,1010,19.22,510,64.86,86.5,0,41.13,1010,1.301,182.1,5.664,1338,224.7,23.69,0.0,,,5.1439686,0.0,IB04
2010-07-25,24.41,30.15,1110,19.36,350,67.58,88.5,340,42.02,1000,1.332,213.2,5.635,1439,241.9,22.66,0.0,,,4.943857,0.0,IB04
2010-07-26,23.99,32.28,1430,18.95,2310,71.1,90.9,2320,34.4,1500,1.024,68.04,5.488,1412,232.9,16.44,0.2,,,4.1011734,0.0,IB04
2010-07-27,24.17,29.6,1030,17.36,530,70.2,93.2,40,50.8,1030,1.665,236.5,6.233,1658,216.8,20.95,0.0,,,4.6034093,0.0,IB04
2010-07-28,25.16,31.66,1350,17.56,440,71.2,93.5,500,46.33,1350,1.274,213.2,5.596,1231,222.3,28.53,0.0,,,5.734495,0.0,IB04
2010-07-29,25.56,31.66,1100,18.1,450,66.64,93.8,340,35.79,1140,1.208,218.4,5.351,1306,227.5,26.06,0.0,,,5.466959,0.0,IB04
2010-07-30,25.49,31.54,1000,20.75,500,64.4,87.2,510,42.53,1010,1.223,117.4,5.047,1121,237.2,20.81,0.0,,,4.752286,0.0,IB04
2010-07-31,24.84,30.27,1300,18.35,500,65.22,87.9,520,48.53,1300,1.323,205.2,5.076,1143,201.5,27.36,0.0,,,5.474982,0.0,IB04
2010-08-01,26.15,32.32,1250,18.75,400,62.93,87.3,400,39.2,930,1.423,127.3,6.037,1410,216.1,27.87,0.0,,,5.9172506,0.0,IB04
2010-08-02,25.96,31.86,1000,19.56,520,65.93,88.1,510,35.19,1300,1.331,254.7,5.792,1230,225.3,27.37,0.0,,,5.795719,0.0,IB04
2010-08-03,25.76,31.52,1300,20.48,0,62.85,87.2,240,38.99,1300,1.195,57.18,4.675,935,64.21,22.67,0.0,,,5.0086603,0.0,IB04
2010-08-04,24.24,29.37,1510,18.35,510,72.4,87.1,510,57.16,910,1.556,238.6,5.184,1557,255.2,16.27,0.0,,,3.8301892,0.0,IB04
2010-08-05,25.48,32.71,1350,18.82,450,65.98,93.1,540,31.73,1350,0.912,29.36,4.802,1531,248.4,24.62,0.0,,,5.1264424,0.0,IB04
2010-08-06,23.62,30.52,1220,17.23,0,59.76,83.1,440,36.94,1050,1.401,84.7,6.37,1316,229.7,26.08,0.0,,,5.428844,0.0,IB04
2010-08-07,23.32,30.47,1030,15.57,350,62.92,86.9,450,33.2,1030,1.214,216.5,5.419,1520,233.3,27.87,0.0,,,5.479517,0.0,IB04
2010-08-08,24.08,30.13,1210,16.3,530,71.5,92.2,520,45.0,1210,1.288,227.9,5.282,1618,236.9,26.78,0.0,,,5.2552376,0.0,IB04
2010-08-09,24.68,32.06,1340,18.82,350,67.95,92.8,100,31.41,1230,0.747,292.6,4.743,1707,221.2,16.16,0.0,,,3.7457528,0.0,IB04
2010-08-10,25.77,33.47,930,18.69,410,62.83,83.5,200,25.2,920,1.213,227.5,5.968,1151,235.7,24.22,0.0,,,5.4568906,0.0,IB04
2010-08-11,26.04,31.32,1130,19.61,520,74.9,90.8,2320,46.46,1120,1.184,220.0,5.39,1135,214.1,23.86,0.0,,,4.991249,0.0,IB04
2010-08-12,26.82,33.84,1050,21.54,510,70.3,95.0,330,42.12,1040,1.32,52.15,4.969,2116,65.47,22.31,0.0,,,5.134143,0.0,IB04
2010-08-13,24.09,28.88,1300,20.6,2350,62.3,83.6,420,39.34,1300,2.073,55.33,5.87,814,58.18,18.62,0.0,,,4.7786965,0.0,IB04
2010-08-14,22.48,28.67,1420,17.22,440,69.97,95.3,430,43.27,1400,1.261,65.18,4.185,1503,249.3,18.09,3.0,,,3.9515815,0.16908245,IB04
2010-08-15,23.43,29.07,1140,16.3,510,70.1,93.8,450,43.34,1020,1.249,220.7,5.998,1415,209.5,25.7,0.0,,,4.943005,0.0,IB04
2010-08-16,24.22,29.35,1000,19.61,510,70.5,88.5,500,47.87,1040,1.032,72.0,4.88,1537,238.4,16.24,0.0,,,3.6534374,0.0,IB04
2010-08-17,24.25,29.8,1010,18.62,500,72.6,91.4,530,48.2,1010,1.225,212.2,5.772,1229,219.1,25.0,0.0,,,4.9178653,0.0,IB04
2010-08-18,24.71,30.34,1110,18.22,510,74.3,92.0,510,49.87,1110,1.212,203.7,5.351,1420,205.7,21.27,0.0,,,4.421312,0.0,IB04
2010-08-19,26.42,31.73,950,22.66,530,77.4,92.6,2200,52.4,950,0.899,219.8,5.88,1110,216.0,14.84,0.2,,,3.4869213,0.0,IB04
2010-08-20,27.47,35.1,1130,21.74,0,67.9,94.0,500,35.72,1130,1.027,62.22,4.684,1212,222.3,25.19,0.4,,,5.451679,0.0,IB04
2010-08-21,26.18,34.18,1130,19.61,520,69.85,92.2,0,38.79,1130,1.223,256.0,5.625,1402,214.9,25.54,0.0,,,5.4690876,0.0,IB04
2010-08-22,25.35,31.72,1150,19.75,320,80.3,97.7,410,48.06,1230,1.168,219.9,5.792,1337,219.6,26.03,0.0,,,5.1647453,0.0,IB04
2010-08-23,24.81,30.59,1210,18.03,450,81.1,94.9,0,63.79,1220,1.092,216.1,4.89,1408,204.8,23.48,0.0,,,4.5076528,0.0,IB04
2010-08-24,27.46,33.51,1650,22.2,50,75.4,92.4,0,48.52,1650,1.011,191.0,4.175,1237,237.4,23.73,0.0,,,5.0065813,0.0,IB04
2010-08-25,26.11,32.32,1000,20.55,510,75.8,95.3,520,40.07,940,1.084,213.8,5.684,1326,193.3,24.84,0.0,,,5.0750146,0.0,IB04
2010-08-26,25.62,32.24,1110,18.82,510,75.9,95.3,520,48.18,1130,1.075,218.0,4.41,1438,224.6,25.19,0.0,,,4.9899874,0.0,IB04
2010-08-27,25.95,31.99,1200,19.35,430,78.7,93.7,420,59.92,1200,1.318,205.2,5.321,1235,213.5,24.15,0.0,,,4.8410335,0.0,IB04
2010-08-28,26.4,33.23,1410,20.07,2340,64.35,83.7,2340,40.72,1340,1.75,58.15,5.38,106,37.23,22.16,0.0,,,5.280244,0.0,IB04
2010-08-29,23.31,29.73,1340,17.5,400,67.19,89.1,400,45.22,950,1.106,107.6,5.292,1341,199.9,16.06,0.0,,,3.5939908,0.0,IB04
2010-08-30,22.3,29.22,1350,16.3,520,70.2,90.5,600,52.02,1350,0.719,71.5,5.145,1109,201.9,12.89,0.2,,,2.809297,0.0,IB04
2010-08-31,22.26,29.86,1150,15.37,400,62.68,88.3,350,36.2,1120,1.05,60.79,5.253,1327,207.0,21.83,0.0,,,4.2788486,0.0,IB04
2010-09-01,22.44,30.39,1220,15.23,420,57.32,86.4,600,22.19,1310,0.77,52.75,5.576,1359,212.6,21.45,0.0,,,4.0772705,0.0,IB04
2010-09-02,22.9,31.18,1200,16.43,440,68.93,85.8,530,40.85,1200,1.004,58.45,4.939,1325,240.0,15.31,0.0,,,3.543078,0.0,IB04
2010-09-03,23.68,32.31,1420,15.77,440,60.12,89.7,220,28.92,1450,0.786,127.7,4.89,1341,124.4,22.93,0.0,,,4.3639307,0.0,IB04
2010-09-04,23.28,29.86,1310,16.3,540,73.1,89.4,0,52.53,1310,1.336,213.0,6.017,1323,218.7,22.76,0.0,,,4.381088,0.0,IB04
2010-09-05,23.37,29.52,1400,16.63,410,72.7,90.1,30,48.53,1130,1.111,205.6,4.959,1321,238.4,22.74,0.0,,,4.2764745,0.0,IB04
2010-09-06,23.71,30.93,1010,16.83,530,74.7,92.4,0,41.87,1000,1.242,194.7,6.223,1223,185.9,23.1,0.0,,,4.5516906,0.0,IB04
2010-09-07,24.14,29.73,1410,17.23,530,80.4,97.2,600,59.33,1410,1.637,215.8,5.929,1430,222.4,19.25,0.0,,,3.9013422,0.0,IB04
2010-09-08,24.37,30.78,1310,18.42,540,56.34,94.4,340,26.99,1420,0.741,355.7,5.459,1416,255.1,23.54,0.0,,,4.2869606,0.0,IB04
2010-09-09,23.25,31.39,1150,17.22,240,51.1,77.5,0,25.33,1240,0.56,15.3,4.175,1514,280.3,22.43,0.0,,,3.9213629,0.0,IB04
2010-09-10,21.23,27.49,1120,15.71,540,69.78,89.0,440,42.82,1030,0.694,148.5,3.959,1540,176.8,10.32,0.0,,,2.406779,0.0,IB04
2010-09-11,21.62,29.19,1140,13.57,530,66.85,92.9,540,37.27,1320,1.074,224.2,5.321,1327,223.4,22.31,0.0,,,4.078838,0.0,IB04
2010-09-12,21.98,30.25,1120,14.71,440,67.51,90.1,600,27.27,1020,1.038,64.4,5.557,1158,203.7,22.86,0.0,,,4.271223,0.0,IB04
2010-09-13,22.6,29.59,1030,15.23,440,70.4,93.0,550,39.86,1030,1.29,233.1,6.086,1250,230.8,22.18,0.0,,,4.23209,0.0,IB04
2010-09-14,22.73,28.34,1100,17.03,600,69.97,93.2,540,48.81,1100,0.994,218.0,4.381,1451,213.7,16.53,0.0,,,3.2707975,0.0,IB04
2010-09-15,22.71,29.52,1120,14.7,440,68.77,91.5,530,33.73,1100,1.326,222.1,5.174,1311,206.6,21.44,0.0,,,4.201171,0.0,IB04
2010-09-16,23.22,28.53,1220,18.42,430,76.6,92.3,550,57.13,1140,1.043,220.1,5.047,1524,195.7,18.97,0.0,,,3.5364845,0.0,IB04
2010-09-17,23.35,29.34,1150,18.29,210,79.8,92.3,220,55.47,1150,0.852,187.3,4.802,1427,203.8,15.61,0.0,,,3.0823288,0.0,IB04
2010-09-18,23.58,30.71,1440,17.29,2350,69.92,91.8,250,35.45,1350,0.808,26.51,4.645,840,255.1,20.4,0.0,,,3.7675288,0.0,IB04
2010-09-19,21.59,28.0,1350,14.84,610,72.1,92.8,430,39.47,1000,1.02,187.6,5.292,1151,210.4,21.16,0.0,,,3.7128391,0.0,IB04
2010-09-20,20.7,26.5,1050,16.56,540,84.7,94.6,1840,58.16,1100,0.52,56.37,3.058,1538,172.6,5.961,3.4,,,1.5587984,0.51734734,IB04
2010-09-21,22.57,28.0,1420,17.36,610,79.8,96.9,620,58.53,1420,1.136,320.4,5.635,1417,209.4,20.65,0.0,,,3.5982606,0.0,IB04
2010-09-22,22.01,28.99,1130,16.49,410,78.7,97.0,400,44.73,1130,0.909,57.8,5.341,1226,195.9,17.63,0.0,,,3.2767525,0.0,IB04
2010-09-23,21.57,26.69,1230,16.43,500,82.5,96.9,0,63.35,1230,0.929,190.9,4.028,1327,214.0,10.63,6.0,,,2.2099752,2.6477,IB04
2010-09-24,21.46,28.27,1430,17.94,720,79.1,98.5,640,46.07,1520,0.79,15.91,5.772,401,232.6,17.53,27.0,,,3.1268694,16.662786,IB04
2010-09-25,21.08,25.74,1350,15.5,2330,63.93,96.0,2240,39.47,1150,0.705,347.3,3.822,1323,223.1,20.54,0.0,,,3.213833,0.0,IB04
2010-09-26,19.33,26.87,1340,14.3,50,75.5,96.6,130,37.07,1340,0.755,31.77,4.194,1436,218.3,19.89,0.4,,,3.1666663,0.0,IB04
2010-09-27,19.04,25.41,1330,13.44,430,71.0,94.1,440,39.34,1310,0.791,31.89,5.625,1120,238.3,20.0,0.0,,,3.0802786,0.0,IB04
2010-09-28,17.641,24.72,1330,11.94,630,72.904,89.8,2310,43.24,1330,0.606,45.515,1.776,900,55.33,15.686,0.4,,,2.47828,0.0,IB04
2010-09-29,20.03,26.01,1220,13.7,620,74.9,91.7,640,53.41,1240,1.088,251.1,6.262,1422,207.8,19.56,0.2,,,3.146777,0.0,IB04
2010-09-30,21.12,27.4,1230,14.37,530,78.8,97.4,530,55.34,1140,1.067,144.3,4.831,1416,240.3,18.06,0.0,,,3.0520234,0.0,IB04
2010-10-01,21.4,27.2,1120,16.17,550,81.3,98.2,530,58.33,1330,1.036,221.3,4.959,1409,229.8,18.71,0.0,,,3.0873623,0.0,IB04
2010-10-02,20.43,27.54,1030,13.97,430,81.2,96.9,0,57.2,1240,0.907,15.78,4.145,1428,260.0,18.86,0.0,,,3.0062222,0.0,IB04
2010-10-03,21.9,28.0,1050,14.63,540,78.4,97.6,50,61.07,1450,1.614,211.3,5.949,2030,207.7,17.43,0.2,,,3.1240168,0.0,IB04
2010-10-04,22.83,27.09,1250,15.17,2350,64.44,86.3,350,40.88,1340,2.348,252.1,7.81,613,220.6,13.01,0.0,,,3.4877334,0.0,IB04
2010-10-05,19.59,27.0,1210,12.78,600,67.22,89.9,510,34.61,950,1.104,70.9,4.959,1252,210.8,18.68,0.0,,,3.16262,0.0,IB04
2010-10-06,21.3,29.46,1200,13.58,500,75.0,95.2,450,43.33,1200,0.834,55.86,4.096,1223,259.3,17.3,0.0,,,2.9409697,0.0,IB04
2010-10-07,23.34,28.87,1420,20.61,40,80.8,96.3,2330,63.67,1600,1.335,53.45,4.831,1003,58.84,10.49,0.0,,,2.3715236,0.0,IB04
2010-10-08,22.88,29.22,1600,17.55,630,83.3,97.2,350,54.28,1550,0.849,39.21,4.753,1333,251.9,15.18,0.0,,,2.7161856,0.0,IB04
2010-10-09,22.7,28.0,1100,16.62,600,81.5,97.1,620,56.27,1100,0.898,58.21,4.381,1150,188.4,14.56,0.0,,,2.5685482,0.0,IB04
2010-10-10,19.27,24.37,1330,15.57,2300,85.1,98.9,640,54.89,1440,1.182,282.0,7.62,35,246.3,12.25,23.0,,,2.2402065,14.194342,IB04
2010-10-11,16.93,24.17,1150,13.7,640,92.0,99.6,1620,54.03,1030,0.548,47.93,3.097,1553,26.55,7.3,14.0,,,1.4900504,8.390415,IB04
2010-10-12,17.1,19.16,1750,15.42,2210,94.6,100.0,530,76.5,2020,1.653,0.638,7.74,1509,233.8,2.412,49.2,,,1.0012866,29.14165,IB04
2010-10-13,19.19,25.08,1350,14.97,610,81.0,98.3,410,51.34,1340,0.906,55.2,3.675,1118,97.5,14.28,1.0,,,2.3056743,0.0,IB04
2010-10-14,18.09,24.23,1230,13.97,600,84.9,99.2,2350,59.56,1230,0.613,343.3,3.959,1349,219.3,12.13,1.6,,,1.8713048,0.0,IB04
2010-10-15,17.26,23.95,1400,11.98,2320,79.4,99.3,110,44.22,1240,0.459,359.5,3.881,1255,288.8,14.69,0.0,,,1.9661719,0.0,IB04
2010-10-16,15.05,22.71,1350,9.66,430,80.0,98.4,520,48.5,1400,0.403,8.47,2.646,1637,313.8,10.86,0.2,,,1.558907,0.0,IB04
2010-10-17,12.6,16.36,1450,9.32,100,91.6,99.7,2350,67.85,1450,0.588,41.56,4.498,1011,65.43,4.279,4.8,,,0.95023197,1.6860359,IB04
2010-10-18,13.04,19.93,1230,7.79,250,76.8,100.0,320,42.3,1550,0.52,19.1,3.361,820,230.4,14.26,0.6,,,1.6860871,0.0,IB04
2010-10-19,13.64,20.84,1150,6.998,430,71.3,97.4,330,38.3,1100,0.588,344.3,3.842,1259,286.3,16.43,0.0,,,1.8604949,0.0,IB04
2010-10-20,14.43,22.23,1350,7.26,210,79.3,98.7,430,50.84,1040,0.779,23.84,3.979,1130,233.0,15.8,0.2,,,1.9433904,0.0,IB04
2010-10-21,14.94,22.24,1410,9.46,310,83.4,99.9,650,55.3,1410,0.515,58.18,3.557,1239,133.6,12.86,0.0,,,1.6331906,0.0,IB04
2010-10-22,15.97,23.03,1220,9.19,640,79.7,99.8,530,48.22,1220,0.715,351.0,3.832,1350,212.4,15.57,0.2,,,1.9382441,0.0,IB04
2010-10-23,16.56,23.38,1100,11.25,2350,78.5,96.9,500,49.7,1100,0.708,254.2,3.538,1417,202.0,11.8,0.0,,,1.7411255,0.0,IB04
2010-10-24,16.97,22.31,1040,9.19,540,80.7,99.5,630,59.76,1220,1.758,240.3,5.537,2021,241.7,13.72,0.2,,,2.0686283,0.0,IB04
2010-10-25,16.47,19.75,0,13.31,2250,53.24,88.1,1050,30.12,1910,1.304,14.68,5.302,1546,5.117,10.39,1.2,,,2.059911,0.0,IB04
2010-10-26,13.31,19.45,1210,5.796,2350,58.54,92.3,2350,33.29,1240,0.645,41.72,4.028,1431,121.6,12.92,0.0,,,1.5661535,0.0,IB04
2010-10-27,12.77,20.91,1230,4.333,550,76.4,97.4,0,42.63,1210,1.056,311.9,5.067,1326,250.7,14.7,0.2,,,1.8657522,0.0,IB04
2010-10-28,13.64,21.58,1240,7.33,540,82.1,99.8,610,54.72,1610,0.754,59.16,4.243,1434,193.0,12.35,0.0,,,1.5504855,0.0,IB04
2010-10-29,15.09,22.63,1330,7.39,550,81.8,99.7,630,52.89,1330,0.87,72.3,4.792,1450,232.0,13.32,0.2,,,1.7011051,0.0,IB04
2010-10-30,16.83,19.68,940,10.98,320,74.7,99.4,200,60.29,1720,2.637,254.5,7.64,2046,250.0,5.059,0.2,,,1.6468967,0.0,IB04
2010-10-31,18.21,19.95,1320,13.7,2230,74.8,98.1,620,50.99,1500,3.89,242.0,10.97,534,220.5,6.268,16.0,,,2.2763019,9.73743,IB04
2010-11-01,16.06,20.51,1330,13.04,0,70.8,89.6,2330,54.32,1240,0.644,333.5,3.842,1240,314.5,11.02,0.0,,,1.4356086,0.0,IB04
2010-11-02,15.67,22.11,1240,9.52,2340,79.0,96.2,830,54.37,1250,0.566,351.9,3.881,1107,278.7,11.57,1.8,,,1.4011413,0.0,IB04
2010-11-03,14.74,22.43,1230,7.99,220,80.9,98.3,450,53.04,1140,0.699,348.1,4.655,1331,257.6,12.79,0.0,,,1.4954075,0.0,IB04
2010-11-04,15.18,22.63,1200,8.13,620,80.4,98.1,640,53.83,1220,0.684,48.17,3.312,1215,103.5,12.74,0.2,,,1.4759505,0.0,IB04
2010-11-05,15.82,22.16,1340,10.58,640,84.6,99.0,700,58.9,1420,0.743,41.61,4.087,949,7.01,12.77,0.0,,,1.4724551,0.0,IB04
2010-11-06,15.91,22.31,1200,10.52,610,88.4,99.5,2150,65.18,1300,0.459,36.43,3.646,1402,225.8,8.56,0.6,,,1.1342269,0.0,IB04
2010-11-07,15.64,21.13,1430,11.18,430,82.3,100.0,520,53.63,1940,0.868,322.5,4.871,1310,239.1,9.41,1.0,,,1.3580763,0.0,IB04
2010-11-08,14.74,18.62,0,10.38,640,65.88,96.3,200,51.76,1720,2.835,270.8,11.61,2208,265.0,2.867,3.0,,,1.8137488,0.1682936,IB04
2010-11-09,17.97,20.47,1240,15.42,600,61.59,83.1,600,48.75,1830,4.481,263.0,10.75,141,254.5,8.77,3.2,,,2.9589667,0.34478793,IB04
2010-11-10,16.18,19.93,1240,12.98,2010,55.42,67.81,1950,38.77,1430,2.069,277.4,7.1,56,265.5,12.17,0.0,,,2.39629,0.0,IB04
2010-11-11,13.52,18.93,1340,7.99,2120,66.59,92.0,720,40.44,1350,0.827,317.4,5.596,1506,253.1,11.88,0.0,,,1.3305408,0.0,IB04
2010-11-12,13.38,20.25,1150,7.13,320,83.4,96.9,710,56.85,1310,1.111,264.6,5.596,1336,233.5,11.95,0.0,,,1.3792377,0.0,IB04
2010-11-13,14.8,20.06,1240,8.26,610,89.4,99.5,710,72.7,1250,1.307,231.5,4.743,1128,233.7,9.49,0.0,,,1.1740392,0.0,IB04
2010-11-14,17.42,20.38,1300,11.84,650,83.8,97.7,710,72.7,1030,2.488,218.6,6.135,2208,207.8,10.54,0.0,,,1.4610344,0.0,IB04
2010-11-15,16.21,19.35,1300,13.17,0,69.04,86.7,500,42.49,2230,1.759,269.4,5.655,419,258.1,6.421,0.4,,,1.7866795,0.0,IB04
2010-11-16,14.2,17.52,1240,8.86,2350,57.69,75.1,2350,46.83,130,1.128,295.4,5.312,656,305.5,11.55,0.0,,,1.3765528,0.0,IB04
2010-11-17,11.74,16.76,1110,5.269,430,76.8,94.8,610,50.68,1250,1.047,286.1,5.243,1451,234.5,5.336,0.2,,,1.1158377,0.0,IB04
2010-11-18,11.95,17.66,1230,4.607,0,72.7,95.1,730,42.31,1310,0.641,327.9,3.655,1318,47.57,11.21,0.0,,,1.0111552,0.0,IB04
2010-11-19,9.88,16.49,1200,3.337,510,85.4,100.0,2200,56.69,1150,0.302,45.3,2.107,1833,286.1,4.966,9.6,,,0.6983255,5.3252096,IB04
2010-11-20,12.44,17.62,1110,4.467,630,87.4,100.0,730,67.56,1240,2.483,239.1,7.06,1338,222.4,6.995,1.2,,,1.2521892,0.0,IB04
2010-11-21,13.08,17.94,1300,6.799,640,76.1,99.1,730,55.8,1340,1.659,273.4,7.24,1303,248.1,8.51,0.2,,,1.2972884,0.0,IB04
2010-11-22,13.02,16.21,1250,9.26,220,63.36,88.9,200,50.93,1420,0.846,305.0,4.675,1540,271.7,8.76,0.0,,,1.0217634,0.0,IB04
2010-11-23,12.76,17.74,1200,5.53,0,62.4,92.0,0,44.46,1140,0.834,303.4,5.145,215,263.8,9.54,0.0,,,1.054291,0.0,IB04
2010-11-24,9.71,16.79,1330,3.27,2340,73.1,96.1,0,35.7,1350,0.484,13.38,3.93,1121,300.0,11.03,0.0,,,0.8014355,0.0,IB04
2010-11-25,9.0,16.26,1220,1.278,430,80.5,98.6,600,51.15,1040,0.681,343.4,4.782,1224,204.8,9.57,0.0,,,0.8450368,0.0,IB04
2010-11-26,10.35,15.07,1140,5.936,1930,68.58,93.0,0,47.86,1140,0.921,340.1,4.518,1216,231.4,10.52,0.0,,,0.9548471,0.0,IB04
2010-11-27,10.79,14.43,1220,7.4,0,85.6,99.6,2350,64.65,1220,0.437,18.38,2.646,1152,335.7,4.123,3.6,,,0.6571725,0.6878154,IB04
2010-11-28,9.81,15.47,1320,2.808,0,81.2,100.0,540,45.26,1340,0.537,347.9,5.125,1026,311.5,7.63,3.2,,,0.7605259,0.3431338,IB04
2010-11-29,7.42,,0,,30,94.1,99.4,1920,70.3,1050,0.718,44.23,3.675,2108,46.31,1.193,8.6,,,0.6157978,4.599433,IB04
2010-11-30,12.49,15.7,1220,10.05,830,91.9,100.0,850,79.5,1920,0.823,295.1,4.841,1211,273.6,2.397,2.0,,,0.6444628,0.0,IB04
2010-12-01,12.67,15.15,1140,9.79,0,67.83,99.2,10,53.69,1050,2.83,263.6,8.67,443,265.9,8.13,0.2,,,1.4233341,0.0,IB04
2010-12-02,8.12,15.3,1210,2.802,2340,83.4,98.8,730,44.94,1450,0.758,356.4,5.772,1131,237.7,7.81,3.2,,,0.84686536,0.34319863,IB04
2010-12-03,6.266,10.79,1410,0.143,520,82.5,100.0,640,54.6,1820,0.559,352.7,4.763,1023,244.4,3.989,7.6,,,0.6318227,3.8597424,IB04
2010-12-04,7.91,14.61,1250,1.478,2250,70.4,96.9,0,47.6,1400,0.475,325.6,3.734,17,277.9,8.9,0.0,,,0.63541543,0.0,IB04
2010-12-05,10.82,18.01,1130,1.412,10,84.8,98.4,0,62.82,1130,0.81,235.5,4.263,1938,238.7,6.814,0.0,,,0.80882627,0.0,IB04
2010-12-06,14.51,18.88,1420,8.59,420,89.6,99.6,100,75.4,1430,2.198,239.5,7.88,1007,219.1,5.737,0.2,,,0.9922801,0.0,IB04
2010-12-07,15.51,19.73,1240,10.51,710,92.8,100.0,820,83.0,2110,1.57,225.2,4.92,1128,213.7,8.74,0.2,,,0.83997947,0.0,IB04
2010-12-08,15.16,20.13,1300,10.51,710,93.3,100.0,830,78.5,1300,1.2,203.2,5.557,1045,220.9,8.84,0.6,,,0.85360044,0.0,IB04
2010-12-09,13.91,21.64,1230,10.18,600,89.9,100.0,540,66.59,1200,0.906,56.3,3.812,1743,75.5,8.03,0.0,,,0.92985904,0.0,IB04
2010-12-10,10.4,16.86,1210,3.01,2330,70.2,95.1,2350,34.83,1330,0.676,47.95,3.499,39,20.78,9.77,0.0,,,0.7960877,0.0,IB04
2010-12-11,8.28,17.73,1430,1.873,240,88.2,100.0,750,58.33,1450,0.548,28.33,3.597,1346,232.2,9.27,0.2,,,0.6623816,0.0,IB04
2010-12-12,8.48,16.03,1310,2.408,710,92.1,100.0,2120,68.18,1420,0.973,10.06,5.174,1142,248.0,6.249,0.2,,,0.73183936,0.0,IB04
2010-12-13,9.04,14.88,1340,3.868,40,83.6,100.0,120,54.09,1300,0.64,35.53,3.538,1045,59.4,6.765,0.2,,,0.68498516,0.0,IB04
2010-12-14,8.79,10.98,1330,7.06,2150,82.3,100.0,830,61.47,1500,0.485,41.0,3.508,1442,77.2,2.692,4.4,,,0.5910881,1.3578639,IB04
2010-12-15,5.432,9.04,1330,0.741,2130,78.1,100.0,820,50.52,1140,1.202,47.22,5.39,1142,53.9,8.28,6.4,,,0.71325904,2.9492545,IB04
2010-12-16,4.274,10.5,1300,-0.784,0,78.1,98.1,450,43.81,1430,0.584,12.46,4.038,1234,274.1,8.1,2.4,,,0.57055205,0.0,IB04
2010-12-17,7.74,13.49,1230,-1.586,220,71.7,96.7,2250,52.75,500,2.275,275.3,7.57,1312,266.3,8.97,0.0,,,1.1732943,0.0,IB04
2010-12-18,7.1,12.63,1410,0.743,640,90.5,99.9,410,70.9,1420,0.287,36.61,2.048,1106,136.3,4.847,1.4,,,0.477205,0.0,IB04
2010-12-19,12.42,15.5,1330,9.52,140,96.4,100.0,1020,86.9,1340,0.526,296.8,2.636,1552,227.2,2.644,6.2,,,0.5344083,2.7934966,IB04
2010-12-20,11.35,16.23,1040,6.129,700,85.6,99.9,810,63.68,1340,1.086,261.3,4.92,1225,268.9,8.23,0.0,,,0.7875418,0.0,IB04
2010-12-21,11.85,15.37,1650,6.398,600,98.1,100.0,920,91.8,1810,0.875,48.52,5.361,1655,225.3,1.797,3.2,,,0.5052085,0.34294224,IB04
2010-12-22,13.99,19.35,1150,10.85,2030,95.6,100.0,820,69.09,1220,0.672,96.8,5.468,1447,230.1,3.714,1.8,,,0.73544955,0.0,IB04
2010-12-23,13.99,17.22,1200,10.99,2150,83.2,99.5,940,65.49,2350,1.922,253.7,7.21,246,195.0,6.587,3.6,,,1.0403968,0.6883923,IB04
2010-12-24,10.5,13.64,1130,8.2,2340,61.24,71.8,2330,50.35,1440,1.175,297.7,5.331,1627,270.7,7.72,0.0,,,1.0327495,0.0,IB04
2010-12-25,7.18,11.83,1250,-0.054,0,67.44,93.2,0,46.02,1250,0.694,302.6,4.263,1328,303.3,8.61,0.0,,,0.635182,0.0,IB04
2010-12-26,4.438,13.15,1300,-1.653,720,76.8,96.7,750,33.85,1340,0.455,2.883,3.283,1311,290.2,9.75,0.0,,,0.5437789,0.0,IB04
2010-12-27,5.355,14.48,1210,-2.724,620,75.7,94.5,0,34.92,1210,0.595,30.65,3.263,1419,234.5,9.74,0.0,,,0.67433697,0.0,IB04
2010-12-28,8.46,15.63,1200,4.273,30,88.9,99.8,800,61.43,1220,0.399,38.76,3.097,1227,240.3,7.31,0.0,,,0.56478363,0.0,IB04
2010-12-29,8.78,16.6,1300,4.407,550,92.7,100.0,450,62.88,1300,0.337,34.5,2.617,1124,10.72,7.09,0.2,,,0.55860037,0.0,IB04
2010-12-30,9.55,16.16,1300,4.34,110,95.6,100.0,810,73.5,1320,0.461,37.3,3.136,1126,59.0,5.556,0.2,,,0.5770519,0.0,IB04
2010-12-31,9.16,15.83,1450,2.267,710,95.9,100.0,910,75.2,1500,0.427,334.0,2.323,1400,224.0,5.931,0.0,,,0.5539013,0.0,IB04
2011-01-01,10.93,17.01,1200,7.72,700,94.9,100.0,1710,65.22,1200,0.448,49.13,3.116,1359,265.7,7.76,1.2,,,0.6347963,0.0,IB04
2011-01-02,9.49,15.35,1500,4.073,0,95.1,100.0,800,62.56,1500,0.271,27.85,1.539,1106,40.51,4.248,1.0,,,0.56325805,0.0,IB04
2011-01-03,6.81,13.38,1200,2.735,600,97.1,100.0,900,79.0,1240,0.339,42.13,2.46,1138,33.49,4.575,0.2,,,0.4944064,0.0,IB04
2011-01-04,6.189,13.61,1350,0.274,330,93.3,100.0,1000,69.06,1130,0.59,56.01,3.567,1244,237.0,7.76,0.2,,,0.5735533,0.0,IB04
2011-01-05,9.78,15.68,1310,4.073,0,96.6,100.0,830,85.1,1100,0.778,254.8,4.096,1318,212.2,6.9,0.0,,,0.5840337,0.0,IB04
2011-01-06,11.7,17.57,1150,6.264,130,98.0,100.0,940,85.8,1230,0.696,234.9,5.165,1317,209.7,6.833,0.2,,,0.6269773,0.0,IB04
2011-01-07,12.82,17.47,1220,7.72,720,97.4,100.0,510,84.4,1430,1.601,211.908,3.204,1130,201.546,7.81,0.0,,,0.7463372,0.0,IB04
2011-01-08,12.27,17.88,1150,5.596,250,95.8,100.0,820,74.7,1100,1.741,210.865,3.54,1300,202.982,9.34,0.2,,,0.9311823,0.0,IB04
2011-01-09,11.28,16.82,1210,4.474,710,92.9,100.0,900,70.8,1650,1.18,207.629,2.291,1500,240.824,7.39,0.2,,,0.8332339,0.0,IB04
2011-01-10,10.27,17.06,1240,4.667,2300,91.4,100.0,930,66.33,1300,0.826,160.633,1.774,1030,122.978,9.62,6.0,,,0.8000354,2.6395466,IB04
2011-01-11,12.0,17.34,1340,4.675,40,84.8,100.0,220,50.31,2050,1.528,246.264,3.366,2130,323.928,8.75,0.2,,,1.220443,0.0,IB04
2011-01-12,11.28,16.81,1110,5.465,2350,89.1,100.0,800,63.26,20,1.046,190.902,2.23,1230,204.683,9.96,0.0,,,0.9064218,0.0,IB04
2011-01-13,9.91,17.53,1300,3.738,520,96.3,100.0,530,82.5,1250,1.016,186.486,2.427,1130,199.794,9.85,0.2,,,0.7486191,0.0,IB04
2011-01-14,10.42,16.47,1350,5.136,240,98.4,100.0,740,90.9,1320,1.024,179.963,2.249,1330,207.67,9.49,0.2,,,0.6658852,0.0,IB04
2011-01-15,11.08,18.66,1300,5.53,0,93.0,100.0,100,55.52,1330,0.854,110.503,2.69,1100,51.038,10.22,0.2,,,0.994771,0.0,IB04
2011-01-16,10.35,18.39,1500,5.53,0,94.9,100.0,940,52.32,1500,0.784,164.75,1.564,1530,111.834,8.48,0.2,,,0.9813303,0.0,IB04
2011-01-17,11.33,16.54,1140,4.472,750,94.6,100.0,300,74.2,1130,0.67,151.012,1.806,1400,133.128,10.05,0.2,,,0.7889901,0.0,IB04
2011-01-18,11.48,14.36,1340,6.599,2350,92.7,100.0,250,72.7,1320,0.397,160.918,0.836,1600,32.242,3.385,0.0,,,0.6362187,0.0,IB04
2011-01-19,9.51,16.87,1300,4.936,630,92.3,100.0,820,62.94,1330,0.698,149.35,1.9,1300,144.412,8.94,0.0,,,0.8596426,0.0,IB04
2011-01-20,8.86,13.51,1300,5.395,0,77.9,100.0,320,43.55,1350,0.523,50.57,4.194,2257,64.93,5.035,2.0,,,0.7969363,0.0,IB04
2011-03-24,13.61,19.06,1300,8.92,0,79.1,99.8,0,56.19,1320,1.135,44.63,4.724,26,33.22,18.09,0.0,,,2.5734935,0.0,IB04
2011-03-25,12.92,18.86,1140,7.99,620,91.0,100.0,2040,64.48,1120,0.612,206.1,4.165,1521,227.3,18.17,0.0,,,2.3960032,0.0,IB04
2011-03-26,13.15,17.0,1120,9.46,2250,93.7,100.0,110,77.6,1220,0.681,206.3,3.822,1520,229.6,18.0,0.0,,,2.3173568,0.0,IB04
2011-03-27,13.87,19.19,1430,8.52,500,93.6,100.0,310,60.0,1450,1.269,220.0,5.145,1522,196.6,15.77,0.0,,,2.4063504,0.0,IB04
2011-03-28,15.03,21.18,1220,8.26,0,69.08,100.0,2300,37.17,1200,0.595,302.1,3.9,1032,18.76,21.68,0.0,,,2.9943833,0.0,IB04
2011-03-29,13.25,20.94,1010,6.666,450,86.0,100.0,530,49.52,1010,0.454,219.0,3.695,1223,230.5,19.14,0.0,,,2.5982158,0.0,IB04
2011-03-30,12.86,20.99,1210,6.07,200,85.8,100.0,410,52.52,1200,0.358,343.7,5.047,1605,62.53,18.64,0.4,,,2.5027485,0.0,IB04
2011-03-31,13.05,19.54,950,5.611,540,89.0,100.0,440,62.34,950,0.852,193.9,4.861,1336,201.4,21.59,0.2,,,2.8390167,0.0,IB04
2011-04-01,13.7,20.39,1210,7.53,2340,86.7,100.0,800,58.38,1510,0.695,203.2,4.145,1310,236.3,21.88,0.2,,,2.9466503,0.0,IB04
2011-04-02,15.29,24.5,1150,6.339,300,75.4,100.0,340,41.75,1240,0.563,163.0,3.773,1423,159.8,22.25,0.0,,,3.2179792,0.0,IB04
2011-04-03,15.79,25.36,1140,8.8,450,82.4,100.0,2240,31.36,1050,0.375,249.5,2.96,1406,259.9,18.64,0.0,,,2.8284004,0.0,IB04
2011-04-04,16.34,23.11,1320,10.59,250,76.1,100.0,340,49.11,1220,1.488,39.47,5.723,903,352.7,20.43,0.0,,,3.4116342,0.0,IB04
2011-04-05,15.06,24.63,1220,7.0,2340,73.8,99.9,0,39.22,1220,0.632,98.7,3.842,1536,235.8,21.99,0.0,,,3.2855892,0.0,IB04
2011-04-06,14.1,26.23,1130,4.608,450,77.0,100.0,340,31.48,1130,0.527,224.6,3.636,1236,232.1,23.17,0.2,,,3.3670394,0.0,IB04
2011-04-07,14.32,26.02,1120,4.682,550,65.18,100.0,140,23.35,1020,0.528,191.1,3.979,1128,156.3,23.52,0.0,,,3.4198167,0.0,IB04
2011-04-08,13.86,22.64,1400,4.274,430,79.8,100.0,2330,43.43,1450,0.733,194.7,4.234,1409,190.4,23.43,0.0,,,3.3391442,0.0,IB04
2011-04-09,14.6,22.58,1450,5.076,520,88.5,100.0,240,66.04,1510,0.561,200.9,3.861,1151,233.7,22.61,0.0,,,3.170097,0.0,IB04
2011-04-10,17.2,27.15,1140,9.86,200,81.7,100.0,650,40.48,1140,0.713,208.4,4.302,933,36.57,22.52,0.2,,,3.6809692,0.0,IB04
2011-04-11,18.06,24.73,1220,11.26,2230,72.6,100.0,610,37.42,1410,0.789,2.315,5.312,1321,39.5,15.95,0.0,,,2.981029,0.0,IB04
2011-04-12,15.63,23.77,1040,8.67,540,83.7,100.0,2300,48.83,1030,0.841,196.1,4.782,1415,192.8,21.76,0.0,,,3.3965938,0.0,IB04
2011-04-13,15.61,21.84,1400,8.27,420,82.7,100.0,700,51.1,1430,0.775,190.7,3.636,1312,147.2,22.49,0.2,,,3.3570569,0.0,IB04
2011-04-14,16.84,22.78,1300,9.66,320,80.1,100.0,230,52.37,1410,0.617,199.8,4.047,1236,210.2,21.62,0.0,,,3.3281498,0.0,IB04
2011-04-15,15.64,22.91,1200,8.26,2310,72.8,100.0,200,29.49,1320,0.808,39.84,4.185,1618,48.52,20.58,0.0,,,3.3755176,0.0,IB04
2011-04-16,13.77,22.64,1240,6.145,0,74.1,99.9,550,35.89,1330,0.614,43.83,4.096,840,47.51,20.83,0.0,,,3.1597328,0.0,IB04
2011-04-17,12.79,22.04,1150,3.077,440,72.8,99.9,500,31.49,1050,0.629,252.5,4.322,1518,268.3,23.7,0.0,,,3.3795955,0.0,IB04
2011-04-18,13.79,23.84,1210,4.013,310,67.75,100.0,330,27.41,1300,0.412,48.71,4.038,1419,14.96,24.78,0.0,,,3.4620936,0.0,IB04
2011-04-19,15.13,23.24,1110,7.74,20,77.8,100.0,0,39.36,1100,0.763,195.9,4.449,1333,220.2,18.66,0.0,,,3.1264923,0.0,IB04
2011-04-20,16.74,23.71,1440,8.92,530,78.9,100.0,310,49.84,1130,0.705,39.75,4.332,1337,10.52,17.24,0.0,,,2.9643714,0.0,IB04
2011-04-21,17.52,22.0,1300,15.57,240,84.0,97.3,2350,65.0,1300,1.851,40.45,5.419,615,5.216,9.65,0.2,,,2.2590125,0.0,IB04
2011-04-22,17.03,21.66,1140,11.98,2350,83.9,100.0,800,58.65,1330,1.983,230.8,7.02,1406,244.3,22.28,5.2,,,3.642708,2.0202396,IB04
2011-04-23,17.0,22.58,1200,11.92,2340,83.0,100.0,120,59.18,1210,1.637,190.2,5.704,1426,219.0,25.05,1.4,,,3.9445546,0.0,IB04
2011-04-24,15.32,21.34,1230,10.93,530,91.3,100.0,300,63.75,1000,1.452,39.02,6.174,1512,24.84,11.12,10.6,,,2.2551289,6.057566,IB04
2011-04-25,16.03,20.95,1340,11.79,2110,81.9,99.0,2320,60.07,1350,1.531,41.91,5.743,1402,19.71,13.22,0.0,,,2.565205,0.0,IB04
2011-04-26,16.75,23.98,1430,11.05,2240,81.8,100.0,540,47.7,1440,0.613,234.4,4.39,1225,236.2,15.44,0.0,,,2.7924626,0.0,IB04
2011-04-27,17.6,26.88,1300,9.66,450,77.5,100.0,410,33.08,1300,0.956,191.5,5.253,1608,186.6,23.76,0.0,,,4.1998224,0.0,IB04
2011-04-28,16.68,24.58,1010,8.66,450,75.8,100.0,540,38.16,1000,0.825,209.1,4.479,1410,249.1,24.88,0.2,,,4.028288,0.0,IB04
2011-04-29,17.25,24.51,1300,10.45,400,72.4,98.7,240,39.29,1310,1.331,38.32,6.723,1143,15.54,17.3,0.0,,,3.5111787,0.0,IB04
2011-04-30,17.71,23.25,1140,13.18,2230,73.8,98.0,2320,52.44,1330,1.255,37.36,4.596,1141,32.68,15.19,0.0,,,3.0125961,0.0,IB04
2011-05-01,18.06,24.17,1400,11.78,330,79.5,100.0,500,54.96,1140,1.267,150.0,5.498,1336,212.4,25.12,0.0,,,4.159642,0.0,IB04
2011-05-02,16.51,20.69,1340,12.58,2140,86.9,100.0,250,67.14,1610,2.03,39.41,6.997,1334,26.55,13.6,4.4,,,2.5687,1.3637507,IB04
2011-05-03,18.22,24.04,1230,12.91,10,79.7,100.0,0,51.11,910,1.692,227.1,6.674,1247,242.2,24.35,0.0,,,4.2439537,0.0,IB04
2011-05-04,17.47,24.17,1340,10.92,440,82.7,100.0,320,51.43,1320,1.185,210.0,5.684,1134,169.3,25.99,0.0,,,4.261608,0.0,IB04
2011-05-05,17.72,24.7,1450,10.59,510,83.5,100.0,620,56.09,1450,1.106,246.9,5.929,1214,228.5,24.93,0.0,,,4.1193786,0.0,IB04
2011-05-06,19.54,28.16,1220,11.72,340,70.0,100.0,550,29.14,1140,1.094,39.77,4.645,2107,23.14,26.17,0.2,,,4.849711,0.0,IB04
2011-05-07,20.97,29.4,1420,16.9,10,74.9,100.0,2310,37.4,1420,1.37,56.43,4.743,1343,143.2,18.77,3.6,,,4.259148,0.69325626,IB04
2011-05-08,19.72,25.89,1420,13.12,0,75.2,100.0,40,47.75,1510,1.24,211.4,5.508,1152,238.8,26.69,0.0,,,4.6699224,0.0,IB04
2011-05-09,18.18,24.3,1210,10.73,400,81.3,100.0,250,55.59,900,1.138,210.5,5.282,1310,219.9,26.29,0.0,,,4.320555,0.0,IB04
2011-05-10,19.15,26.9,1040,12.32,2330,76.2,100.0,0,35.75,1200,1.138,192.8,6.105,1242,233.6,26.49,0.2,,,4.7766557,0.0,IB04
2011-05-11,17.4,24.5,1040,9.2,420,73.9,100.0,520,36.77,910,1.136,215.1,5.998,1212,248.1,27.02,0.0,,,4.552801,0.0,IB04
2011-05-12,18.02,25.56,1430,9.2,420,67.99,100.0,500,33.08,1300,1.039,208.6,5.527,1222,237.0,25.92,0.0,,,4.519701,0.0,IB04
2011-05-13,19.19,26.43,1030,11.52,320,74.1,100.0,420,42.62,1350,1.085,210.3,5.527,1430,199.7,24.18,0.0,,,4.386631,0.0,IB04
2011-05-14,20.49,27.37,930,12.91,450,69.55,99.1,510,31.14,1530,1.451,177.3,5.449,1159,246.8,25.67,0.0,,,5.0289745,0.0,IB04
2011-05-15,18.14,24.83,1300,12.46,0,67.37,91.5,0,35.95,1300,1.908,35.78,6.625,653,36.99,19.45,0.2,,,4.285653,0.0,IB04
2011-05-16,17.89,25.04,1030,9.26,450,67.76,97.8,520,39.03,1030,1.182,244.0,6.125,1151,222.7,21.48,0.0,,,4.027235,0.0,IB04
2011-05-17,17.78,25.1,1320,9.46,320,73.0,98.0,350,37.49,1330,1.298,208.3,5.753,1215,216.0,27.6,0.0,,,4.7874603,0.0,IB04
2011-05-18,18.82,26.29,1150,9.92,310,67.82,98.5,250,38.09,940,0.992,349.7,5.165,1050,207.9,21.66,0.0,,,4.0781865,0.0,IB04
2011-05-19,18.62,23.64,1500,14.05,450,73.2,95.9,500,48.83,1520,1.131,41.77,4.341,748,32.52,11.26,0.0,,,2.6707683,0.0,IB04
2011-05-20,20.12,28.22,1230,13.11,440,67.19,99.0,450,26.74,1410,1.27,41.54,6.909,848,21.42,26.42,0.0,,,5.1611257,0.0,IB04
2011-05-21,19.8,26.76,1400,12.85,2350,63.84,92.3,240,34.36,1110,1.184,35.92,4.959,1326,17.14,22.91,0.0,,,4.508081,0.0,IB04
2011-05-22,20.23,29.48,1320,9.92,430,60.6,94.6,440,23.87,1330,1.137,206.4,5.047,1218,221.0,28.01,0.0,,,5.367191,0.0,IB04
2011-05-23,20.86,29.41,1210,12.26,440,66.11,89.9,2020,26.94,1210,1.257,174.3,5.272,1556,185.2,27.46,0.0,,,5.4359035,0.0,IB04
2011-05-24,22.03,32.2,1410,12.32,440,62.32,92.3,450,25.26,1550,0.911,153.3,5.184,1306,175.4,27.92,0.0,,,5.464101,0.0,IB04
2011-05-25,21.96,31.0,1150,12.39,330,61.63,92.6,0,25.87,950,1.404,206.6,5.625,1552,221.8,28.36,0.0,,,5.856258,0.0,IB04
2011-05-26,21.631,29.742,1300,13.43,500,70.304,98.6,530,32.642,1330,1.119,244.264,3.526,1400,210.6,27.412,0.0,,,5.318377,0.0,IB04
2011-05-27,21.37,27.42,1020,16.1,420,76.0,93.4,400,54.1,910,1.489,126.2,6.154,1129,224.3,20.4,0.0,,,4.2029643,0.0,IB04
2011-05-28,21.36,26.76,1200,15.7,2350,61.11,88.4,2350,37.08,1200,1.613,177.6,5.782,1128,219.1,28.59,0.0,,,5.5260963,0.0,IB04
2011-05-29,20.82,27.17,900,13.52,440,69.86,95.7,500,40.41,1400,1.446,210.8,6.899,1155,207.3,27.38,0.0,,,5.1904793,0.0,IB04
2011-05-30,20.98,29.81,1100,14.44,340,78.3,99.4,2350,40.61,940,0.617,50.99,5.459,1327,176.0,13.95,1.2,,,3.127351,0.0,IB04
2011-05-31,19.79,25.97,850,16.19,1120,81.3,100.0,310,55.83,2300,0.878,42.57,4.988,1022,163.9,13.15,8.4,,,2.8394094,4.474446,IB04
2011-06-01,15.87,18.63,40,12.45,2040,77.6,99.1,2100,58.69,700,0.975,42.5,4.087,300,57.75,7.3,5.0,,,1.7858887,1.8511537,IB04
2011-06-02,15.37,20.14,930,10.58,440,78.4,100.0,500,48.13,840,0.705,346.0,4.518,1306,216.6,13.98,4.0,,,2.6038194,1.0302672,IB04
2011-06-03,15.59,22.19,1610,11.39,350,86.4,100.0,1120,46.85,850,0.374,44.32,4.243,1636,154.7,12.57,4.8,,,2.3664622,1.6912673,IB04
2011-06-04,16.66,22.18,1600,12.38,140,86.3,100.0,0,45.36,1640,0.429,32.35,3.802,1010,163.7,15.33,4.4,,,2.783674,1.3643922,IB04
2011-06-05,18.32,24.71,1020,11.06,450,75.4,100.0,340,45.36,1510,1.281,213.6,5.566,1326,195.2,28.74,0.0,,,4.8985662,0.0,IB04
2011-06-06,19.26,26.43,1310,11.99,340,77.8,100.0,330,46.3,950,1.35,212.3,5.802,1423,186.8,23.19,0.0,,,4.4183087,0.0,IB04
2011-06-07,20.44,25.5,1300,16.9,20,84.2,100.0,2250,61.06,820,1.536,209.5,5.713,1232,206.8,21.39,3.4,,,4.0442553,0.5201677,IB04
2011-06-08,19.08,24.45,1100,14.31,2340,85.7,100.0,450,49.1,1630,0.513,39.59,4.88,1557,240.7,16.52,4.0,,,3.1256158,1.031444,IB04
2011-06-09,20.15,25.5,1120,13.72,120,82.2,100.0,150,54.49,1240,1.237,211.4,5.41,1020,204.0,26.06,0.2,,,4.6415753,0.0,IB04
2011-06-10,20.3,26.57,1340,15.31,240,83.5,100.0,410,51.55,1440,1.202,201.7,5.037,1325,225.4,19.76,0.0,,,3.93705,0.0,IB04
2011-06-11,21.32,26.23,1230,16.3,2330,71.8,99.5,410,48.49,1050,1.364,141.0,5.723,1316,187.6,23.7,0.0,,,4.5770125,0.0,IB04
2011-06-12,20.78,26.36,1240,14.24,410,80.7,100.0,450,57.69,1350,1.53,212.5,5.635,1321,210.2,26.8,0.0,,,4.8435063,0.0,IB04
2011-06-13,22.05,29.61,1230,15.77,350,73.6,100.0,450,31.2,1230,1.25,242.1,6.125,1519,241.8,25.67,0.0,,,5.27606,0.0,IB04
2011-06-14,22.39,31.08,950,14.78,440,70.6,96.5,450,33.14,950,1.357,218.0,6.037,1325,232.5,28.94,0.0,,,5.8920217,0.0,IB04
2011-06-15,23.08,30.6,1210,15.84,400,69.91,97.3,430,33.07,1210,1.313,214.1,4.969,1128,215.0,28.75,0.0,,,5.827359,0.0,IB04
2011-06-16,23.86,30.47,1240,15.77,350,63.33,97.4,240,35.34,1040,1.467,212.9,6.292,1411,231.0,28.19,0.0,,,5.825121,0.0,IB04
2011-06-17,24.69,31.94,900,16.9,450,64.61,96.3,2350,27.67,900,1.267,232.6,5.988,1152,214.0,29.15,0.0,,,6.0975347,0.0,IB04
2011-06-18,24.11,33.53,1020,17.04,410,70.1,98.6,140,40.27,1010,1.132,55.64,5.155,1311,222.2,27.57,0.0,,,5.782643,0.0,IB04
2011-06-19,22.6,28.42,1150,17.16,350,60.94,86.2,2350,34.21,1410,1.676,182.0,6.341,1246,210.1,28.93,0.0,,,5.9278374,0.0,IB04
2011-06-20,22.42,28.21,1240,14.91,420,72.3,95.6,440,48.14,1240,1.443,220.7,5.645,1104,224.0,28.62,0.0,,,5.4513135,0.0,IB04
2011-06-21,24.34,33.19,1410,16.24,420,63.22,98.2,430,23.8,1540,1.317,220.6,6.056,1517,188.8,29.45,0.0,,,6.320446,0.0,IB04
2011-06-22,23.69,30.35,840,16.84,210,71.1,90.9,2350,35.95,810,1.416,217.3,6.096,1122,212.0,28.32,0.0,,,5.847988,0.0,IB04
2011-06-23,24.31,30.34,1000,19.22,300,74.6,99.1,410,45.53,1010,1.438,95.1,5.87,1150,204.0,27.13,0.0,,,5.5872154,0.0,IB04
2011-06-24,23.69,30.46,1420,17.5,2350,62.02,85.3,500,35.66,1420,1.422,39.5,5.439,1601,228.2,28.8,0.0,,,5.976017,0.0,IB04
2011-06-25,22.83,28.62,910,15.78,410,70.7,92.3,2350,41.42,850,1.534,205.2,6.419,1330,201.3,29.11,0.0,,,5.724141,0.0,IB04
2011-06-26,23.65,28.94,1030,17.5,330,72.4,97.2,350,52.14,1610,1.498,214.8,6.595,1158,218.6,29.07,0.0,,,5.625642,0.0,IB04
2011-06-27,25.63,33.32,1040,16.37,440,60.45,97.6,450,27.13,1740,1.035,178.9,5.272,1605,204.6,29.28,0.0,,,6.057643,0.0,IB04
2011-06-28,25.13,33.73,900,17.91,430,66.66,92.3,2350,25.67,900,1.378,207.3,6.321,921,246.8,29.11,0.0,,,6.4374056,0.0,IB04
2011-06-29,25.35,32.52,1110,18.82,200,73.3,95.1,330,41.0,1100,1.682,67.68,6.409,1540,232.9,27.86,0.0,,,6.1310873,0.0,IB04
2011-06-30,24.59,30.2,1110,19.55,2330,64.95,87.7,0,41.67,1110,1.702,120.9,6.105,1307,232.7,27.17,0.0,,,5.8599854,0.0,IB04
2011-07-01,23.9,29.87,1050,18.03,310,70.4,89.5,450,49.68,1000,1.715,214.0,5.919,1136,207.2,27.44,0.0,,,5.6609907,0.0,IB04
2011-07-02,24.41,29.56,840,19.62,230,68.46,89.9,2340,27.41,840,1.482,211.3,5.782,1232,219.6,27.3,0.0,,,5.867311,0.0,IB04
2011-07-03,25.93,32.52,1000,19.48,420,66.11,95.6,500,37.21,1400,0.794,97.0,7.92,1031,195.9,16.59,0.0,,,3.9537907,0.0,IB04
2011-07-04,27.04,32.46,1150,20.08,2350,65.07,89.7,2350,31.46,1730,1.521,255.0,6.664,943,226.5,25.16,0.0,,,5.8717904,0.0,IB04
2011-07-05,24.64,29.75,950,17.83,430,72.4,95.2,440,42.53,1220,1.848,212.8,6.35,1135,220.4,28.43,0.0,,,5.920124,0.0,IB04
2011-07-06,25.31,30.8,1220,20.01,420,75.4,96.5,440,57.6,1220,1.367,204.7,5.459,1410,232.2,27.46,0.0,,,5.549701,0.0,IB04
2011-07-07,26.14,33.72,1120,18.3,410,68.93,92.0,150,33.86,1110,1.537,212.0,6.821,1200,232.4,28.41,0.0,,,6.365483,0.0,IB04
2011-07-08,26.07,32.32,1210,22.14,440,72.9,92.2,240,42.67,1100,1.538,143.2,6.233,1356,210.4,28.22,0.0,,,6.1702104,0.0,IB04
2011-07-09,26.7,33.19,1610,20.88,500,68.48,94.8,510,32.73,1610,1.389,124.3,7.58,1345,193.0,26.61,0.0,,,6.0140276,0.0,IB04
2011-07-10,27.02,33.18,1500,19.55,150,69.06,92.0,2350,42.73,1000,1.445,58.96,6.664,1217,225.9,26.5,0.0,,,5.8890977,0.0,IB04
2011-07-11,26.59,33.92,1000,22.27,340,77.0,93.6,110,39.39,1000,1.615,176.0,7.26,1417,235.8,26.23,0.0,,,6.134417,0.0,IB04
2011-07-12,27.4,33.67,840,21.28,400,75.4,95.8,340,43.2,840,1.061,218.3,5.89,933,216.6,19.92,0.0,,,4.702384,0.0,IB04
2011-07-13,26.82,31.39,1300,20.68,2250,58.97,90.7,140,30.73,1410,0.788,341.1,3.94,1211,248.9,28.13,0.0,,,5.6617956,0.0,IB04
2011-07-14,23.51,30.79,1340,18.62,2340,62.27,86.8,440,33.13,1340,1.146,63.76,5.586,1546,221.9,19.87,0.0,,,4.628207,0.0,IB04
2011-07-15,23.74,30.08,930,16.84,430,66.03,88.9,440,37.34,930,1.542,196.9,6.419,1349,207.9,27.0,0.0,,,5.6713467,0.0,IB04
2011-07-16,24.25,30.4,1240,17.03,440,69.14,91.3,520,45.8,1200,1.71,211.9,7.07,1224,224.2,27.63,0.0,,,5.734,0.0,IB04
2011-07-17,24.6,30.07,1230,18.69,440,77.3,97.1,510,62.93,1250,2.158,170.7,7.1,1502,210.3,24.53,0.0,,,5.044002,0.0,IB04
2011-07-18,24.28,29.34,1510,20.68,440,60.67,81.8,2250,42.0,1200,1.431,79.4,5.478,1623,189.9,17.26,0.0,,,4.32013,0.0,IB04
2011-07-19,25.95,31.86,1050,20.68,2340,57.37,87.7,210,25.93,1400,1.638,281.8,6.782,831,228.1,26.41,0.0,,,6.1311,0.0,IB04
2011-07-20,24.11,30.0,1320,17.56,450,49.5,75.3,140,31.34,1020,0.621,343.4,4.273,1445,339.2,27.86,0.0,,,5.19616,0.0,IB04
2011-07-21,23.52,30.13,1000,16.04,430,64.48,84.6,2340,31.53,950,1.514,226.3,6.742,1252,209.1,27.32,0.0,,,5.7563844,0.0,IB04
2011-07-22,23.08,29.15,1350,18.81,2330,64.75,88.0,2330,40.21,1340,1.591,45.13,6.115,1313,9.0,18.14,0.2,,,4.4420967,0.0,IB04
2011-07-23,22.75,27.82,940,16.84,510,70.2,93.4,440,48.81,940,1.555,206.8,5.909,1230,204.4,13.55,0.0,,,3.4688373,0.0,IB04
2011-07-24,20.9,25.38,1050,15.77,2340,81.3,94.8,2350,56.87,640,0.645,37.5,3.753,1053,21.32,9.45,2.8,,,2.2396727,0.0,IB04
2011-07-25,22.61,30.73,1230,14.11,410,73.0,99.5,520,35.67,1230,1.881,231.4,7.5,1256,236.8,25.96,0.0,,,5.653828,0.0,IB04
2011-07-26,24.89,30.87,1320,17.89,420,74.3,93.9,400,40.67,1310,1.962,209.0,7.21,1123,217.8,25.92,0.0,,,5.736398,0.0,IB04
2011-07-27,23.9,28.75,1150,19.68,2350,77.3,99.0,750,55.8,1600,1.3,46.8,4.645,1257,63.71,21.58,3.2,,,4.406939,0.3458817,IB04
2011-07-28,24.25,30.53,1020,17.49,450,65.28,87.2,0,37.33,1030,1.585,184.7,6.282,1143,206.3,25.75,0.0,,,5.5535183,0.0,IB04
2011-07-29,24.1,29.33,1200,17.5,440,68.96,96.2,500,38.15,840,1.55,208.6,5.958,1519,221.0,23.57,2.0,,,5.0534797,0.0,IB04
2011-07-30,22.68,27.51,1340,19.42,2340,85.9,100.0,540,60.55,1620,0.735,211.5,4.547,1555,252.0,14.49,9.0,,,3.0400836,4.9170537,IB04
2011-07-31,23.69,29.73,1250,17.23,430,78.3,100.0,520,50.13,1240,1.357,211.3,6.105,1356,230.2,25.33,0.0,,,5.017922,0.0,IB04
2011-08-01,25.23,31.72,1250,18.82,450,68.43,99.5,350,34.13,1410,1.404,147.0,6.458,1333,222.8,25.57,0.0,,,5.516362,0.0,IB04
2011-08-02,26.86,34.58,1140,19.95,230,67.12,92.1,2350,28.12,1140,1.389,101.7,5.282,1243,144.9,23.53,0.0,,,5.6692066,0.0,IB04
2011-08-03,26.49,30.2,1410,23.0,450,79.8,94.8,550,60.8,1630,1.498,203.0,6.399,1247,230.1,20.68,0.0,,,4.4986954,0.0,IB04
2011-08-04,25.44,31.47,940,20.55,500,76.4,98.0,350,42.07,940,1.408,198.5,6.409,1329,217.7,25.6,0.0,,,5.433484,0.0,IB04
2011-08-05,25.11,31.33,1000,19.09,500,73.9,98.4,540,39.06,1000,1.253,218.6,6.586,1302,240.8,25.07,0.0,,,5.246282,0.0,IB04
2011-08-06,25.5,31.59,1030,20.21,520,77.5,95.8,450,47.66,1050,1.426,216.1,6.252,1130,209.9,23.64,0.0,,,5.0960736,0.0,IB04
2011-08-07,26.91,32.19,1310,22.6,140,80.2,96.5,2300,56.99,1030,1.512,207.4,6.292,1502,182.9,25.31,0.0,,,5.3798804,0.0,IB04
2011-08-08,25.57,31.39,1220,19.55,2350,71.0,97.7,300,44.53,1230,1.455,48.24,6.135,1408,44.68,23.84,0.0,,,5.1259313,0.0,IB04
2011-08-09,23.23,29.48,940,17.76,410,66.29,81.9,240,41.21,940,1.174,164.9,5.204,1332,220.5,17.57,0.0,,,4.050746,0.0,IB04
2011-08-10,23.19,29.14,1010,16.96,500,64.61,86.5,510,40.07,1010,1.342,192.3,6.262,1227,220.0,25.2,0.0,,,5.057833,0.0,IB04
2011-08-11,22.7,30.0,1050,14.91,400,68.46,92.7,520,36.87,1050,1.194,208.6,6.36,1349,229.6,25.32,0.0,,,4.9945846,0.0,IB04
2011-08-12,23.73,29.47,1150,16.63,430,68.88,92.9,520,43.03,830,1.342,222.3,5.998,1432,232.9,24.62,0.0,,,4.9310493,0.0,IB04
2011-08-13,25.74,34.38,1520,17.36,500,56.13,88.6,500,22.79,1620,1.117,221.1,5.968,1424,202.1,23.69,0.0,,,5.316971,0.0,IB04
2011-08-14,25.97,34.9,1210,18.29,430,68.44,92.6,2340,23.59,1150,1.161,202.2,6.821,1236,201.8,24.57,0.0,,,5.5223227,0.0,IB04
2011-08-15,25.78,31.39,1430,19.95,430,69.54,96.6,320,32.06,1440,1.243,209.6,5.645,1321,210.0,24.63,0.0,,,5.2147374,0.0,IB04
2011-08-16,26.29,32.78,1220,19.95,450,57.8,83.8,30,31.79,1200,1.268,214.1,5.4,1348,206.1,24.38,0.0,,,5.380126,0.0,IB04
2011-08-17,26.88,34.04,1500,19.56,500,58.13,86.5,530,30.6,900,1.262,199.7,5.802,1318,202.8,24.45,0.0,,,5.4824543,0.0,IB04
2011-08-18,28.81,38.48,1230,20.68,410,58.27,90.3,430,23.45,1320,0.762,54.77,4.488,1324,105.6,24.73,0.0,,,5.406241,0.0,IB04
2011-08-19,27.63,37.22,1130,20.68,400,62.31,95.7,520,28.32,1130,1.197,140.1,6.35,1309,248.6,24.29,0.0,,,5.7223315,0.0,IB04
2011-08-20,26.88,37.42,1020,18.75,440,53.97,75.8,400,18.12,1020,1.249,238.6,7.11,1338,227.2,24.9,0.0,,,5.980874,0.0,IB04
2011-08-21,27.42,37.16,1010,18.43,520,43.93,64.51,520,19.86,1010,1.004,240.1,5.253,1220,238.6,24.85,0.0,,,5.5486765,0.0,IB04
2011-08-22,29.04,38.82,1010,19.16,430,42.81,80.5,2340,16.46,1240,1.041,127.8,5.635,1132,226.5,24.21,0.0,,,5.6693196,0.0,IB04
2011-08-23,26.48,30.92,1400,21.6,110,75.4,93.3,350,55.26,1350,1.424,206.3,5.282,1118,236.3,22.36,0.0,,,4.708073,0.0,IB04
2011-08-24,26.74,31.45,1230,22.53,2350,77.0,92.6,2350,57.59,1230,1.261,206.8,5.37,1313,169.2,22.46,0.0,,,4.701676,0.0,IB04
2011-08-25,26.03,31.78,1130,20.81,540,78.5,97.4,520,45.72,1140,1.277,214.6,5.596,1259,214.7,23.38,0.0,,,4.8910003,0.0,IB04
2011-08-26,26.19,32.19,1420,19.08,440,75.2,100.0,620,45.19,1520,1.994,212.0,7.81,1251,236.3,23.44,0.0,,,5.2313075,0.0,IB04
2011-08-27,24.27,31.33,1100,18.62,2350,59.0,80.5,2350,34.66,1100,0.849,57.07,5.321,144,32.41,15.05,0.0,,,3.553164,0.0,IB04
2011-08-28,22.79,29.07,1320,15.9,430,67.45,90.8,530,45.49,910,1.164,215.1,5.439,1416,219.9,19.37,0.0,,,3.9569385,0.0,IB04
2011-08-29,24.4,30.07,1210,17.62,400,72.5,88.9,400,53.26,1250,1.423,207.9,6.38,1432,216.3,21.51,0.0,,,4.3910933,0.0,IB04
2011-08-30,25.86,30.94,910,21.54,2350,76.5,93.2,2340,52.34,910,1.461,212.2,7.01,1308,219.4,22.31,0.0,,,4.677495,0.0,IB04
2011-08-31,25.39,30.66,1110,20.35,450,80.6,98.6,600,61.12,1110,1.161,210.7,6.007,1046,233.2,20.4,0.0,,,4.0922365,0.0,IB04
2011-09-01,26.09,34.84,1130,20.08,410,70.8,92.8,150,34.06,1130,0.873,209.2,5.831,1429,232.6,18.37,0.0,,,4.1788445,0.0,IB04
2011-09-02,27.28,32.98,1310,22.46,140,64.18,89.6,540,42.39,1150,0.938,264.7,5.165,1314,223.8,16.19,0.0,,,3.7999132,0.0,IB04
2011-09-03,24.33,28.04,940,19.01,2300,66.94,92.1,2350,50.31,0,1.8,210.6,6.478,1012,218.7,11.16,0.2,,,3.132381,0.0,IB04
2011-09-04,24.19,32.18,1350,18.09,130,72.0,99.1,600,34.79,1350,1.176,256.6,6.301,112,263.6,22.54,9.2,,,4.647715,5.0806084,IB04
2011-09-05,24.37,30.12,1300,18.75,430,74.4,92.0,2320,53.06,1300,1.115,212.2,5.468,1125,206.6,22.32,0.0,,,4.2953644,0.0,IB04
2011-09-06,24.85,29.73,1020,20.35,310,72.4,92.2,330,46.07,950,1.382,198.9,6.145,1259,227.9,20.36,0.0,,,4.2543216,0.0,IB04
2011-09-07,23.93,29.47,1150,17.89,520,80.8,99.1,630,61.13,1050,1.449,206.5,6.331,1116,219.4,21.54,0.0,,,4.0851583,0.0,IB04
2011-09-08,23.85,28.87,1030,18.62,420,80.6,97.9,630,59.2,1000,1.534,211.7,6.997,1506,206.1,21.84,0.0,,,4.1396437,0.0,IB04
2011-09-09,23.96,30.59,1210,17.09,500,76.9,99.8,640,26.6,930,1.151,207.5,5.713,1255,227.5,21.93,0.2,,,4.3894844,0.0,IB04
2011-09-10,24.99,34.38,1310,17.23,530,69.1,92.1,410,32.66,1020,1.048,213.4,5.704,1428,211.8,21.75,0.0,,,4.5746937,0.0,IB04
2011-09-11,23.89,29.8,1230,17.16,520,80.6,97.3,450,55.94,930,1.216,214.9,6.047,1347,228.0,20.25,0.0,,,3.8815784,0.0,IB04
2011-09-12,25.28,32.38,1230,19.81,500,71.3,100.0,620,41.72,1150,0.898,39.38,5.027,1356,217.8,21.29,0.0,,,4.1958394,0.0,IB04
2011-09-13,24.03,30.19,1220,17.56,530,71.9,90.6,540,47.56,840,1.221,208.2,6.086,1353,221.9,21.13,0.0,,,4.120556,0.0,IB04
2011-09-14,24.91,33.63,1220,17.43,440,69.06,93.3,510,31.85,1220,0.78,67.81,6.076,1123,123.7,20.92,0.0,,,4.0855684,0.0,IB04
2011-09-15,24.5,33.18,1110,17.96,410,71.3,91.5,2340,36.39,1120,1.102,206.1,5.723,1213,234.4,20.93,0.0,,,4.33683,0.0,IB04
2011-09-16,23.8,30.05,1300,17.09,420,76.8,97.4,520,49.4,1000,1.201,206.3,5.341,1354,210.4,20.45,0.0,,,3.9140837,0.0,IB04
2011-09-17,23.95,29.46,1320,17.63,530,75.6,97.0,520,49.87,950,1.167,208.7,5.792,1128,213.4,20.0,0.0,,,3.7988658,0.0,IB04
2011-09-18,23.51,30.73,1150,17.02,2350,75.7,97.5,2350,39.33,1300,1.353,24.75,6.331,1024,243.8,15.75,2.2,,,3.6238377,0.0,IB04
2011-09-19,19.78,25.82,1130,14.43,530,66.25,100.0,620,36.01,1320,0.594,335.3,6.115,1253,288.4,20.41,0.0,,,3.193441,0.0,IB04
2011-09-20,21.14,28.01,1230,14.23,510,64.31,88.8,520,41.34,1200,1.252,223.7,5.655,1244,228.1,19.42,0.0,,,3.659616,0.0,IB04
2011-09-21,21.35,27.93,1120,14.24,540,69.9,94.5,610,42.36,900,1.014,211.4,5.635,1404,212.6,19.79,0.0,,,3.493573,0.0,IB04
2011-09-22,21.89,29.19,1040,15.17,530,72.1,92.6,550,42.79,1040,1.023,211.0,5.214,1305,203.7,19.3,0.0,,,3.5436585,0.0,IB04
2011-09-23,21.88,28.67,1220,14.64,540,72.5,96.9,500,35.34,950,1.085,206.6,6.203,1241,239.0,19.24,0.0,,,3.5610492,0.0,IB04
2011-09-24,20.55,23.12,1530,18.54,1110,89.2,100.0,1210,74.4,1520,0.27,40.7,4.488,1001,135.3,4.771,12.8,,,1.1535304,7.5707517,IB04
2011-09-25,21.9,29.26,1130,16.49,540,80.6,100.0,600,48.53,1100,0.675,96.8,5.243,1236,208.5,15.76,0.0,,,2.8660614,0.0,IB04
2011-09-26,21.8,29.28,1200,15.66,600,75.444,100.0,630,35.78,1400,0.737,41.804,3.179,1430,216.8,18.23,0.609,,,3.189677,0.0,IB04
2011-09-27,21.95,30.71,1300,15.84,500,73.3,93.6,510,32.99,1300,0.868,39.49,5.743,1336,181.6,18.77,0.0,,,3.4565878,0.0,IB04
2011-09-28,22.58,31.04,1300,14.97,600,66.18,93.1,2350,32.99,1350,0.768,45.6,3.616,1552,26.98,18.75,0.0,,,3.3467202,0.0,IB04
2011-09-29,22.0,31.04,1250,16.83,540,79.1,97.2,620,34.32,1240,0.589,65.03,5.723,1326,216.7,15.66,3.045,,,2.8760517,0.20846961,IB04
2011-09-30,22.02,30.0,1120,15.9,510,75.7,96.8,550,35.46,1200,0.749,54.7,7.22,1403,210.7,15.26,0.203,,,2.8979666,0.0,IB04
2011-10-01,22.42,30.06,1120,15.84,520,69.66,96.2,540,30.92,1200,0.902,53.84,4.263,1402,48.19,16.61,0.0,,,3.1751037,0.0,IB04
2011-10-02,21.81,29.66,1120,16.43,450,69.75,94.2,520,28.92,1150,0.98,65.2,5.988,1322,222.4,18.22,0.0,,,3.3727946,0.0,IB04
2011-10-03,20.27,27.27,1210,13.44,520,72.5,93.0,540,44.2,1440,1.274,356.7,5.694,1424,244.6,18.45,0.0,,,3.2333817,0.0,IB04
2011-10-04,21.06,31.11,1100,13.17,540,66.65,96.4,610,27.66,1120,0.782,44.64,6.38,1130,255.1,17.98,0.0,,,3.1526046,0.0,IB04
2011-10-05,21.52,30.51,1210,11.91,520,62.14,89.3,430,29.66,1410,1.095,217.4,4.89,1456,202.9,17.85,0.0,,,3.3850865,0.0,IB04
2011-10-06,20.97,27.47,1220,13.91,500,74.1,93.1,320,47.14,940,1.414,241.5,6.056,1421,246.2,17.47,0.0,,,3.1644838,0.0,IB04
2011-10-07,19.4,28.02,1030,14.17,420,75.4,96.0,2320,42.74,1040,0.899,35.79,5.439,1233,51.7,11.34,7.71,,,2.3811657,3.9570413,IB04
2011-10-08,17.51,22.33,1350,13.51,2330,73.5,96.6,30,44.76,1200,1.066,15.31,5.537,826,72.9,11.92,2.436,,,2.180019,0.0,IB04
2011-10-09,18.3,25.87,1250,11.78,600,71.7,95.5,230,39.6,1430,0.589,9.88,3.391,1248,297.3,17.24,0.203,,,2.452039,0.0,IB04
2011-10-10,19.64,29.67,1200,11.38,550,65.96,89.7,600,33.46,1420,0.648,19.77,4.047,1051,195.7,17.36,0.0,,,2.6985338,0.0,IB04
2011-10-11,20.17,28.0,1200,12.51,430,78.1,96.4,2330,56.91,840,1.096,177.3,4.959,1201,232.1,17.3,0.0,,,2.7839105,0.0,IB04
2011-10-12,19.89,27.27,1150,11.91,610,83.6,97.5,2350,43.82,920,1.141,203.9,5.998,1336,216.9,17.19,0.203,,,2.8351111,0.0,IB04
2011-10-13,20.97,27.6,1430,14.23,610,79.2,98.6,620,41.27,1430,0.962,287.0,4.9,1317,228.0,16.73,0.203,,,2.7394123,0.0,IB04
2011-10-14,20.24,27.66,1200,15.17,530,71.6,94.8,150,40.47,1120,0.719,41.76,4.332,1417,65.04,14.64,0.0,,,2.4105737,0.0,IB04
2011-10-15,17.49,24.82,1240,11.51,2340,71.5,97.1,630,34.21,1310,0.886,45.72,4.91,1222,32.29,15.18,0.0,,,2.3704414,0.0,IB04
2011-10-16,16.25,25.22,1240,8.72,540,70.4,96.6,620,36.14,1300,0.522,52.94,3.881,1542,135.0,11.98,0.203,,,1.8421333,0.0,IB04
2011-10-17,16.78,24.09,1130,9.92,420,69.01,92.6,430,43.21,1130,0.883,350.0,4.381,1236,211.6,13.97,0.0,,,2.15122,0.0,IB04
2011-10-18,17.41,24.75,1100,11.12,210,71.6,90.3,540,43.81,1100,0.978,110.0,4.988,1338,229.4,15.44,0.0,,,2.3366747,0.0,IB04
2011-10-19,17.98,25.08,1030,11.38,400,70.6,92.6,230,45.21,1150,0.94,352.6,4.831,1231,229.8,15.32,0.0,,,2.2916405,0.0,IB04
2011-10-20,16.05,19.66,1040,11.31,2330,71.9,94.0,310,50.65,1050,1.445,51.65,5.331,1017,62.64,8.47,1.218,,,1.7810601,0.0,IB04
2011-10-21,16.15,22.77,1230,11.11,30,68.05,87.9,110,41.22,1230,0.576,67.75,3.881,1113,158.9,8.56,0.0,,,1.5496451,0.0,IB04
2011-10-22,16.28,23.22,1320,9.39,540,71.9,96.0,550,47.29,1200,0.776,71.1,5.155,1510,217.9,12.96,0.0,,,1.8531883,0.0,IB04
2011-10-23,17.33,25.56,1250,11.25,500,72.7,92.7,320,39.01,1250,0.76,65.86,4.92,1516,156.3,9.79,0.406,,,1.8479754,0.0,IB04
2011-10-24,20.0,25.09,1230,14.3,630,79.4,96.7,450,57.82,1150,2.498,209.6,9.65,2331,193.9,12.29,8.12,,,2.5233324,4.2640753,IB04
2011-10-25,18.94,22.37,1340,11.9,2350,64.03,96.2,540,43.56,1130,2.188,255.8,9.84,22,226.8,14.26,6.902,,,2.5584095,3.3472772,IB04
2011-10-26,16.72,23.03,1120,10.78,530,67.61,90.5,630,37.61,1150,1.072,34.37,5.655,1238,219.9,14.36,0.0,,,2.1215632,0.0,IB04
2011-10-27,18.69,25.12,950,13.37,400,80.7,93.9,2340,60.45,950,1.147,123.3,6.35,2352,207.0,6.335,5.887,,,1.5828743,2.5556178,IB04
2011-10-28,17.94,21.66,1140,14.83,2250,85.9,96.5,2020,68.39,1200,0.843,76.8,5.547,412,215.8,5.192,3.045,,,1.1700109,0.20769307,IB04
2011-10-29,20.76,25.91,1200,16.17,0,81.7,93.6,0,57.35,1240,1.762,49.69,4.998,832,62.08,9.22,2.639,,,2.1206663,0.0,IB04
2011-10-30,19.35,24.09,1300,13.51,2340,80.2,93.7,2350,57.29,1450,1.419,46.12,4.724,1134,343.2,12.31,0.203,,,2.0054185,0.0,IB04
2011-10-31,17.26,24.09,1150,11.31,540,81.7,96.9,450,56.95,1250,0.708,359.9,4.39,1341,252.2,12.69,0.0,,,1.6514416,0.0,IB04
2011-11-01,17.33,23.36,1120,12.05,510,84.9,97.8,630,61.69,1320,0.786,57.71,4.361,1403,221.0,12.15,0.0,,,1.5929722,0.0,IB04
2011-11-02,18.38,23.58,1100,12.97,510,83.4,97.8,640,61.31,1040,0.958,93.4,4.92,1156,224.1,8.63,0.203,,,1.479039,0.0,IB04
2011-11-03,20.59,24.78,1100,17.62,240,80.4,94.4,720,61.39,1550,1.139,139.9,4.684,1128,226.4,5.83,0.0,,,1.4777505,0.0,IB04
2011-11-04,17.14,19.28,230,14.82,910,88.2,98.2,1020,64.96,2350,2.394,174.2,10.79,852,220.4,3.334,23.75,,,1.3828056,14.628991,IB04
2011-11-05,16.05,18.75,20,12.3,2020,78.1,96.2,810,59.54,1320,1.839,251.0,9.56,10,228.9,6.231,2.436,,,1.4646779,0.0,IB04
2011-11-06,14.48,16.37,1500,11.85,30,87.9,95.4,2310,75.9,1500,1.376,293.1,11.05,1557,238.4,2.273,17.46,,,0.8866798,10.659179,IB04
2011-11-07,14.64,17.03,1350,13.24,410,92.7,97.1,600,79.9,1430,0.657,301.6,4.43,2250,274.8,2.336,47.5,,,0.7259366,28.205359,IB04
2011-11-08,14.66,21.37,1330,9.92,2330,87.4,98.5,720,63.38,1330,0.69,347.1,5.537,1141,236.4,10.86,5.278,,,1.2596802,2.0721176,IB04
2011-11-09,14.61,21.51,1040,9.12,410,87.0,98.4,500,63.64,1440,0.747,48.82,3.989,1228,182.7,11.92,0.203,,,1.301274,0.0,IB04
2011-11-10,15.34,20.71,1140,9.85,440,87.6,98.5,630,65.18,1150,0.916,227.1,4.567,1221,230.0,10.74,0.203,,,1.2734675,0.0,IB04
2011-11-11,15.55,21.17,1120,11.24,440,87.7,98.2,720,67.11,1320,0.675,242.9,4.498,1052,226.4,11.28,0.0,,,1.2221574,0.0,IB04
2011-11-12,15.89,23.43,1150,11.25,450,86.8,98.3,700,59.83,1150,0.372,45.34,2.891,1500,96.5,9.55,0.203,,,1.1035246,0.0,IB04
2011-11-13,15.93,22.45,1300,11.91,540,88.5,98.1,630,65.79,1140,0.473,44.51,3.067,1327,50.59,7.8,0.203,,,1.0372897,0.0,IB04
2011-11-14,16.29,22.38,1210,12.31,620,83.7,96.8,700,56.51,1210,0.739,57.88,5.968,1227,116.0,8.17,0.0,,,1.2130626,0.0,IB04
2011-11-15,15.33,21.0,1100,12.04,2250,91.2,97.9,1330,71.7,1100,0.533,29.49,8.82,1136,272.6,4.147,17.86,,,0.84132963,10.9162445,IB04
2011-11-16,15.71,21.59,1200,11.65,300,83.7,96.8,2020,59.11,1230,0.812,306.0,4.577,1022,273.9,8.33,6.293,,,1.1776643,2.8695302,IB04
2011-11-17,15.15,19.45,1220,9.99,2330,80.3,92.4,2350,64.72,1310,1.315,40.73,4.812,946,72.4,9.45,0.0,,,1.2536849,0.0,IB04
2011-11-18,13.32,20.58,1330,8.13,600,83.4,98.0,640,53.5,1400,0.451,43.67,3.175,1323,142.3,9.35,0.203,,,0.9587863,0.0,IB04
2011-11-19,14.45,20.33,1130,10.25,230,89.0,97.5,840,68.55,1510,0.673,57.83,3.871,1144,204.1,6.945,3.654,,,0.94056225,0.7342818,IB04
2011-11-20,16.18,23.18,1220,10.38,200,84.4,97.9,320,54.97,1300,0.721,61.41,4.361,1121,127.8,9.95,0.203,,,1.1906083,0.0,IB04
2011-11-21,15.1,16.64,100,12.77,2350,91.6,97.4,920,84.9,1250,0.743,41.19,4.537,643,201.3,2.134,13.8,,,0.6489098,8.240438,IB04
2011-11-22,15.52,20.34,1330,12.84,2320,89.7,97.1,30,69.48,1330,0.768,23.97,3.704,1351,9.67,6.022,9.34,,,0.9356424,5.140726,IB04
2011-11-23,14.48,19.01,1140,9.12,2350,85.2,96.9,10,62.13,1450,0.993,34.82,5.302,1134,19.91,7.38,3.248,,,1.0294191,0.3851243,IB04
2011-11-24,13.56,19.52,1240,8.86,2350,83.6,96.3,100,61.78,1300,0.779,45.03,3.773,1254,53.72,10.01,0.0,,,0.99105114,0.0,IB04
2011-11-25,12.86,19.65,1320,6.663,230,82.4,98.3,240,56.45,1300,0.798,40.38,3.773,1259,33.92,10.2,0.203,,,1.0026064,0.0,IB04
2011-11-26,12.43,20.11,1150,6.064,630,79.7,97.1,2350,51.91,1100,0.488,39.56,3.087,1306,32.97,10.16,0.0,,,0.8589702,0.0,IB04
2011-11-27,14.11,20.37,1310,6.198,200,83.1,98.6,210,54.65,1240,0.792,49.8,3.205,2230,30.44,8.54,0.203,,,1.0013067,0.0,IB04
2011-11-28,13.93,16.24,110,12.05,2030,95.1,97.6,2050,86.2,30,1.032,45.32,3.704,732,14.32,1.081,30.45,,,0.613087,18.614422,IB04
2011-11-29,14.8,21.31,1200,10.12,2350,88.8,97.8,2310,62.64,1150,0.566,34.22,3.92,1353,227.9,7.97,0.0,,,0.88489497,0.0,IB04
2011-11-30,13.51,21.05,1050,8.52,640,90.8,99.2,650,69.13,1100,0.535,24.79,3.41,1353,235.3,9.46,0.203,,,0.8312518,0.0,IB04
2011-12-01,13.49,18.87,1100,9.06,420,91.9,99.1,440,72.6,1100,0.776,92.5,4.283,1431,194.5,7.43,0.203,,,0.8020635,0.0,IB04
2011-12-02,14.98,18.8,1220,10.72,2350,83.0,97.5,10,56.53,1420,1.571,255.2,6.399,1143,225.7,7.39,0.203,,,1.2179703,0.0,IB04
2011-12-03,13.4,17.67,1140,9.32,320,86.2,96.5,630,70.5,1140,0.783,41.1,4.449,1146,79.1,8.03,0.0,,,0.78994095,0.0,IB04
2011-12-04,14.25,18.62,1230,11.04,550,85.2,97.5,740,67.88,1310,1.387,255.9,6.135,1310,258.7,5.196,0.0,,,0.9843182,0.0,IB04
2011-12-05,14.57,17.94,1420,10.58,640,76.4,93.4,2000,63.14,1340,1.731,262.4,6.889,1103,260.6,9.15,0.0,,,1.1526645,0.0,IB04
2011-12-06,13.62,19.65,1200,7.73,650,76.3,94.5,2350,54.72,1020,0.766,298.8,5.096,1330,244.0,8.99,0.0,,,0.90406746,0.0,IB04
2011-12-07,12.43,19.32,1440,6.858,150,78.8,97.8,2350,46.91,1100,0.684,326.2,4.41,1515,230.8,9.48,0.203,,,0.8664541,0.0,IB04
2011-12-08,10.7,20.06,1110,4.534,550,90.6,100.0,600,61.93,1110,0.567,38.4,3.283,1343,239.4,9.34,0.203,,,0.7466665,0.0,IB04
2011-12-09,11.68,17.22,1300,5.994,320,89.7,99.4,340,67.49,1410,0.382,50.07,2.773,1409,204.7,3.69,0.0,,,0.6230426,0.0,IB04
2011-12-10,12.24,17.74,1210,8.59,510,88.5,97.7,620,70.6,1210,0.581,323.2,4.145,1316,229.1,5.851,0.0,,,0.6817572,0.0,IB04
2011-12-11,10.62,16.62,1340,6.264,350,89.6,99.3,430,69.52,1120,0.517,342.8,3.165,1354,199.7,4.987,0.203,,,0.6309068,0.0,IB04
2011-12-12,10.75,17.95,1200,5.796,310,81.3,98.9,450,53.68,1200,0.38,352.0,3.969,1135,300.4,6.718,0.0,,,0.6400214,0.0,IB04
2011-12-13,11.99,17.28,1220,4.333,310,79.4,99.2,630,59.88,1200,1.865,261.2,6.84,1235,247.5,7.86,0.203,,,1.1157243,0.0,IB04
2011-12-14,14.69,18.48,1220,10.06,2350,78.4,94.9,2350,62.75,1300,2.179,249.7,7.77,1058,276.2,6.392,0.0,,,1.259051,0.0,IB04
2011-12-15,11.46,18.12,1300,5.536,2340,76.4,98.4,350,46.59,1200,0.574,343.8,4.008,1014,289.6,8.43,0.0,,,0.7371769,0.0,IB04
2011-12-16,14.99,17.1,940,5.871,0,66.2,94.5,30,41.08,2340,4.129,259.9,12.68,1659,241.9,6.053,0.0,,,2.1909027,0.0,IB04
2011-12-17,12.79,15.01,1320,10.18,1920,55.38,72.6,1920,39.21,10,1.374,330.0,5.704,254,311.7,8.21,0.0,,,1.2754682,0.0,IB04
2011-12-18,10.95,14.87,1350,6.858,2250,64.86,90.9,2250,46.79,1950,0.981,323.8,4.978,226,283.6,8.73,1.827,,,0.86910367,0.0,IB04
2011-12-19,8.4,14.74,1210,1.339,630,75.3,99.3,730,48.26,1350,0.726,294.2,4.253,1158,289.4,9.03,0.203,,,0.6922657,0.0,IB04
2011-12-20,12.91,15.95,1200,9.59,350,65.9,79.1,2350,43.4,1210,1.752,267.5,6.782,1323,249.8,7.2,0.0,,,1.4422863,0.0,IB04
2011-12-21,11.91,17.01,1310,5.195,440,82.2,97.7,710,64.95,1340,0.705,278.7,3.685,1926,261.5,5.548,0.0,,,0.7119217,0.0,IB04
2011-12-22,14.41,21.04,1240,6.799,2350,71.5,92.3,2350,44.9,1330,0.838,336.1,4.665,143,4.838,9.1,0.0,,,0.98964345,0.0,IB04
2011-12-23,10.12,19.4,1050,3.939,700,87.3,99.0,710,58.4,1050,0.634,319.1,3.303,1303,234.6,9.12,0.0,,,0.7393821,0.0,IB04
2011-12-24,9.97,18.93,1120,3.805,500,85.8,99.6,610,48.13,1100,0.398,27.92,3.116,1134,58.0,7.42,0.203,,,0.6525255,0.0,IB04
2011-12-25,8.22,16.54,1120,2.802,500,79.7,99.2,600,42.78,1500,0.611,33.69,3.263,1347,214.0,8.98,0.0,,,0.71845627,0.0,IB04
2011-12-26,7.91,15.87,1300,1.204,630,81.0,98.2,740,50.67,1230,0.513,40.04,3.489,1506,68.82,8.4,0.203,,,0.6254711,0.0,IB04
2011-12-27,8.71,12.95,1410,4.401,2320,89.0,98.9,2330,77.5,250,0.509,30.17,3.655,1441,33.28,3.855,6.902,,,0.5329361,3.3324795,IB04
2011-12-28,8.25,16.66,1200,2.535,2350,85.5,100.0,730,53.72,1210,0.321,30.71,2.332,1352,137.4,8.19,0.203,,,0.5416462,0.0,IB04
2011-12-29,7.4,15.96,1020,1.143,710,86.1,99.8,730,56.9,1020,0.448,2.564,3.469,1352,345.2,7.76,0.0,,,0.59172314,0.0,IB04
2011-12-30,9.22,14.74,1320,0.341,550,76.8,100.0,620,57.81,1320,0.974,289.9,4.714,1514,274.6,9.35,0.203,,,0.7468418,0.0,IB04
2011-12-31,12.58,19.06,1230,5.73,2320,71.3,95.0,2350,48.78,1240,0.981,270.5,4.253,1146,229.1,9.1,0.0,,,1.0009315,0.0,IB04
2012-01-01,10.69,19.58,1430,4.066,440,85.5,98.8,640,52.71,1440,0.663,288.5,5.057,1537,236.5,9.2,0.0,,,0.82118,0.0,IB04
2012-01-02,13.43,19.73,1220,6.927,210,71.6,98.1,220,47.31,1240,1.102,305.1,4.91,659,233.2,7.97,0.0,,,1.1245433,0.0,IB04
2012-01-03,11.71,16.99,1320,3.871,2310,70.4,97.2,2330,54.79,1430,0.701,324.2,4.087,1035,264.8,9.54,0.0,,,0.75710356,0.0,IB04
2012-01-04,8.75,17.61,1150,1.137,610,84.8,99.9,730,49.27,1320,0.618,347.8,4.871,1056,267.4,8.33,0.203,,,0.7763514,0.0,IB04
2012-01-05,12.46,19.24,1840,3.337,730,68.19,99.4,640,24.24,2040,1.918,286.5,7.78,1205,231.9,7.99,0.0,,,1.9290332,0.0,IB04
2012-01-06,12.12,16.43,0,4.464,2200,71.2,93.0,2340,54.96,0,1.108,36.76,5.655,500,9.01,2.627,0.0,,,1.0134506,0.0,IB04
2012-01-07,8.61,17.0,1130,2.007,600,80.4,98.8,740,48.8,1510,0.666,336.6,4.194,1242,224.5,9.52,0.0,,,0.7990082,0.0,IB04
2012-01-08,8.32,18.0,1300,0.207,630,82.6,99.7,640,47.51,1440,0.61,321.7,3.499,1522,269.2,9.66,0.0,,,0.8062641,0.0,IB04
2012-01-09,7.35,16.32,1210,0.676,730,83.8,99.5,630,55.39,1300,0.49,42.93,2.979,1447,114.6,9.55,0.203,,,0.6749239,0.0,IB04
2012-01-10,7.38,15.87,1220,0.876,520,86.7,99.7,650,60.47,1150,0.676,24.75,4.341,1542,236.3,9.33,0.0,,,0.73457867,0.0,IB04
2012-01-11,8.35,16.79,1320,1.472,430,84.1,100.0,530,49.58,1330,0.418,48.6,2.646,1210,114.5,8.61,0.203,,,0.6913145,0.0,IB04
2012-01-12,10.13,15.66,1250,4.935,810,77.8,92.8,820,53.93,1150,0.483,11.59,2.891,1320,238.0,9.72,0.0,,,0.71946084,0.0,IB04
2012-01-13,8.67,14.49,1220,2.803,2340,81.8,97.0,2330,59.76,1250,0.726,266.5,4.273,1525,234.2,7.55,0.0,,,0.7663247,0.0,IB04
2012-01-14,7.88,16.0,1300,2.669,10,83.1,98.2,730,46.33,1450,0.378,18.28,2.46,1335,247.3,7.4,0.0,,,0.69818074,0.0,IB04
2012-01-15,6.58,15.07,1300,0.475,720,86.4,99.9,800,62.88,1310,0.643,25.06,4.165,1522,234.6,9.59,0.203,,,0.7328841,0.0,IB04
2012-01-16,7.87,13.9,1410,1.676,130,86.2,98.1,700,61.25,1440,0.485,50.28,3.303,1702,10.06,4.773,0.0,,,0.6752107,0.0,IB04
2012-01-17,9.75,14.95,1430,3.471,2340,89.1,98.2,2350,66.77,1440,0.793,45.66,3.871,1219,40.31,7.01,5.684,,,0.78590995,2.3917868,IB04
2012-01-18,8.25,17.46,1230,1.411,710,84.6,100.0,630,49.12,1230,0.611,18.28,3.597,1257,241.0,10.95,0.203,,,0.89122695,0.0,IB04
2012-01-19,8.17,15.21,1250,1.01,710,86.0,100.0,720,63.48,1300,1.063,294.9,6.409,1305,243.2,10.69,0.0,,,0.9199612,0.0,IB04
2012-01-20,8.73,18.0,1310,2.936,550,89.8,99.4,600,58.0,1300,0.787,295.0,4.694,1541,244.3,8.13,0.203,,,0.95821446,0.0,IB04
2012-01-21,9.19,19.51,1400,2.468,300,80.1,100.0,730,38.9,1320,0.47,356.7,3.469,1500,281.8,11.04,0.0,,,0.93683034,0.0,IB04
2012-01-22,8.74,19.06,1330,1.338,550,83.8,100.0,730,48.44,1350,0.639,7.93,3.518,1206,197.7,10.98,0.203,,,1.0193567,0.0,IB04
2012-01-23,9.66,19.25,1320,3.07,340,80.3,99.2,720,45.64,1430,0.574,5.286,3.371,1424,281.9,11.25,0.0,,,1.0200088,0.0,IB04
2012-01-24,8.44,17.33,1140,1.806,620,89.1,99.4,730,64.73,1140,0.753,39.29,4.067,1427,227.8,10.17,0.203,,,0.9397697,0.0,IB04
2012-01-25,7.87,15.86,1200,0.876,720,87.9,100.0,730,59.8,1120,0.649,158.5,3.832,1329,231.2,11.21,0.203,,,0.9118324,0.0,IB04
2012-01-26,9.64,14.9,1210,2.207,150,87.7,99.5,230,65.77,1310,0.299,45.02,2.097,1352,184.6,3.405,0.0,,,0.66005874,0.0,IB04
2012-01-27,9.96,16.6,1120,3.872,640,85.6,98.6,650,59.61,1120,0.632,48.23,2.989,1612,33.85,7.14,0.203,,,0.9094536,0.0,IB04
2012-01-28,9.25,11.78,1330,3.936,2350,87.7,94.6,2350,72.0,1410,0.996,41.44,4.302,510,41.09,2.999,3.451,,,0.7556981,0.5603426,IB04
2012-01-29,4.693,8.67,900,1.739,2240,94.5,99.1,2250,83.7,910,0.61,26.14,4.469,352,55.26,2.888,11.77,,,0.5310187,6.8524265,IB04
2012-01-30,6.303,12.15,1210,0.274,2310,78.1,98.9,130,47.74,1440,0.858,17.83,5.478,1103,3.319,11.71,0.203,,,1.0173862,0.0,IB04
2012-01-31,7.07,14.29,1430,-0.923,320,80.8,100.0,730,57.03,1130,1.245,300.3,5.88,1154,250.4,10.4,0.0,,,1.1394012,0.0,IB04
2012-02-01,9.34,14.61,1450,2.274,710,77.2,94.9,2350,58.77,1030,0.836,339.6,4.567,1609,224.8,10.56,1.827,,,1.0617735,0.0,IB04
2012-02-02,6.117,8.26,1310,4.728,2100,86.0,98.3,440,73.6,1330,2.278,49.93,6.605,1307,48.12,3.998,7.51,,,0.8047943,3.7937794,IB04
2012-02-03,3.725,7.05,1120,0.274,2100,89.3,99.4,2110,70.4,1130,1.454,37.34,6.272,1029,354.4,4.461,6.496,,,0.72404885,3.0232615,IB04
2012-02-04,0.838,5.38,1420,-3.521,2320,86.4,97.3,430,59.02,1520,0.757,5.469,4.067,1246,43.01,6.964,1.624,,,0.7028706,0.0,IB04
2012-02-05,2.241,9.1,1220,-4.282,730,87.1,100.0,750,33.46,1310,0.39,24.1,2.92,1458,302.5,8.2,3.654,,,0.7814698,0.73402625,IB04
2012-02-06,5.742,12.94,1450,-0.388,500,77.9,97.6,30,46.07,1540,0.852,348.7,4.175,1008,290.6,13.03,0.609,,,1.1744553,0.0,IB04
2012-02-07,5.713,11.96,1310,-0.261,340,59.12,95.5,350,28.72,1410,1.22,13.56,4.518,1147,328.1,10.93,0.203,,,1.4192085,0.0,IB04
2012-02-08,4.761,8.12,1220,2.0,740,77.8,97.6,930,62.8,100,0.905,27.97,4.743,1430,17.36,6.146,4.263,,,0.8179875,1.2453527,IB04
2012-02-09,7.26,12.48,1310,4.467,640,72.3,88.7,640,50.82,1620,0.648,339.2,4.126,1502,285.7,12.92,0.0,,,1.1604137,0.0,IB04
2012-02-10,5.4,13.68,1100,-0.261,2350,71.3,97.2,720,46.93,1110,0.935,42.33,4.332,1233,62.3,9.87,0.0,,,1.2116889,0.0,IB04
2012-02-11,3.642,10.43,1300,-1.185,2230,74.2,92.8,2350,34.46,1250,0.888,49.4,3.94,423,51.29,10.34,0.406,,,1.1882669,0.0,IB04
2012-02-12,2.868,9.24,1110,-1.392,220,85.9,98.4,2350,59.06,1120,0.755,34.3,3.989,1849,73.9,9.15,0.203,,,0.9113238,0.0,IB04
2012-02-13,2.752,9.29,1400,-2.321,2350,76.7,100.0,500,34.94,1610,0.808,24.09,4.43,1325,57.48,11.94,1.015,5.597,6.903,1.140454,0.0,IB04
2012-02-14,4.046,10.37,1510,-2.72,0,86.6,97.5,2340,58.91,1550,0.749,29.65,5.302,1730,350.8,5.959,2.842,5.464,6.641,0.8744559,0.028029768,IB04
2012-02-15,6.176,13.67,1400,-0.796,330,77.8,99.8,400,43.46,1340,0.985,308.1,6.017,1536,250.3,13.72,0.406,6.65,7.08,1.42776,0.0,IB04
2012-02-16,8.03,15.21,1410,1.409,10,78.6,95.6,700,43.72,1500,0.794,292.9,3.45,1123,217.6,14.3,0.0,7.95,7.89,1.473828,0.0,IB04
2012-02-17,6.814,15.46,1200,1.478,330,89.2,99.6,2350,52.93,1150,0.612,50.71,4.449,1246,257.8,10.19,2.842,8.28,8.46,1.189796,0.02804911,IB04
2012-02-18,6.841,13.37,1450,1.538,210,91.4,100.0,330,67.0,1500,0.544,44.55,3.136,1506,207.3,6.046,0.812,8.07,8.48,0.8874104,0.0,IB04
2012-02-19,7.99,16.14,1450,0.809,420,85.9,100.0,720,50.0,1610,0.671,11.01,4.812,1135,237.6,11.75,0.812,8.5,8.63,1.353207,0.0,IB04
2012-02-20,8.11,14.16,1540,3.47,200,74.7,98.4,240,45.67,1300,1.096,39.22,4.861,1003,49.44,10.61,0.609,8.72,9.03,1.467625,0.0,IB04
2012-02-21,7.02,13.15,1210,0.207,400,82.0,98.2,520,51.81,1110,0.861,14.02,5.253,1140,39.72,12.19,1.015,8.2,8.78,1.354954,0.0,IB04
2012-02-22,8.57,15.8,1220,1.538,2310,72.4,98.3,610,32.64,1150,0.74,17.11,4.714,1051,346.9,15.01,0.406,8.98,9.13,1.657147,0.0,IB04
2012-02-23,7.69,18.45,1330,-1.586,550,70.5,96.4,440,29.49,1430,0.598,32.24,4.096,1308,151.0,16.26,0.0,8.64,9.06,1.720946,0.0,IB04
2012-02-24,8.87,16.67,1150,1.077,330,82.9,97.6,2240,50.52,1230,1.065,192.1,5.41,1434,220.6,14.76,0.0,9.24,9.39,1.74903,0.0,IB04
2012-02-25,9.44,16.12,1200,1.405,620,84.6,100.0,650,54.94,1010,1.133,217.4,4.508,1353,221.1,16.63,0.0,9.98,9.9,1.814321,0.0,IB04
2012-02-26,11.51,21.18,1440,4.6,420,80.2,98.3,650,36.62,1610,0.751,352.8,3.557,1208,209.8,15.75,0.203,11.18,10.69,2.028748,0.0,IB04
2012-02-27,11.23,18.18,1450,4.266,2310,71.2,95.6,2350,36.43,1350,1.04,52.73,4.988,1534,185.6,16.56,0.0,11.18,11.1,2.117539,0.0,IB04
2012-02-28,8.99,16.14,1010,2.274,620,82.2,98.5,540,48.15,940,0.967,82.5,4.743,1355,218.9,16.51,0.0,10.82,10.99,1.861041,0.0,IB04
2012-02-29,8.92,16.6,1300,1.411,520,81.7,99.8,620,54.14,1630,1.018,246.8,6.341,1344,210.7,16.85,0.203,10.74,10.96,1.87481,0.0,IB04
2012-03-01,8.93,16.07,1240,1.612,550,87.9,98.5,650,69.68,1250,0.992,167.1,4.596,1354,210.2,16.97,0.0,10.85,10.99,1.750312,0.0,IB04
2012-03-02,9.88,15.59,1130,2.535,310,86.7,99.6,330,67.8,1340,0.955,236.5,4.596,1628,221.0,17.01,0.203,11.42,11.33,1.794573,0.0,IB04
2012-03-03,11.93,18.93,1420,5.395,2330,79.3,97.5,510,47.18,1440,1.357,294.1,5.488,1249,218.8,15.59,0.0,12.24,11.92,2.235608,0.0,IB04
2012-03-04,12.01,19.93,1110,3.538,630,79.8,97.6,640,52.39,1050,1.266,244.9,7.14,1315,257.9,14.88,0.0,12.32,12.12,2.156559,0.0,IB04
2012-03-05,10.53,15.18,30,4.927,2310,83.9,98.1,2320,63.67,0,0.616,30.48,2.979,141,342.2,2.986,0.812,12.2,12.43,0.9166412,0.0,IB04
2012-03-06,7.57,12.74,1400,3.997,640,88.5,100.0,700,62.46,1630,0.79,23.8,4.038,1359,220.1,12.89,10.96,10.91,11.57,1.476307,6.300983,IB04
2012-03-07,8.25,14.75,1250,2.269,610,80.0,99.7,640,51.08,1600,0.816,12.28,4.028,1234,14.89,13.15,1.218,10.19,11.07,1.650846,0.0,IB04
2012-03-08,9.09,16.07,1030,1.071,610,70.1,99.6,640,46.35,1540,1.641,46.03,6.517,1506,1.328,13.33,0.203,9.9,10.72,2.058421,0.0,IB04
2012-03-09,10.73,14.48,1300,7.73,450,60.58,74.9,2310,47.76,940,2.076,40.52,6.958,1050,10.43,13.2,0.0,10.02,10.63,2.347413,0.0,IB04
2012-03-10,11.25,17.26,1400,2.742,2350,59.75,92.2,2330,30.1,1530,1.366,32.18,5.439,1019,27.96,19.12,0.0,10.86,10.96,2.638171,0.0,IB04
2012-03-11,9.98,19.71,1340,1.545,430,65.79,95.1,640,28.82,1230,0.672,356.9,4.371,1141,305.4,18.83,0.0,10.8,11.1,2.328133,0.0,IB04
2012-03-12,9.84,17.66,1040,1.606,510,77.6,95.8,2350,49.82,910,1.196,243.9,5.694,1321,242.1,19.12,0.0,11.49,11.51,2.374829,0.0,IB04
2012-03-13,10.59,17.19,1140,2.936,200,86.9,99.4,650,60.79,1240,1.282,191.1,5.38,1245,222.7,19.37,0.203,12.19,12.0,2.303651,0.0,IB04
2012-03-14,12.09,17.39,1200,7.79,640,88.8,98.9,720,57.19,1100,0.86,240.6,3.979,1227,209.2,19.32,0.203,13.58,12.89,2.356971,0.0,IB04
2012-03-15,11.3,18.12,1410,4.727,620,81.1,100.0,620,50.39,1610,0.803,82.4,3.832,1319,226.9,19.74,0.406,13.91,13.47,2.40133,0.0,IB04
2012-03-16,13.14,22.69,1350,2.942,600,71.3,92.8,120,31.62,1140,0.625,44.2,3.205,1313,57.48,20.15,0.0,13.28,13.27,2.676405,0.0,IB04
2012-03-17,13.07,16.73,1120,8.39,320,86.6,95.0,400,74.4,950,1.606,223.0,5.9,1206,191.2,19.35,0.0,14.77,14.11,2.360052,0.0,IB04
2012-03-18,14.24,19.13,1120,5.529,2340,77.1,94.0,710,56.52,1520,1.726,225.2,5.802,1514,228.1,19.77,0.0,15.65,14.83,2.791982,0.0,IB04
2012-03-19,11.61,15.67,1240,5.6,0,76.5,92.0,210,58.75,1240,1.283,51.76,4.381,1528,74.4,9.83,0.203,13.69,14.29,1.744169,0.0,IB04
2012-03-20,11.19,12.92,1350,9.32,900,85.0,93.9,840,69.82,210,2.162,55.5,6.36,1809,90.3,4.993,3.451,12.6,13.5,1.306152,0.5610177,IB04
2012-03-21,15.15,20.8,1420,12.11,330,85.7,94.3,630,65.13,1410,0.694,41.7,3.067,3,81.7,8.29,0.0,13.76,13.47,1.622162,0.0,IB04
2012-03-22,13.44,18.52,1100,5.14,2350,76.6,93.3,2330,54.32,1540,1.285,273.2,5.508,1517,220.7,20.02,0.203,15.01,14.4,2.742953,0.0,IB04
2012-03-23,10.71,18.53,1010,1.873,450,80.3,99.1,550,41.84,1010,0.863,273.2,4.753,1425,191.1,20.68,0.0,13.72,14.01,2.649155,0.0,IB04
2012-03-24,11.39,20.77,1150,3.805,530,80.4,96.1,540,40.16,1150,0.789,90.2,5.429,1310,214.6,21.3,0.0,14.05,14.12,2.826841,0.0,IB04
2012-03-25,11.89,21.71,1110,3.738,450,78.0,99.0,540,46.56,1110,0.814,350.2,4.567,1339,212.8,20.99,0.203,14.22,14.24,2.845749,0.0,IB04
2012-03-26,13.02,23.16,1210,4.667,340,71.5,98.2,540,31.68,1220,0.769,39.0,5.174,1254,207.3,19.31,0.0,14.45,14.46,2.912685,0.0,IB04
2012-03-27,13.99,22.97,1150,7.4,30,72.5,96.8,520,36.69,1440,0.742,36.48,3.665,1044,32.11,18.06,0.203,14.97,14.78,2.808045,0.0,IB04
2012-03-28,13.12,22.62,1200,6.398,310,74.2,96.4,750,36.23,1050,0.706,42.06,6.252,1357,152.8,14.37,0.609,14.84,14.94,2.448491,0.0,IB04
2012-03-29,13.62,24.22,1240,5.336,530,63.47,89.8,30,25.48,1130,0.794,37.44,4.635,1350,120.5,21.43,0.0,14.92,14.85,3.27491,0.0,IB04
2012-03-30,13.1,22.84,1050,4.006,540,71.3,93.4,410,33.02,1020,1.168,216.3,5.086,1557,201.9,22.05,0.0,15.47,15.19,3.43897,0.0,IB04
2012-03-31,12.95,20.18,1230,5.001,420,78.6,98.2,610,50.92,1610,1.081,194.2,5.155,1246,216.7,21.47,0.0,15.85,15.56,3.004238,0.0,IB04
2012-04-01,13.01,19.97,1300,4.935,530,84.2,96.3,2350,57.91,1040,1.036,207.9,4.292,1413,202.9,21.89,0.203,16.12,15.81,2.977679,0.0,IB04
2012-04-02,14.44,19.78,1030,8.92,550,87.3,97.6,610,62.19,1030,0.991,222.9,4.733,1543,214.1,17.78,0.0,16.53,16.2,2.639979,0.0,IB04
2012-04-03,15.68,19.31,1250,12.71,600,86.2,96.7,630,69.26,1230,1.453,188.9,4.91,1342,212.7,17.1,0.406,17.44,16.79,2.628357,0.0,IB04
2012-04-04,15.67,19.58,1230,11.12,2350,81.9,94.8,2350,62.38,1250,1.401,206.9,4.841,1355,196.1,22.21,0.0,18.33,17.43,3.217271,0.0,IB04
2012-04-05,14.56,19.38,1140,9.19,240,85.5,97.0,310,65.85,1310,1.142,212.4,4.733,1226,215.7,19.53,0.406,17.96,17.59,2.818707,0.0,IB04
2012-04-06,14.09,18.99,1020,10.65,400,77.3,96.0,550,59.49,1750,1.857,225.6,6.223,1016,203.5,14.93,0.203,17.53,17.53,2.584458,0.0,IB04
2012-04-07,13.13,17.99,1210,4.467,510,67.5,97.4,610,38.31,1520,1.935,252.8,6.517,1423,270.7,22.91,0.203,16.59,16.82,3.471892,0.0,IB04
2012-04-08,14.65,20.97,1200,7.47,2350,59.1,89.4,2320,32.96,1150,0.946,296.5,9.03,1226,289.0,23.94,0.0,17.14,16.96,3.556681,0.0,IB04
2012-04-09,12.88,20.72,940,4.734,300,75.1,94.8,350,40.11,920,1.211,151.9,4.822,1107,169.9,24.16,0.0,17.16,17.1,3.532406,0.0,IB04
2012-04-10,14.42,22.74,1330,9.58,210,80.3,95.0,2100,46.63,1430,1.12,283.8,6.105,1558,209.5,10.67,1.421,16.49,16.99,2.399344,0.0,IB04
2012-04-11,15.4,22.04,1110,7.26,2310,56.61,92.4,2330,26.62,1510,1.097,309.1,4.9,1057,304.9,22.83,0.0,17.06,16.9,3.706309,0.0,IB04
2012-04-12,13.23,18.66,1100,5.663,300,84.7,95.7,2350,63.06,1100,0.818,215.5,3.891,949,229.9,12.27,5.481,16.82,17.01,2.060531,2.2376332,IB04
2012-04-13,13.36,17.09,1310,10.91,530,78.9,96.5,220,51.13,1440,1.057,354.8,4.312,1257,318.2,12.58,7.31,16.09,16.77,2.237599,3.6548731,IB04
2012-04-14,14.02,19.33,1250,8.12,230,69.96,89.1,2120,48.85,1310,1.649,259.4,6.84,1338,242.1,22.76,0.812,15.75,16.13,3.511434,0.0,IB04
2012-04-15,10.39,14.26,750,7.92,2330,85.3,96.0,610,71.7,750,0.797,285.4,3.557,1642,233.0,7.47,8.73,14.22,15.58,1.379083,4.702308,IB04
2012-04-16,10.12,14.75,1330,6.195,420,81.5,96.7,510,56.88,1430,0.59,28.48,4.028,1250,231.5,9.35,2.639,13.19,14.49,1.613075,0.0,IB04
2012-04-17,12.51,18.06,1240,7.13,500,65.8,90.6,20,36.44,1500,1.444,270.1,5.576,1400,240.6,25.62,0.0,14.13,14.57,3.721485,0.0,IB04
2012-04-18,13.46,19.59,1140,8.25,250,72.5,93.2,320,37.71,1530,0.888,328.1,4.792,951,340.0,19.77,0.0,14.91,15.08,3.107144,0.0,IB04
2012-04-19,16.63,20.93,1100,11.19,0,57.93,92.3,0,42.24,940,1.803,260.9,6.154,1316,253.7,23.6,0.0,16.06,15.75,3.990226,0.0,IB04
2012-04-20,15.83,20.78,1040,11.51,400,67.0,93.1,2340,36.43,1010,1.426,249.9,6.292,1223,185.7,26.15,0.0,17.21,16.63,4.155276,0.0,IB04
2012-04-21,15.29,22.98,1240,8.45,400,81.1,97.3,520,48.43,1320,1.156,211.0,4.851,1429,219.2,25.34,0.0,17.95,17.31,3.925885,0.0,IB04
2012-04-22,15.93,23.16,1240,11.45,230,79.5,96.3,610,50.29,1240,1.001,44.25,4.675,1321,187.9,24.79,0.203,18.47,17.89,3.888521,0.0,IB04
2012-04-23,15.23,19.19,1250,11.18,520,86.9,97.2,540,71.1,930,1.171,204.9,4.724,1310,220.8,20.69,4.872,18.4,18.24,3.074438,1.7525197,IB04
2012-04-24,14.88,19.61,1200,7.26,2350,58.09,94.5,140,27.42,1630,1.06,338.8,4.214,421,352.7,20.09,0.0,17.0,17.66,3.385816,0.0,IB04
2012-04-25,14.1,20.84,1230,4.801,350,79.2,95.2,400,51.43,1610,1.209,148.1,5.723,1309,207.0,26.09,0.0,17.2,17.28,3.816019,0.0,IB04
2012-04-26,17.25,22.49,1400,8.73,500,73.1,96.0,300,46.08,2320,0.834,225.5,4.038,1049,193.6,25.69,0.0,18.96,18.22,4.004773,0.0,IB04
2012-04-27,20.87,30.54,1020,15.23,2350,56.75,79.5,1940,27.27,1030,0.875,349.4,4.978,1153,244.1,21.91,0.0,20.22,19.23,4.449161,0.0,IB04
2012-04-28,17.89,24.7,850,14.04,40,78.0,94.3,1800,49.24,830,1.556,216.6,7.38,1938,223.6,16.94,2.842,20.39,19.81,3.496452,0.028190995,IB04
2012-04-29,16.11,20.18,1210,11.38,510,74.7,91.2,50,58.66,1010,1.657,208.5,5.263,220,267.5,25.68,0.0,19.57,19.44,3.949385,0.0,IB04
2012-04-30,15.93,19.85,1250,10.52,2350,65.94,87.9,2340,38.83,1340,2.231,219.5,5.958,522,218.0,26.24,0.0,19.82,19.48,4.422729,0.0,IB04
2012-05-01,14.52,20.51,1450,7.93,400,78.6,95.5,530,48.23,1600,1.106,204.6,4.645,1342,212.4,26.56,0.0,19.84,19.51,3.947048,0.0,IB04
2012-05-02,14.65,20.72,930,7.39,230,75.7,95.8,510,51.32,910,0.977,307.7,4.89,1127,192.3,26.27,0.0,19.88,19.61,3.883847,0.0,IB04
2012-05-03,15.39,22.32,930,7.59,510,78.0,96.2,520,47.31,910,1.301,215.2,4.969,1409,197.9,24.53,0.0,19.91,19.72,3.957253,0.0,IB04
2012-05-04,17.44,21.97,1320,12.38,2350,79.9,94.3,2320,52.24,1150,1.889,219.2,5.968,1340,200.6,24.37,0.0,21.18,20.36,4.142904,0.0,IB04
2012-05-05,17.86,23.51,1220,11.91,40,76.7,96.1,130,42.56,1220,1.804,219.4,5.733,1145,221.5,23.81,0.0,21.48,20.75,4.349094,0.0,IB04
2012-05-06,16.56,21.99,1410,10.45,2330,81.0,95.4,2340,52.51,1410,1.398,224.7,4.351,1709,218.5,15.68,4.06,20.39,20.66,3.047862,1.0817167,IB04
2012-05-07,15.62,21.63,1350,7.86,450,84.4,97.7,500,65.23,1340,1.14,212.1,4.439,1059,222.0,25.22,0.0,19.77,19.79,3.799635,0.0,IB04
2012-05-08,17.0,22.44,1130,11.71,510,77.3,97.1,600,53.5,1550,0.985,221.9,4.537,1328,231.6,24.41,0.203,21.12,20.41,3.952491,0.0,IB04
2012-05-09,18.86,27.41,1000,10.13,400,59.81,89.1,230,15.2,1010,0.91,264.0,4.194,1352,234.0,26.84,0.0,21.91,20.92,4.817389,0.0,IB04
2012-05-10,21.36,31.12,1320,11.25,420,48.51,86.0,140,21.73,1320,1.0,83.5,4.733,1302,240.4,27.66,0.0,23.04,21.76,5.347577,0.0,IB04
2012-05-11,20.19,27.87,1040,12.25,320,50.51,78.4,320,21.6,1320,1.016,235.4,4.88,1240,228.2,27.95,0.0,23.64,22.5,5.145227,0.0,IB04
2012-05-12,19.53,26.49,1120,11.12,450,55.1,80.5,410,29.01,1100,1.055,201.6,4.479,1228,226.6,26.94,0.0,23.75,22.79,4.880308,0.0,IB04
2012-05-13,20.55,27.34,1020,12.38,420,56.0,90.3,2350,25.67,1320,1.077,220.2,4.831,1324,201.8,26.69,0.609,24.47,23.29,4.985073,0.0,IB04
2012-05-14,19.34,26.29,1110,13.97,310,63.13,94.5,250,30.61,1000,1.324,168.9,5.027,1439,199.2,27.84,1.015,24.33,23.55,5.130454,0.0,IB04
2012-05-15,18.05,25.23,920,11.25,440,71.1,96.8,520,34.28,920,1.133,212.2,5.302,1248,236.0,27.65,0.203,23.97,23.43,4.789334,0.0,IB04
2012-05-16,15.93,22.38,840,9.19,2350,69.77,93.1,510,44.22,1500,0.59,45.75,4.312,943,117.2,16.83,0.0,22.38,22.77,2.980151,0.0,IB04
2012-05-17,17.06,23.57,1450,7.73,430,62.64,91.6,450,30.08,1340,1.175,155.6,5.351,1257,278.1,26.47,0.0,22.51,22.26,4.551168,0.0,IB04
2012-05-18,20.13,26.97,1520,13.77,100,68.21,84.8,120,42.09,1510,0.875,55.07,4.185,1500,124.3,15.93,0.0,23.1,22.71,3.437731,0.0,IB04
2012-05-19,19.76,24.17,1200,15.88,440,77.3,89.2,500,58.77,1140,1.371,207.6,5.204,1103,213.1,16.51,0.0,23.42,22.92,3.379595,0.0,IB04
2012-05-20,19.5,24.77,1040,13.24,2340,65.78,90.8,350,27.21,1510,1.878,247.9,6.047,1429,228.7,26.99,1.421,24.36,23.38,5.288028,0.0,IB04
2012-05-21,17.8,22.51,1420,13.31,250,51.57,81.5,0,30.49,1600,1.419,293.5,6.713,1257,278.5,23.47,0.0,22.77,22.88,4.458608,0.0,IB04
2012-05-22,19.58,26.29,1320,15.23,2350,53.93,85.2,2350,32.35,1320,1.529,291.1,6.184,442,260.6,24.56,0.0,23.27,22.77,4.989229,0.0,IB04
2012-05-23,20.83,29.0,1110,13.57,2350,57.18,88.4,2330,27.4,1320,1.114,239.6,5.351,1452,194.9,28.17,0.0,24.82,23.55,5.397085,0.0,IB04
2012-05-24,19.297,25.66,1500,11.5,430,67.111,88.9,2350,41.31,1500,1.061,204.355,2.671,1430,208.2,28.458,0.0,23.939,23.019,4.949025,0.0,IB04
2012-05-25,19.96,26.68,1220,12.31,500,69.43,94.1,450,38.97,810,1.007,198.8,4.361,1139,193.7,28.46,0.0,25.46,24.41,5.041565,0.0,IB04
2012-05-26,20.33,27.21,1150,12.85,430,64.69,94.1,300,29.34,920,1.015,225.2,4.214,1010,210.4,26.52,0.0,25.91,24.82,4.941622,0.0,IB04
2012-05-27,20.66,28.4,930,12.91,430,67.89,91.5,2130,30.27,930,1.02,217.9,5.116,1205,184.2,28.32,0.0,26.31,25.14,5.265789,0.0,IB04
2012-05-28,20.93,28.68,920,13.04,340,68.83,93.8,440,37.27,930,0.928,218.1,4.782,1341,203.9,27.25,0.0,26.51,25.43,5.055263,0.0,IB04
2012-05-29,21.64,29.99,930,14.63,450,70.3,92.2,310,30.0,930,1.062,180.1,4.861,1204,193.3,28.13,0.0,27.1,25.85,5.468612,0.0,IB04
2012-05-30,21.74,29.14,930,14.17,350,70.8,94.7,330,39.73,930,0.953,219.2,4.449,1124,239.4,28.16,0.0,27.33,26.14,5.259606,0.0,IB04
2012-05-31,22.26,31.99,920,14.04,450,61.71,90.4,100,24.8,910,0.957,231.7,5.37,1217,201.2,28.6,0.0,27.59,26.41,5.652808,0.0,IB04
2012-06-01,22.7,29.8,900,14.64,430,58.36,81.9,430,34.94,840,0.965,226.5,5.174,1126,236.0,28.78,0.0,27.93,26.71,5.503356,0.0,IB04
2012-06-02,23.39,30.52,1040,15.1,340,58.48,82.8,430,34.99,1050,0.906,242.9,5.184,1249,199.2,28.09,0.0,28.3,27.03,5.454278,0.0,IB04
2012-06-03,21.53,28.49,950,14.98,440,73.5,95.8,2220,41.19,630,0.642,67.85,5.998,1129,145.6,10.44,1.809,26.24,26.48,2.640555,0.0,IB04
2012-06-04,22.6,28.07,1000,18.02,430,71.5,93.0,20,46.47,1000,1.261,138.1,5.027,1300,199.8,27.49,0.0,26.36,25.7,5.313325,0.0,IB04
2012-06-05,22.08,27.08,1320,16.49,2340,70.9,92.5,420,46.27,1310,1.235,210.3,4.939,1416,224.9,28.08,0.0,27.44,26.36,5.265475,0.0,IB04
2012-06-06,22.24,28.07,1340,14.63,340,73.1,94.5,410,55.07,1740,0.909,219.1,3.979,1129,206.0,29.24,0.0,27.98,26.78,5.286575,0.0,IB04
2012-06-07,24.4,32.51,1440,15.23,430,66.04,93.8,310,31.4,850,0.789,257.8,4.42,1525,260.8,24.92,0.0,28.65,27.31,5.105101,0.0,IB04
2012-06-08,24.19,30.91,1130,18.88,400,67.28,91.1,320,45.85,1130,0.917,45.93,3.557,1143,109.7,25.19,0.0,29.49,27.92,5.120403,0.0,IB04
2012-06-09,23.1,28.13,1010,18.28,300,62.89,82.1,2350,38.53,940,1.427,187.9,5.909,1130,210.2,26.78,0.0,29.13,28.07,5.493842,0.0,IB04
2012-06-10,23.76,27.93,1300,20.34,2320,77.2,88.2,2350,64.13,1300,1.646,207.6,5.968,1330,208.7,23.99,0.0,28.67,27.86,4.834062,0.0,IB04
2012-06-11,23.86,30.58,1050,19.41,2300,76.1,93.9,430,44.92,1050,1.287,85.1,5.321,1228,221.9,28.0,0.0,29.57,28.23,5.691213,0.0,IB04
2012-06-12,22.49,27.99,1550,16.08,2320,55.33,89.9,30,24.53,1500,1.17,6.619,4.577,159,46.35,27.25,0.0,28.83,28.2,5.414612,0.0,IB04
2012-06-13,21.8,27.93,1250,13.91,350,60.75,85.9,2350,38.07,1340,1.26,193.4,7.21,1824,137.1,29.23,0.0,28.56,27.94,5.544446,0.0,IB04
2012-06-14,22.41,29.4,1030,14.64,420,61.29,93.5,420,30.08,1810,0.978,12.46,4.89,1152,260.4,27.19,0.0,29.0,28.11,5.293992,0.0,IB04
2012-06-15,22.46,29.92,1440,13.51,420,61.21,90.9,2240,28.6,1430,1.106,235.8,4.851,1421,229.9,29.69,0.0,28.83,28.06,5.745398,0.0,IB04
2012-06-16,22.75,29.13,1110,14.63,330,70.2,93.4,2350,46.39,650,1.134,225.8,4.929,1223,208.2,28.7,0.0,29.2,28.27,5.455246,0.0,IB04
2012-06-17,23.16,29.74,840,15.3,400,71.5,94.8,320,41.14,840,1.094,212.9,4.988,1310,195.0,28.94,0.0,29.62,28.58,5.582284,0.0,IB04
2012-06-18,23.8,32.05,1040,17.03,410,69.16,89.4,410,33.06,1030,0.97,195.4,5.498,1411,193.9,24.95,0.0,29.61,28.71,5.261364,0.0,IB04
2012-06-19,26.31,35.37,1210,20.67,430,61.58,86.3,2310,30.72,1630,0.945,61.2,5.145,1523,133.9,17.63,0.201,29.48,28.73,4.583844,0.0,IB04
2012-06-20,27.55,36.74,1400,21.34,420,67.13,93.6,450,28.64,1400,1.03,216.2,4.312,1726,137.1,26.89,0.804,30.72,29.23,6.180327,0.0,IB04
2012-06-21,24.83,29.39,1430,19.68,330,78.8,95.4,2310,56.52,1510,1.656,201.0,5.811,1146,203.6,28.03,0.0,30.8,29.68,5.605406,0.0,IB04
2012-06-22,25.76,32.18,1250,19.01,2310,59.72,91.0,0,38.45,1330,1.346,43.98,4.802,739,42.15,28.44,0.0,31.01,29.8,6.064546,0.0,IB04
2012-06-23,24.78,33.11,1150,17.69,220,63.58,85.7,100,31.59,1150,1.226,50.74,4.547,1415,194.1,28.24,0.0,30.98,29.96,6.078872,0.0,IB04
2012-06-24,25.3,33.84,930,18.22,340,58.73,83.9,440,26.79,940,1.053,230.9,5.449,1215,216.9,28.27,0.0,31.19,30.13,6.054734,0.0,IB04
2012-06-25,25.21,31.78,1100,18.62,330,64.67,89.5,2350,36.87,800,1.206,221.1,4.822,1215,228.9,28.07,0.0,31.25,30.23,5.884176,0.0,IB04
2012-06-26,25.86,33.71,900,17.3,420,62.16,90.8,100,24.99,910,1.02,224.6,5.125,1256,194.9,28.12,0.0,31.46,30.35,5.967209,0.0,IB04
2012-06-27,26.36,34.58,850,18.22,410,59.19,83.2,230,26.06,850,1.024,211.4,5.037,1208,177.2,27.14,0.0,31.81,30.63,5.950634,0.0,IB04
2012-06-28,26.71,32.71,920,19.81,420,63.91,93.4,2200,37.43,700,1.078,229.3,4.586,1134,242.7,26.18,0.0,32.09,30.88,5.644184,0.0,IB04
2012-06-29,27.67,34.48,1310,19.21,430,58.28,92.8,440,31.65,1640,0.744,216.9,3.773,1127,193.4,26.53,0.0,32.47,31.11,5.599184,0.0,IB04
2012-06-30,26.59,32.0,810,19.61,350,72.8,91.4,2150,42.07,750,1.137,218.5,4.665,1432,223.1,24.82,0.0,32.5,31.31,5.383293,0.0,IB04
2012-07-01,24.7,30.59,1320,17.75,2350,71.6,91.8,430,51.08,1710,1.085,117.1,5.312,1551,347.7,19.86,0.0,31.84,31.2,4.347688,0.0,IB04
2012-07-02,22.75,27.8,1250,15.49,350,67.57,92.7,440,44.14,930,1.224,185.3,5.517,1431,239.0,27.33,0.0,30.48,30.27,5.241057,0.0,IB04
2012-07-03,23.9,29.26,1240,17.16,500,67.99,90.8,500,44.07,1120,1.127,214.4,4.655,1102,191.4,25.94,0.0,30.92,30.28,5.192087,0.0,IB04
2012-07-04,24.08,29.99,1110,17.36,430,71.2,91.4,450,40.13,850,1.279,195.8,5.449,1257,213.0,27.05,0.0,31.08,30.36,5.521286,0.0,IB04
2012-07-05,24.4,29.39,1030,18.29,420,73.1,92.7,440,52.74,840,1.219,205.7,5.635,1212,238.4,26.72,0.0,31.31,30.46,5.296917,0.0,IB04
2012-07-06,25.38,31.04,1030,19.21,310,71.7,92.8,320,49.72,1030,1.151,74.9,4.606,1433,198.9,22.85,0.0,31.38,30.6,4.894605,0.0,IB04
2012-07-07,25.32,31.31,1030,19.15,440,75.1,93.9,510,50.79,950,1.263,192.2,5.772,1328,262.0,25.71,0.0,31.63,30.76,5.364789,0.0,IB04
2012-07-08,25.24,31.39,920,18.28,310,76.7,95.1,400,51.86,920,1.197,127.8,4.851,1042,215.2,24.64,0.0,31.64,30.8,5.142934,0.0,IB04
2012-07-09,25.77,30.79,920,21.0,340,71.3,89.9,400,46.46,920,1.181,157.5,4.831,1302,201.3,25.23,0.0,32.16,31.12,5.340197,0.0,IB04
2012-07-10,25.56,31.24,1320,19.55,350,76.3,93.7,400,55.12,1050,1.117,210.8,5.008,1104,217.5,24.89,0.0,32.09,31.17,5.144614,0.0,IB04
2012-07-11,26.99,31.77,1420,20.47,240,73.7,94.7,310,52.18,1140,1.146,115.8,4.959,1037,181.8,25.03,0.0,32.5,31.35,5.304139,0.0,IB04
2012-07-12,26.19,31.84,1230,20.88,2350,62.59,89.1,50,43.45,1050,1.27,97.7,5.37,1413,187.3,23.45,0.0,32.4,31.59,5.240415,0.0,IB04
2012-07-13,25.17,30.65,1240,18.41,300,75.0,90.2,2320,58.06,1110,1.11,210.9,4.939,1033,219.6,26.41,0.0,32.17,31.39,5.274519,0.0,IB04
2012-07-14,25.5,31.18,1330,20.74,340,69.04,93.2,500,49.12,1650,1.226,42.68,5.498,1235,71.0,22.97,0.0,31.97,31.41,4.977618,0.0,IB04
2012-07-15,25.08,32.1,1200,20.8,2340,59.47,75.4,2330,36.59,1200,1.309,61.36,5.155,1319,212.9,23.55,0.0,31.82,31.2,5.457093,0.0,IB04
2012-07-16,24.23,30.44,1120,17.95,420,62.31,80.9,2350,39.25,1100,1.118,150.8,4.988,1357,206.3,26.36,0.0,31.71,31.13,5.399865,0.0,IB04
2012-07-17,25.66,34.42,1520,16.69,430,58.18,91.8,450,25.25,1640,0.935,213.8,5.253,1202,223.3,26.44,0.0,31.85,31.13,5.628664,0.0,IB04
2012-07-18,26.61,37.54,1450,17.16,440,57.88,90.6,2350,17.59,1430,1.234,227.5,6.037,1541,202.5,26.47,0.0,32.07,31.32,6.37723,0.0,IB04
2012-07-19,25.42,33.11,1210,16.1,440,62.12,93.2,400,27.26,910,0.962,214.9,4.714,1344,246.7,26.82,0.0,32.07,31.36,5.561121,0.0,IB04
2012-07-20,24.89,33.24,1120,15.9,440,63.63,89.4,2230,26.99,940,1.072,215.4,5.86,1225,213.0,25.55,0.0,31.69,31.2,5.500773,0.0,IB04
2012-07-21,25.41,31.5,1350,19.94,2350,57.25,92.3,240,32.72,1410,1.147,48.13,4.43,929,36.26,25.01,0.0,31.81,31.2,5.379802,0.0,IB04
2012-07-22,23.23,29.74,1020,17.82,320,60.35,77.4,520,40.87,1020,0.518,222.7,3.606,1104,204.1,10.58,0.0,30.26,30.68,2.680657,0.0,IB04
2012-07-23,22.72,31.97,1230,15.83,330,57.52,87.4,730,24.86,1230,0.644,59.03,4.665,1453,218.7,19.76,0.201,29.26,29.65,4.174901,0.0,IB04
2012-07-24,23.67,32.84,1100,14.9,500,53.46,80.0,150,19.53,940,1.088,149.3,5.576,1258,189.6,25.72,0.0,29.84,29.64,5.531985,0.0,IB04
2012-07-25,24.47,31.44,1210,16.03,430,61.31,83.1,450,35.86,920,1.169,170.0,6.027,1242,205.9,24.61,0.0,30.62,30.03,5.220011,0.0,IB04
2012-07-26,28.17,37.33,1300,19.61,310,52.6,86.7,400,22.39,1620,1.042,64.49,6.429,1356,102.2,22.02,0.0,31.72,30.6,5.461569,0.0,IB04
2012-07-27,28.23,36.41,1130,24.12,420,63.14,92.4,2250,32.51,1120,1.159,185.0,5.331,1221,170.8,14.56,0.0,32.06,31.13,4.348732,0.0,IB04
2012-07-28,27.14,32.75,1400,21.99,400,77.1,94.8,520,53.83,1350,1.197,215.3,4.949,1413,168.8,23.76,0.0,32.71,31.29,5.156133,0.0,IB04
2012-07-29,27.11,33.16,1300,21.14,2340,67.12,88.8,450,39.85,1010,1.174,218.3,5.449,1405,196.0,24.7,0.0,33.07,31.78,5.459455,0.0,IB04
2012-07-30,25.73,32.31,1140,19.08,410,70.7,88.9,450,44.85,1200,1.239,208.0,5.508,1216,185.3,24.76,0.0,32.42,31.66,5.305534,0.0,IB04
2012-07-31,25.66,33.04,930,17.75,450,68.83,92.4,330,38.12,1220,1.112,229.6,5.38,1310,229.9,24.91,0.0,32.25,31.54,5.316043,0.0,IB04
2012-08-01,26.56,33.7,1010,17.75,450,68.23,91.7,2200,31.05,1040,1.005,225.0,4.243,1111,227.4,24.2,0.0,32.33,31.48,5.245902,0.0,IB04
2012-08-02,27.5,33.42,1430,21.87,330,73.6,96.2,440,41.91,1420,0.982,127.7,4.41,1027,205.4,22.89,0.0,33.35,32.0,5.034961,0.0,IB04
2012-08-03,27.78,35.67,1250,22.4,400,66.05,91.6,220,35.57,1250,1.163,64.26,4.684,1312,218.1,24.34,0.0,33.56,32.29,5.658998,0.0,IB04
2012-08-04,26.16,32.26,850,19.95,500,72.0,90.0,2350,39.33,850,1.101,207.4,5.321,1143,237.6,24.16,0.0,33.15,32.26,5.173612,0.0,IB04
2012-08-05,26.67,31.9,1320,20.34,430,74.5,92.5,450,54.13,910,1.236,201.6,5.331,1356,219.8,22.5,0.0,32.97,32.13,4.836004,0.0,IB04
2012-08-06,26.8,32.24,1400,22.86,2350,74.7,88.9,510,54.31,1400,1.266,65.88,4.145,1447,2.271,16.42,0.603,32.53,32.08,4.025728,0.0,IB04
2012-08-07,26.6,33.43,1250,20.86,2250,56.9,81.4,0,31.65,1240,1.362,44.17,4.773,1114,9.65,21.93,0.0,32.0,31.59,5.312884,0.0,IB04
2012-08-08,27.15,35.88,1150,20.6,220,49.63,74.1,2350,26.85,1150,1.049,22.88,4.998,1202,165.5,22.36,0.0,32.04,31.51,5.331837,0.0,IB04
2012-08-09,27.58,35.9,1000,19.61,320,51.25,83.0,2200,16.2,950,1.018,215.4,5.086,1312,203.9,21.59,0.0,32.24,31.59,5.199714,0.0,IB04
2012-08-10,27.32,34.62,1040,19.94,450,67.2,89.5,2350,31.18,1010,0.939,213.1,4.39,1119,203.8,22.67,0.0,33.12,31.97,5.03943,0.0,IB04
2012-08-11,27.71,34.48,1430,21.4,320,72.7,91.4,2350,38.97,1430,1.059,199.8,5.145,1154,196.8,21.23,0.0,33.34,32.22,4.895738,0.0,IB04
2012-08-12,27.35,32.64,940,22.33,450,75.4,95.0,450,55.52,910,1.112,63.77,4.498,1305,204.9,19.44,0.0,33.49,32.42,4.350328,0.0,IB04
2012-08-13,26.47,32.63,1020,21.4,2350,63.56,80.9,2040,37.05,1000,1.16,76.3,5.037,1307,191.1,21.36,0.0,32.61,32.1,4.896495,0.0,IB04
2012-08-14,25.64,31.44,1030,18.48,440,70.8,87.9,440,43.92,920,1.115,202.9,5.125,1203,229.4,22.72,0.0,32.41,31.84,4.770125,0.0,IB04
2012-08-15,26.23,31.91,1140,20.07,440,78.7,94.2,450,57.51,1350,1.162,204.8,4.724,1053,207.3,22.07,0.0,32.72,31.92,4.615513,0.0,IB04
2012-08-16,26.63,34.09,1010,20.34,250,77.8,96.0,350,44.18,1000,1.124,265.8,5.096,1418,199.7,22.25,0.0,32.75,31.94,4.918702,0.0,IB04
2012-08-17,28.5,37.93,1400,19.48,440,59.06,94.7,540,26.11,1610,0.985,93.5,4.802,1349,135.0,21.63,0.0,32.84,32.01,5.172448,0.0,IB04
2012-08-18,29.45,38.53,1050,20.81,150,49.18,86.6,420,25.73,1900,0.939,55.81,4.998,1439,152.6,20.37,0.0,33.16,32.2,5.025976,0.0,IB04
2012-08-19,28.14,37.2,1040,21.53,410,62.73,86.4,240,27.98,1020,0.886,299.8,5.233,1425,273.8,20.99,0.0,33.37,32.38,4.940324,0.0,IB04
2012-08-20,28.29,36.28,1050,21.74,510,55.07,81.2,550,25.38,1250,0.816,235.9,4.606,1416,201.1,20.46,0.0,33.19,32.38,4.721694,0.0,IB04
2012-08-21,27.92,35.95,1120,19.48,530,53.96,85.0,2040,25.59,850,0.736,220.2,3.871,1209,211.6,21.71,0.0,33.02,32.27,4.691642,0.0,IB04
2012-08-22,28.15,36.67,950,19.61,400,60.26,85.7,130,25.51,1000,0.814,241.5,4.469,1502,265.9,21.51,0.0,33.26,32.36,4.806277,0.0,IB04
2012-08-23,29.08,38.39,1230,20.28,510,51.52,80.9,30,22.85,1000,0.721,203.8,4.302,1556,219.1,21.63,0.0,33.38,32.41,4.831291,0.0,IB04
2012-08-24,27.33,32.56,1210,21.73,320,71.4,84.7,2340,59.5,1210,1.053,205.7,4.812,1139,210.1,20.88,0.0,33.51,32.57,4.459205,0.0,IB04
2012-08-25,28.46,33.82,1000,21.99,300,71.8,91.3,330,50.44,1740,0.96,109.9,4.488,2355,54.47,21.14,0.0,33.88,32.67,4.594241,0.0,IB04
2012-08-26,26.67,32.88,1440,20.47,2310,60.21,78.7,2340,40.17,1430,1.282,54.92,6.948,1650,144.2,21.06,0.0,33.63,32.8,4.809731,0.0,IB04
2012-08-27,25.2,30.78,1250,18.88,510,71.3,85.6,520,56.13,910,1.059,202.3,4.92,1134,222.6,21.26,0.0,32.59,32.28,4.282514,0.0,IB04
2012-08-28,26.32,32.1,1030,19.94,400,72.2,91.0,420,37.05,1630,1.132,167.9,5.145,1505,186.6,20.97,0.0,32.56,32.06,4.551929,0.0,IB04
2012-08-29,27.19,35.55,1320,18.68,530,60.34,88.2,30,22.85,1400,0.897,185.7,4.939,1255,286.2,20.96,0.0,32.51,31.96,4.651188,0.0,IB04
2012-08-30,25.29,32.88,1040,20.4,420,74.0,100.0,1940,47.44,1000,1.131,51.2,5.39,1548,48.17,17.21,10.45,31.89,31.82,3.925869,5.973009,IB04
2012-08-31,22.83,28.8,1030,17.49,2310,66.15,88.1,2350,43.47,1030,0.845,51.16,4.635,847,22.83,13.95,0.804,27.73,29.85,3.098358,0.0,IB04
2012-09-01,17.64,23.25,900,12.91,2340,84.4,97.4,2350,52.17,900,0.489,41.5,3.067,154,31.66,6.063,4.422,24.53,27.69,1.558741,1.378888,IB04
2012-09-02,17.65,25.41,1300,12.18,230,80.4,98.1,430,48.81,1250,0.487,15.63,4.214,1403,0.757,13.16,4.824,22.55,25.57,2.415548,1.7109812,IB04
2012-09-03,21.64,28.44,1500,13.56,340,63.63,96.0,600,33.66,1550,0.571,344.1,5.341,846,271.6,19.66,0.402,23.37,25.06,3.475231,0.0,IB04
2012-09-04,22.06,28.02,1410,15.96,450,69.55,90.1,2330,45.89,840,0.754,239.0,4.381,1605,201.9,11.27,0.0,23.86,25.34,2.592441,0.0,IB04
2012-09-05,22.81,29.98,1050,15.56,500,67.49,95.2,350,39.93,1000,0.851,217.3,4.871,1241,193.2,20.56,0.0,25.32,25.63,3.883417,0.0,IB04
2012-09-06,23.52,31.11,1010,15.83,520,66.28,92.6,530,35.26,1010,0.783,205.9,4.841,1250,233.3,20.17,0.0,26.29,26.35,3.883496,0.0,IB04
2012-09-07,23.8,32.04,1100,16.89,530,72.7,93.2,550,38.66,940,0.814,179.5,4.949,1313,250.1,15.56,0.0,26.74,26.85,3.406595,0.0,IB04
2012-09-08,23.82,30.11,1240,17.75,450,76.4,97.1,540,53.45,1140,0.822,215.4,4.479,1253,186.4,20.27,0.0,27.34,27.17,3.790437,0.0,IB04
2012-09-09,23.55,29.58,1230,17.35,510,78.4,95.3,600,56.38,1050,0.856,208.9,4.537,1509,193.8,19.84,0.0,27.65,27.54,3.682959,0.0,IB04
2012-09-10,23.5,29.59,1400,17.22,510,78.2,96.1,420,57.6,930,0.954,212.2,5.576,1249,216.6,19.36,0.0,27.52,27.61,3.635654,0.0,IB04
2012-09-11,24.37,32.43,1120,17.89,500,72.8,93.6,200,40.38,1100,0.748,65.6,4.743,1329,224.5,19.41,0.0,27.89,27.77,3.807138,0.0,IB04
2012-09-12,24.18,29.64,1040,17.29,530,77.5,95.5,600,53.18,1020,1.221,217.7,5.272,1329,210.5,18.81,3.015,28.07,27.96,3.716948,0.18229328,IB04
2012-09-13,21.43,26.29,1500,18.21,410,67.77,94.0,20,42.81,1540,1.182,21.98,6.174,1438,272.3,14.04,0.603,25.76,27.2,3.044403,0.0,IB04
2012-09-14,21.44,27.73,1350,15.5,2350,66.44,87.3,420,41.34,1130,0.932,314.8,5.674,1434,243.5,17.4,0.0,25.27,26.22,3.325873,0.0,IB04
2012-09-15,21.82,29.46,1140,13.71,450,72.9,88.4,500,49.79,1140,1.037,221.2,5.37,1144,204.8,20.16,0.0,25.58,26.08,3.687093,0.0,IB04
2012-09-16,22.29,29.24,1250,15.03,430,74.1,92.4,410,51.38,1020,0.813,195.6,4.116,1452,221.8,19.98,0.0,26.37,26.44,3.524135,0.0,IB04
2012-09-17,22.77,30.18,1140,15.3,530,70.3,93.5,100,40.26,950,0.806,230.6,4.204,1513,208.6,18.98,0.0,26.59,26.66,3.507761,0.0,IB04
2012-09-18,23.22,30.11,1400,16.76,530,74.4,91.1,2350,40.32,1340,0.747,213.9,4.743,1120,244.1,16.2,0.0,26.77,26.8,3.171717,0.0,IB04
2012-09-19,22.32,27.4,1240,18.61,2350,73.0,95.1,350,51.59,1420,1.217,46.56,5.459,910,31.92,15.47,0.0,26.46,26.85,3.119304,0.0,IB04
2012-09-20,22.24,29.24,1120,16.36,530,67.54,86.3,2350,41.12,1100,0.936,52.52,4.861,1247,199.4,18.5,0.0,26.43,26.62,3.47634,0.0,IB04
2012-09-21,24.09,32.62,1240,16.75,140,66.5,91.0,410,30.18,1450,0.747,53.94,3.793,1515,117.5,18.15,0.0,26.99,26.85,3.528689,0.0,IB04
2012-09-22,24.34,31.77,1030,18.68,230,74.7,91.3,240,41.92,1040,0.928,54.75,4.675,1200,244.2,17.72,0.0,27.66,27.32,3.564458,0.0,IB04
2012-09-23,24.28,28.98,1130,19.81,550,80.9,92.7,610,60.59,1010,1.08,194.5,4.988,1323,158.0,17.15,0.0,28.15,27.67,3.269294,0.0,IB04
2012-09-24,25.32,30.11,1040,21.06,130,61.37,93.9,140,37.25,1110,1.926,232.8,5.596,1436,226.2,14.95,0.0,27.7,27.7,3.898479,0.0,IB04
2012-09-25,24.88,28.0,940,22.66,30,59.79,81.7,350,38.4,1020,2.616,228.1,6.203,830,224.4,18.55,0.0,27.38,27.47,4.642273,0.0,IB04
2012-09-26,24.18,28.0,1230,19.74,2350,62.2,77.3,700,45.01,950,2.217,225.0,6.527,1327,188.5,15.36,0.0,27.03,27.28,3.911472,0.0,IB04
2012-09-27,19.69,22.58,1550,16.89,850,83.9,97.0,1100,66.69,310,0.785,44.9,3.861,2123,17.53,5.353,6.432,24.64,26.27,1.388001,2.978314,IB04
2012-09-28,21.86,24.95,1420,19.61,50,72.4,93.8,2340,56.76,1550,2.149,51.04,8.31,1536,88.6,11.58,1.005,23.06,24.75,2.763483,0.0,IB04
2012-09-29,21.91,26.01,1230,17.81,2350,72.7,95.0,650,54.35,1200,1.699,232.7,5.762,908,246.7,14.33,3.216,23.58,24.54,2.937361,0.35877168,IB04
2012-09-30,19.17,23.64,900,15.37,2330,80.8,92.0,240,59.43,910,0.784,31.14,3.998,1409,33.25,8.34,0.0,22.6,24.01,1.781514,0.0,IB04
2012-10-01,19.79,25.88,1240,12.25,450,75.2,95.9,620,52.35,1150,1.317,220.7,5.488,1250,216.1,16.87,0.0,22.29,23.41,2.909492,0.0,IB04
2012-10-02,20.9,26.53,1230,13.97,510,80.1,95.4,530,58.68,1110,1.201,227.3,5.478,1345,230.8,16.66,0.0,23.51,23.9,2.835466,0.0,IB04
2012-10-03,20.31,26.13,1130,14.77,2340,80.1,97.2,620,57.67,1220,0.859,199.7,4.449,1418,223.6,17.29,0.0,24.02,24.32,2.732451,0.0,IB04
2012-10-04,21.07,29.25,1110,13.91,510,76.1,96.3,150,41.25,1110,0.711,29.01,4.645,1233,185.3,16.92,0.0,23.96,24.34,2.829311,0.0,IB04
2012-10-05,22.46,30.43,1310,15.96,410,77.4,95.3,340,41.45,1300,0.695,43.77,3.753,1415,153.0,15.2,0.201,24.51,24.68,2.749203,0.0,IB04
2012-10-06,22.23,27.39,1140,16.89,440,79.6,95.6,350,56.53,1540,0.901,269.0,4.782,1257,206.0,15.4,0.0,25.0,25.02,2.656929,0.0,IB04
2012-10-07,22.65,27.86,1320,16.76,550,82.0,95.8,610,59.72,1410,0.84,241.9,3.842,925,228.7,14.05,0.0,25.18,25.21,2.483084,0.0,IB04
2012-10-08,22.2,27.34,940,17.62,410,85.2,98.3,700,61.87,920,0.962,209.0,4.88,1151,220.4,14.9,0.201,25.41,25.37,2.560552,0.0,IB04
2012-10-09,22.1,29.91,1100,16.56,550,83.7,98.2,600,49.25,1100,0.814,314.0,4.42,1257,223.0,15.38,0.0,25.45,25.43,2.722229,0.0,IB04
2012-10-10,21.93,27.65,1040,16.49,320,85.6,97.1,600,59.79,1020,0.78,223.7,4.841,1247,174.5,14.53,0.0,25.31,25.44,2.432196,0.0,IB04
2012-10-11,22.97,27.8,1130,18.95,330,82.3,96.9,540,59.69,1450,0.892,240.7,5.214,1326,218.1,11.88,0.0,25.68,25.61,2.256341,0.0,IB04
2012-10-12,19.28,27.6,1050,16.49,2000,92.9,100.0,1720,52.8,1050,0.755,42.31,9.73,1119,16.95,7.11,31.56,22.77,24.29,1.721497,19.309656,IB04
2012-10-13,17.89,24.41,1240,14.5,2350,92.9,100.0,2340,58.02,1220,0.75,37.87,4.155,833,37.36,10.51,21.11,21.23,22.62,1.810251,13.005554,IB04
2012-10-14,19.2,23.83,1320,13.24,550,83.7,100.0,630,63.2,2310,1.884,230.3,8.3,2306,261.6,10.08,1.407,20.54,21.89,2.046841,0.0,IB04
2012-10-15,16.88,20.91,1230,11.65,2350,78.5,97.8,2350,57.06,1520,0.898,32.17,5.292,1053,27.39,11.23,0.201,20.0,21.43,1.756334,0.0,IB04
2012-10-16,17.8,23.82,1200,10.32,520,74.8,100.0,450,48.02,1110,1.37,210.1,5.135,1451,208.7,13.78,0.0,18.96,20.39,2.320965,0.0,IB04
2012-10-17,20.15,27.13,1120,12.84,600,74.6,98.5,620,40.67,1150,0.921,67.89,4.773,1335,145.7,15.14,0.0,19.85,20.55,2.444108,0.0,IB04
2012-10-18,23.09,29.46,1220,17.49,600,72.9,95.6,630,43.34,1510,1.287,67.21,6.684,1325,130.4,11.59,0.0,20.96,21.24,2.617538,0.0,IB04
2012-10-19,23.08,27.57,1320,19.81,2320,76.4,89.6,630,56.02,1400,0.761,74.7,4.4,903,191.9,5.01,0.0,21.71,21.92,1.522247,0.0,IB04
2012-10-20,22.55,29.73,1140,18.34,2300,81.2,96.9,2210,47.0,1140,1.235,105.7,8.06,1251,166.5,8.43,8.04,21.95,22.1,2.278008,4.2023683,IB04
2012-10-21,19.6,23.38,1050,16.49,420,74.8,99.8,130,60.11,1420,2.936,194.8,7.52,923,188.2,11.11,4.824,20.71,21.71,2.370835,1.7108139,IB04
2012-10-22,19.94,24.29,1220,15.76,2200,71.4,91.9,2310,52.62,1430,1.732,236.4,5.919,1241,228.6,13.81,0.0,19.83,20.74,2.471136,0.0,IB04
2012-10-23,18.73,25.54,1400,13.97,2340,77.3,96.5,2350,50.41,1150,0.394,12.04,3.538,1302,273.7,12.95,0.0,19.92,20.61,1.73401,0.0,IB04
2012-10-24,18.22,24.95,1230,12.58,630,82.8,98.4,650,52.94,1410,0.791,152.1,4.586,1504,229.1,13.03,0.0,19.94,20.61,1.895588,0.0,IB04
2012-10-25,18.76,25.15,1300,13.97,540,84.5,98.6,600,57.08,1250,0.447,41.8,3.489,1216,139.3,9.58,0.201,19.78,20.49,1.481963,0.0,IB04
2012-10-26,20.51,23.91,1030,17.22,140,81.3,96.9,330,64.38,1210,2.644,236.6,7.7,906,252.9,8.47,0.804,20.13,20.67,2.052742,0.0,IB04
2012-10-27,19.11,24.11,1000,10.18,2340,68.94,90.2,2130,49.04,1210,1.532,279.4,5.125,2309,74.9,8.92,0.201,19.62,20.43,2.023203,0.0,IB04
2012-10-28,13.0,16.6,1050,8.59,540,50.96,90.6,610,25.76,1130,0.907,318.0,5.517,1203,284.4,12.95,0.603,16.92,18.99,1.635707,0.0,IB04
2012-10-29,11.65,18.11,1140,5.202,500,68.43,89.9,600,41.44,1000,0.642,219.1,4.312,1416,210.1,13.18,0.0,15.7,17.62,1.412083,0.0,IB04
2012-10-30,13.88,19.58,1050,7.52,620,86.7,99.6,2350,59.38,1100,0.273,36.97,4.871,1135,140.2,5.539,8.44,15.66,17.15,0.9205265,4.4851117,IB04
2012-10-31,15.96,19.66,1430,11.78,2120,82.1,100.0,510,59.26,1330,1.118,280.0,7.39,739,242.5,10.68,21.11,16.91,17.64,1.488559,12.996406,IB04
2012-11-01,16.93,20.85,1110,11.7,2340,65.71,90.2,2350,49.18,1530,1.729,254.8,6.713,1037,243.2,12.96,0.0,16.25,17.37,2.034284,0.0,IB04
2012-11-02,15.23,21.84,1210,8.86,520,80.8,99.9,650,55.38,1530,1.127,251.8,5.782,1420,237.6,12.33,0.0,16.06,17.06,1.639091,0.0,IB04
2012-11-03,17.41,20.27,1310,11.05,30,91.7,99.3,2350,79.3,1300,1.263,218.8,5.645,1043,191.4,3.844,0.402,16.49,17.15,0.9500431,0.0,IB04
2012-11-04,20.2,22.59,1140,17.68,310,92.8,100.0,420,76.8,2210,1.739,209.5,5.998,1746,216.5,4.596,0.201,18.54,18.3,1.16234,0.0,IB04
2012-11-05,17.07,20.41,10,12.64,2350,66.97,85.1,2350,44.62,1230,0.59,317.9,4.057,337,312.3,12.23,0.201,18.34,18.77,1.390901,0.0,IB04
2012-11-06,13.94,17.68,1320,11.18,2130,81.5,97.9,2230,57.08,1320,0.208,4.286,2.156,1423,351.3,3.154,0.603,16.64,17.87,0.7464844,0.0,IB04
2012-11-07,13.11,17.28,1230,7.66,2320,76.5,97.3,0,59.09,1520,0.734,45.24,4.028,936,21.99,6.916,0.0,15.6,16.98,1.038362,0.0,IB04
2012-11-08,15.07,21.49,1410,7.99,210,78.9,93.0,0,58.02,1440,0.408,39.48,2.842,1118,11.56,10.98,0.0,15.27,16.28,1.140692,0.0,IB04
2012-11-09,18.5,23.57,1330,15.49,200,87.5,99.8,2350,70.8,1330,0.712,30.69,3.146,1555,199.1,7.17,0.402,17.56,17.5,1.15642,0.0,IB04
2012-11-10,18.42,19.28,830,17.09,1710,83.2,100.0,20,68.84,1850,2.668,218.8,7.21,518,188.2,2.937,0.603,17.91,18.19,1.256724,0.0,IB04
2012-11-11,16.38,20.38,1440,9.99,700,74.4,95.3,730,51.57,1220,1.182,71.0,4.332,1,252.2,10.84,0.0,17.0,17.66,1.46098,0.0,IB04
2012-11-12,15.64,18.53,1220,14.17,40,77.1,99.0,200,66.53,1230,2.551,39.8,7.58,1006,26.92,9.62,3.216,16.34,17.38,1.495154,0.35764164,IB04
2012-11-13,17.276,19.56,1720,14.81,200,87.564,100.0,2050,70.9,30,2.757,44.284,5.537,1300,78.6,1.657,3.618,15.181,15.995,1.191333,0.7039881,IB04
2012-11-14,17.25,21.04,1330,14.23,730,92.3,100.0,1210,74.6,1440,1.37,36.22,5.459,201,16.4,6.437,59.9,16.71,16.94,1.101911,34.815834,IB04
2012-11-15,17.37,21.9,1340,12.38,2330,91.0,100.0,2350,70.8,1340,0.865,44.88,4.165,1015,25.02,9.31,1.206,17.28,17.44,1.151916,0.0,IB04
2012-11-16,15.22,21.9,1120,9.79,630,89.2,100.0,840,60.23,1120,0.447,42.02,3.352,1258,221.0,10.17,0.201,16.72,17.3,1.030705,0.0,IB04
2012-11-17,15.66,19.01,1230,12.18,20,91.4,100.0,100,71.4,1250,0.53,42.2,2.509,1656,29.3,3.451,0.201,16.35,17.07,0.7720509,0.0,IB04
2012-11-18,15.4,21.46,1150,10.72,650,91.1,100.0,720,68.9,1400,0.441,27.57,3.832,1415,4.925,8.62,0.0,16.43,16.92,0.939558,0.0,IB04
2012-11-19,14.96,20.11,1300,8.99,2300,84.0,99.9,2340,51.83,1350,0.692,25.57,3.871,427,80.7,8.78,0.201,16.5,17.12,1.05085,0.0,IB04
2012-11-20,13.14,19.91,1030,7.19,540,92.0,100.0,800,74.3,1020,0.739,241.5,4.586,1359,230.7,9.94,0.201,15.27,16.32,0.9298456,0.0,IB04
2012-11-21,14.2,19.86,1320,10.32,0,94.8,100.0,920,76.3,1300,0.697,265.1,4.753,1314,212.3,6.676,0.201,15.27,16.07,0.842222,0.0,IB04
2012-11-22,14.14,20.57,1220,10.32,2320,93.1,100.0,920,61.44,1220,0.344,15.31,3.214,1300,219.4,6.873,0.0,15.39,16.06,0.8073305,0.0,IB04
2012-11-23,13.09,19.32,1030,7.99,510,92.7,100.0,840,73.7,1420,0.531,90.7,3.312,1315,188.8,9.56,0.201,15.03,15.85,0.8305821,0.0,IB04
2012-11-24,13.66,20.12,1130,9.38,430,92.1,100.0,900,70.3,1120,0.549,150.3,3.891,1207,233.9,9.46,0.201,14.99,15.71,0.8659985,0.0,IB04
2012-11-25,13.39,20.63,1230,8.33,250,92.7,100.0,500,68.24,1330,0.398,318.7,3.009,1341,248.9,9.13,0.201,14.78,15.54,0.8079448,0.0,IB04
2012-11-26,14.89,20.25,1040,9.72,130,95.0,100.0,900,79.5,1230,0.661,213.9,3.597,1135,212.3,7.08,0.201,15.02,15.55,0.7961553,0.0,IB04
2012-11-27,12.17,14.64,230,9.19,2320,97.3,100.0,910,83.1,2150,0.507,350.0,8.68,504,271.9,2.002,35.38,14.39,15.33,0.5720643,21.463055,IB04
2012-11-28,10.33,13.45,1120,7.2,240,83.7,100.0,900,63.95,1930,0.704,302.8,3.783,1723,278.4,4.264,11.26,12.6,14.14,0.7063323,6.5003467,IB04
2012-11-29,10.86,15.47,1310,4.868,2220,71.1,97.8,2240,55.06,1430,0.724,298.7,3.626,51,348.0,9.25,0.0,12.16,13.51,0.7873383,0.0,IB04
2012-11-30,7.88,14.44,1300,4.534,640,85.6,100.0,750,51.03,1420,0.351,7.39,2.862,1300,250.0,5.67,0.201,11.07,12.77,0.6222413,0.0,IB04
2012-12-01,9.24,12.37,1050,6.666,2140,72.3,92.7,130,61.06,1100,1.527,44.13,5.419,1044,23.62,5.77,0.0,10.64,12.24,0.9408367,0.0,IB04
2012-12-02,8.86,14.53,1330,1.743,640,70.0,93.5,650,51.0,1200,0.577,287.8,3.381,1241,259.2,9.48,0.0,9.99,11.58,0.6806728,0.0,IB04
2012-12-03,11.78,17.52,1240,5.001,2350,74.9,100.0,2340,56.32,1210,0.707,272.9,4.508,1227,254.8,9.23,0.0,10.68,11.64,0.7916271,0.0,IB04
2012-12-04,12.06,17.43,1350,4.4,0,72.3,100.0,150,44.3,1950,0.81,297.0,6.439,1408,255.0,4.751,0.0,10.72,11.78,0.9576457,0.0,IB04
2012-12-05,13.05,16.47,1200,10.45,120,53.0,64.9,320,42.77,0,1.065,294.4,5.586,1208,264.8,8.97,0.0,10.83,11.76,1.188821,0.0,IB04
2012-12-06,11.22,16.93,1320,3.537,2320,67.6,94.8,2350,49.65,1320,0.615,303.7,4.665,216,190.8,9.19,0.0,11.13,11.9,0.7387921,0.0,IB04
2012-12-07,9.59,16.55,1230,1.811,320,85.4,100.0,610,58.73,2350,0.989,248.2,6.429,1112,245.9,6.577,0.0,10.15,11.44,0.8522973,0.0,IB04
2012-12-08,11.54,15.2,1430,4.333,2320,71.1,94.5,2350,54.6,1400,0.853,332.8,4.537,1006,9.86,8.86,0.201,11.12,11.77,0.7724274,0.0,IB04
2012-12-09,7.82,15.6,1210,2.535,150,85.1,100.0,730,55.95,1530,0.449,217.2,3.802,1345,218.6,8.91,0.201,10.24,11.41,0.5839179,0.0,IB04
2012-12-10,8.95,17.6,1250,3.278,0,86.3,100.0,810,52.99,1250,0.355,320.7,4.371,1137,237.6,8.89,0.0,10.13,11.13,0.5799808,0.0,IB04
2012-12-11,8.6,14.57,1300,4.132,650,89.5,100.0,2330,60.91,1310,0.245,27.17,2.45,1155,239.9,2.588,0.0,9.87,10.98,0.5531245,0.0,IB04
2012-12-12,8.26,11.18,1210,3.999,300,96.2,100.0,2250,79.9,1110,0.385,37.99,2.225,1759,13.57,1.863,5.226,9.59,10.75,0.5019102,2.027185,IB04
2012-12-13,12.86,16.74,1240,9.19,720,89.3,100.0,730,72.8,1530,1.425,226.5,5.919,2345,248.0,5.734,6.432,11.28,11.39,0.8133435,2.9745724,IB04
2012-12-14,15.24,16.95,1130,11.78,410,84.8,95.1,420,71.6,840,3.242,226.9,7.4,1125,231.6,5.254,0.0,12.57,12.41,1.20183,0.0,IB04
2012-12-15,16.4,18.79,1510,14.37,1840,91.2,99.0,2120,75.5,1510,2.174,225.5,5.998,612,240.6,5.093,0.201,13.92,13.41,0.9768389,0.0,IB04
2012-12-16,14.91,20.25,1050,10.32,720,82.7,100.0,2220,48.24,1330,0.798,280.2,4.077,19,237.8,7.08,0.201,13.98,13.9,0.9473503,0.0,IB04
2012-12-17,15.65,17.96,1030,12.58,10,63.0,100.0,0,38.88,2020,1.033,295.6,5.419,151,241.8,4.543,0.0,13.16,13.57,1.102078,0.0,IB04
2012-12-18,12.88,18.86,1430,6.666,2250,67.56,93.1,2350,42.44,1500,0.735,281.2,3.979,323,253.6,8.62,0.0,12.13,12.88,0.8741661,0.0,IB04
2012-12-19,11.46,17.74,1100,6.664,540,90.6,100.0,2220,60.51,1020,0.369,186.7,3.577,1159,221.4,6.915,0.0,11.88,12.5,0.6028645,0.0,IB04
2012-12-20,13.27,17.82,1450,8.52,2330,90.9,100.0,130,63.29,1520,1.286,230.2,6.066,1134,221.8,5.598,0.201,12.82,12.97,0.9269879,0.0,IB04
2012-12-21,13.6,19.0,1310,8.52,340,82.1,100.0,50,52.37,2300,1.1,271.3,5.165,1207,265.9,7.43,0.0,12.61,12.98,1.008116,0.0,IB04
2012-12-22,11.71,17.53,1120,6.599,700,86.7,100.0,2350,57.04,10,0.628,292.2,4.136,1408,208.3,8.18,0.0,12.44,12.93,0.7081037,0.0,IB04
2012-12-23,12.11,15.49,1220,7.13,10,98.6,100.0,340,93.7,1230,0.675,239.3,3.802,1257,202.6,3.912,0.201,12.24,12.7,0.5006561,0.0,IB04
2012-12-24,12.95,16.53,1250,9.05,440,97.1,100.0,1000,86.8,1300,0.711,219.6,3.195,1217,200.4,5.817,0.0,13.2,13.25,0.5780621,0.0,IB04
2012-12-25,13.44,17.6,1200,8.39,730,92.5,100.0,920,69.88,1210,0.65,235.2,3.097,1707,203.9,6.528,0.0,13.51,13.59,0.6847469,0.0,IB04
2012-12-26,12.92,16.41,1440,6.657,2350,83.5,98.9,350,68.29,1520,0.683,359.4,4.077,709,46.48,4.832,0.0,13.47,13.75,0.6868057,0.0,IB04
2012-12-27,10.45,16.88,1050,3.471,650,85.4,100.0,820,63.22,1520,1.292,237.1,5.664,1519,220.2,8.88,0.0,11.87,12.83,0.8772447,0.0,IB04
2012-12-28,12.26,18.18,1220,6.126,650,84.3,100.0,2320,66.46,1210,0.532,53.82,3.548,114,307.2,7.56,0.0,11.93,12.5,0.6674813,0.0,IB04
2012-12-29,10.71,16.8,1200,4.405,320,93.0,100.0,530,80.5,1200,1.124,235.8,4.959,1245,227.8,8.46,0.201,11.69,12.35,0.6658595,0.0,IB04
2012-12-30,10.48,17.68,1100,4.407,2320,79.2,99.5,740,50.4,1100,0.512,335.5,3.42,1331,229.3,7.95,0.201,11.59,12.29,0.7006448,0.0,IB04
2012-12-31,9.84,15.66,1240,1.746,600,84.2,100.0,830,60.75,1450,1.585,207.7,6.145,2355,229.4,8.58,0.0,10.51,11.55,0.0,0.0,IB04
2013-01-01,12.84,16.68,1350,7.06,2350,73.3,94.6,2350,55.35,1400,1.491,251.9,6.174,403,227.0,6.31,0.0,11.85,12.05,1.09917,0.0,IB04
2013-01-02,8.85,14.57,1440,4.734,740,86.6,100.0,750,63.12,1440,0.604,36.64,3.93,2132,71.3,5.399,1.206,10.97,11.88,0.6519877,0.0,IB04
2013-01-03,10.48,14.24,1050,5.603,200,84.7,97.6,730,72.4,300,1.225,34.99,7.04,1114,27.79,5.049,1.608,10.61,11.44,0.7434441,0.0,IB04
2013-01-04,8.81,17.79,1210,1.478,700,82.2,100.0,840,48.38,1450,0.358,339.6,3.361,1431,221.3,8.81,0.201,10.21,11.17,0.6185465,0.0,IB04
2013-01-05,9.25,17.54,1410,2.147,700,89.5,100.0,830,62.56,2110,0.757,256.0,5.165,1151,223.3,7.67,0.0,9.82,10.75,0.7725527,0.0,IB04
2013-01-06,9.14,20.92,1140,2.074,710,86.6,100.0,2100,42.5,1140,0.517,21.23,3.41,1321,239.9,9.19,0.201,9.92,10.68,0.8467129,0.0,IB04
2013-01-07,9.2,19.45,1250,1.412,650,91.2,100.0,920,53.78,1300,0.447,72.1,2.538,1210,210.4,9.11,0.201,9.77,10.51,0.7223178,0.0,IB04
2013-01-08,8.6,17.06,1350,2.007,530,94.7,100.0,1020,71.3,1520,0.452,112.4,3.489,1250,197.8,9.02,0.201,9.84,10.52,0.6293949,0.0,IB04
2013-01-09,9.18,15.14,1200,2.802,740,88.3,100.0,420,69.96,1300,1.126,241.1,5.4,1353,249.2,8.29,0.402,9.99,10.56,0.7760711,0.0,IB04
2013-01-10,12.42,18.47,1020,6.131,2210,76.2,99.5,520,51.18,1350,0.869,281.5,4.939,726,252.6,8.08,0.0,10.5,10.82,0.9749617,0.0,IB04
2013-01-11,11.07,17.98,1350,2.735,2320,77.2,100.0,2350,46.52,640,0.553,341.6,4.675,626,350.7,9.55,0.0,10.42,10.89,0.8049127,0.0,IB04
2013-01-12,8.89,16.48,1430,0.809,430,89.9,100.0,310,52.07,1430,0.952,229.6,5.037,1325,217.2,8.85,0.201,9.63,10.49,0.9456695,0.0,IB04
2013-01-13,11.65,14.72,320,5.265,2310,68.82,87.7,2320,53.02,1100,1.617,277.2,7.93,340,223.8,6.015,0.0,10.67,10.95,1.200431,0.0,IB04
2013-01-14,9.36,14.48,1320,3.337,730,75.5,97.2,750,52.61,1320,0.591,298.5,3.734,1733,276.5,8.09,0.201,9.75,10.57,0.7594748,0.0,IB04
2013-01-15,11.2,15.24,1450,7.26,600,68.04,82.5,350,48.62,1450,1.423,269.9,7.43,1412,229.0,5.167,2.01,9.96,10.59,1.285146,0.0,IB04
2013-01-16,13.03,15.82,1350,9.78,0,68.78,80.2,620,58.88,130,1.938,248.0,7.36,1824,244.2,6.366,0.0,10.51,10.78,1.400902,0.0,IB04
2013-01-17,11.27,15.51,240,6.593,1810,72.1,88.5,1840,57.66,110,0.92,10.27,4.635,1955,238.3,3.646,0.0,10.8,11.18,0.9516954,0.0,IB04
2013-01-18,13.89,17.15,1320,9.72,610,79.3,95.3,2100,63.68,40,1.534,222.8,8.01,2329,234.3,4.75,0.0,10.99,11.11,1.104498,0.0,IB04
2013-01-19,14.74,17.56,150,11.04,1640,85.9,97.6,1700,60.5,140,3.62,217.1,9.39,1925,232.7,1.853,5.226,12.53,12.15,1.602872,2.032073,IB04
2013-01-20,10.59,13.77,0,4.339,2250,75.4,96.0,530,56.31,1700,0.929,299.2,7.24,11,227.6,4.862,1.005,11.54,12.04,0.8982749,0.0,IB04
2013-01-21,12.01,15.54,1230,7.42,0,64.18,90.2,0,46.45,1940,1.05,296.8,4.371,1353,36.87,8.53,0.0,10.55,11.33,1.145409,0.0,IB04
2013-01-22,9.05,13.96,1430,1.344,620,70.9,94.3,2310,46.08,1440,2.678,239.8,10.69,2300,264.3,8.71,5.226,9.6,10.68,1.62891,2.0321887,IB04
2013-01-23,9.92,11.84,1430,6.264,420,58.28,88.3,0,45.69,1440,1.306,287.9,5.919,1540,247.4,4.707,0.402,9.29,10.34,1.135934,0.0,IB04
2013-01-24,9.53,12.92,800,5.128,2110,78.0,100.0,950,42.11,100,1.392,301.5,7.5,812,246.4,6.835,10.05,9.5,10.21,1.186241,5.6530704,IB04
2013-01-25,8.35,14.4,1240,2.267,2350,73.7,96.9,310,49.46,1330,0.502,303.2,3.185,1535,279.2,11.02,0.201,9.11,10.02,0.8608727,0.0,IB04
2013-01-26,8.05,14.81,1440,1.542,110,87.9,99.4,2350,60.01,1450,0.499,19.47,4.479,951,48.78,7.35,1.809,8.85,9.73,0.79563,0.0,IB04
2025-01-01,10.41,17.59,1200,4.906,320,90.2,99.4,730,64.94,1200,0.276,50.39,2.95,1056,81.3,6.9,0.197,10.01,10.63,0.5709389,0.0,IB04
2025-01-02,9.12,17.42,1350,3.312,750,89.3,99.6,850,65.76,1400,0.422,211.0,3.077,1244,200.8,8.32,0.0,9.88,10.62,0.6080946,0.0,IB04
2025-01-03,9.24,16.3,1120,3.752,510,87.9,99.8,820,61.13,1340,0.838,250.9,5.517,1419,222.4,8.01,0.197,9.88,10.58,0.7680486,0.0,IB04
2025-01-04,9.89,17.49,1040,3.511,530,87.1,98.6,640,55.68,1040,0.657,215.6,4.577,1316,228.7,8.75,0.0,10.23,10.73,0.7623909,0.0,IB04
2025-01-05,12.4,16.98,1300,5.041,340,86.3,100.0,710,63.55,1210,2.319,230.5,6.84,1941,212.0,7.066,0.0,10.77,11.04,1.178755,0.0,IB04
2025-01-06,14.96,17.59,1050,11.83,2320,83.5,93.3,2220,71.6,1620,2.444,236.7,6.527,1618,246.8,4.512,4.137,12.73,12.23,1.157621,1.1415373,IB04
2025-01-07,13.28,17.83,1320,8.58,730,65.96,88.7,800,43.94,1200,1.334,263.8,6.017,1956,229.6,9.03,0.0,12.11,12.43,1.271797,0.0,IB04
2025-01-08,14.68,17.28,1210,11.66,520,81.2,90.8,2330,68.62,1150,2.726,238.0,5.821,1408,249.4,8.69,0.0,12.4,12.31,1.330236,0.0,IB04
2025-01-09,15.1,20.65,1250,8.37,2250,73.07,96.2,2330,49.12,1250,1.255,257.1,6.399,204,258.2,9.3,0.0,13.27,13.0,1.270393,0.0,IB04
2025-01-10,12.83,20.31,1100,7.079,640,86.0,97.3,2250,59.67,1220,1.145,231.0,6.38,1327,212.0,9.17,0.0,12.35,12.68,1.106916,0.0,IB04
2025-01-11,11.77,18.82,1340,6.268,510,87.1,99.7,840,65.06,1210,0.326,20.0,3.91,1200,268.3,3.288,0.197,11.92,12.43,0.6617959,0.0,IB04
2025-01-12,8.64,13.64,1040,3.723,2250,69.86,87.9,20,43.34,1320,0.8,45.38,4.498,1516,73.13,9.43,0.0,11.29,12.1,0.8731967,0.0,IB04
2025-01-13,7.385,13.95,1150,2.229,2250,71.98,88.1,750,41.83,1200,0.488,32.27,3.175,1103,0.121,9.83,0.0,9.52,10.97,0.7099018,0.0,IB04
2025-01-14,7.827,14.13,1100,1.037,2350,72.28,92.5,2350,52.08,1400,0.736,25.55,4.302,1307,43.57,7.061,0.0,9.03,10.34,0.8234078,0.0,IB04
2025-01-15,5.644,14.19,1530,-1.548,550,80.6,97.8,600,52.28,1530,0.4,199.2,3.371,1300,194.8,9.62,0.197,8.46,9.85,0.6439177,0.0,IB04
2025-01-16,7.64,14.9,1020,2.842,10,86.0,96.6,2340,59.53,1030,0.491,32.67,4.449,1344,62.22,4.666,0.985,8.86,9.82,0.7040781,0.0,IB04
2025-01-17,10.43,15.34,1400,4.332,10,84.3,98.7,40,65.93,1420,1.035,32.72,4.773,1417,49.25,7.456,2.758,9.62,10.1,0.8704495,0.0,IB04
2025-01-18,11.5,15.58,1340,8.2,2030,70.47,81.6,2130,58.75,1250,0.837,30.65,3.224,1217,50.25,7.182,0.0,10.56,10.79,0.971563,0.0,IB04
2025-01-19,9.66,15.51,1430,2.801,2330,86.3,97.5,2320,63.89,1500,0.205,9.96,2.607,1322,2.852,6.121,5.91,10.95,11.14,0.6320953,2.5682983,IB04
2025-01-20,9.63,15.99,1320,1.309,250,87.1,99.4,600,68.62,1330,1.528,227.8,6.782,1325,214.8,7.208,0.197,9.92,10.74,0.9860005,0.0,IB04
2025-01-21,14.4,17.49,1220,11.96,550,86.0,97.4,2200,74.3,1140,1.287,219.3,3.959,1228,191.8,5.403,0.0,12.22,11.71,0.9382437,0.0,IB04
2025-01-22,12.14,18.27,1310,7.111,750,92.0,99.8,910,76.89,1310,0.65,220.9,4.067,1316,229.7,7.798,0.197,12.28,12.28,0.8356852,0.0,IB04
2025-01-23,12.12,22.63,1350,5.82,500,84.0,99.9,730,46.19,1340,0.651,277.0,5.929,1147,194.4,10.3,0.0,11.89,12.15,1.197673,0.0,IB04
2025-01-24,11.62,18.51,1330,5.347,440,93.1,99.2,2350,72.87,1330,0.851,208.9,5.165,1503,196.6,8.81,0.197,11.8,12.05,0.9468593,0.0,IB04
2025-01-25,13.36,17.9,1300,7.176,710,92.7,99.8,830,78.66,1020,1.081,223.3,6.027,1423,236.1,9.9,0.0,12.71,12.53,0.9837587,0.0,IB04
2025-01-26,12.48,17.52,1230,4.123,700,88.8,99.3,750,68.24,1240,1.328,221.0,4.998,1719,237.5,9.08,0.197,12.43,12.58,1.100364,0.0,IB04
2025-01-27,16.5,19.06,2350,14.44,2400,87.4,94.0,450,49.74,2350,2.955,233.9,7.918,2358,245.7,8.0,0.0,14.051,13.399,2.053119,0.0,IB04
2025-01-28,14.71,18.76,2400,12.41,1750,56.83,64.65,1240,44.24,2330,3.013,261.9,9.01,1217,231.8,8.28,0.0,13.598,13.68,2.722301,0.0,IB04
2025-01-29,13.38,15.72,1010,7.755,650,67.55,88.8,2350,45.53,10,2.297,243.6,7.811,1135,231.7,9.24,0.0,12.38,12.9,1.756764,0.0,IB04
2025-01-30,12.38,18.41,1310,5.044,2350,75.15,96.0,750,40.95,1330,0.753,259.4,5.723,1122,213.4,9.95,0.0,12.8,12.98,1.231764,0.0,IB04
2025-01-31,9.19,16.33,1110,4.804,40,82.2,94.7,610,57.22,1120,0.462,29.22,3.391,1235,34.7,6.879,0.197,11.44,12.34,0.8840596,0.0,IB04
2025-02-01,7.987,13.54,1030,3.544,340,92.1,97.4,2340,69.3,1030,0.327,54.16,2.675,1336,164.0,4.08,7.092,10.8,11.77,0.6744286,3.4777434,IB04
2025-02-02,9.85,15.55,1300,5.344,640,86.8,99.0,810,67.02,1140,0.186,21.61,2.156,1239,344.5,6.242,0.197,11.17,11.74,0.7502072,0.0,IB04
2025-02-03,10.15,17.22,1300,2.906,2350,78.07,97.9,740,39.28,1430,0.332,42.62,3.234,1156,87.7,11.83,0.0,11.43,11.94,1.010983,0.0,IB04
2025-02-04,8.27,17.52,1240,0.763,620,82.4,97.8,630,49.25,1240,0.294,124.8,3.273,1436,248.8,10.1,0.0,10.23,11.28,0.9370127,0.0,IB04
2025-02-05,8.75,17.96,1220,1.547,650,83.5,98.6,710,40.91,1220,0.552,197.7,4.381,1538,225.4,12.07,0.197,10.13,11.03,1.195027,0.0,IB04
2025-02-06,7.561,16.57,1130,0.729,540,80.3,98.5,300,45.17,1240,0.382,47.76,2.989,1319,81.4,11.3,0.0,9.76,10.746,1.025549,0.0,IB04
2025-02-07,8.53,16.02,1040,1.513,310,80.5,95.5,710,55.79,1040,0.744,161.2,4.714,1343,258.9,12.43,0.197,9.56,10.47,1.210552,0.0,IB04
2025-02-08,10.81,15.46,1200,1.513,2340,77.09,94.9,2350,50.58,1340,1.623,257.3,7.762,656,215.9,9.23,1.97,11.02,11.2,1.489584,0.0,IB04
2025-02-09,8.02,16.47,1100,0.392,650,82.1,98.6,730,51.02,1100,0.78,215.7,4.988,1437,208.8,12.82,0.0,9.86,10.77,1.295957,0.0,IB04
2025-02-10,9.52,17.05,1410,3.585,640,83.4,98.3,810,59.29,1140,0.499,194.0,3.45,1559,246.1,10.41,0.197,10.22,10.73,1.119548,0.0,IB04
2025-02-11,10.71,18.61,1120,5.009,320,87.1,99.0,740,58.75,1120,0.554,208.5,3.92,1351,207.2,13.41,0.0,10.66,11.02,1.336236,0.0,IB04
2025-02-12,10.81,17.22,1230,4.532,320,91.7,99.0,700,73.55,1140,0.671,207.0,4.312,1432,194.9,10.06,0.197,11.11,11.34,1.135664,0.0,IB04
2025-02-13,10.74,19.12,1200,5.109,550,86.9,99.9,600,57.62,1440,0.24,11.86,2.323,1407,340.2,10.1,0.394,11.4,11.65,1.102926,0.0,IB04
2025-02-14,10.52,17.83,1300,3.312,530,88.9,99.1,730,65.04,1500,0.909,230.2,5.223,1537,216.5,10.53,0.197,11.179,11.61,1.304863,0.0,IB04
2025-02-15,10.86,18.34,1300,4.837,650,83.3,99.6,700,56.3,1300,0.533,129.6,4.92,1509,232.5,10.88,0.0,11.39,11.72,1.284975,0.0,IB04
2025-02-16,11.55,18.61,1200,6.13,2350,86.2,97.5,2330,63.21,1150,0.462,219.8,3.459,1503,217.3,11.1,0.0,11.881,11.969,1.283761,0.0,IB04
2025-02-17,10.595,17.54,1330,3.729,500,91.364,99.6,900,76.78,1200,0.68,9.012,2.883,1230,206.0,13.409,0.197,11.673,12.016,1.353932,0.0,IB04
2025-02-18,12.76,19.43,1210,7.692,2400,85.8,98.2,110,61.16,1530,0.368,256.0,3.048,1220,217.7,12.03,0.0,12.53,12.45,1.38333,0.0,IB04
2025-02-19,13.44,22.53,1210,6.365,630,85.8,98.9,640,54.56,1220,0.507,50.86,3.91,1339,194.6,11.59,0.197,12.71,12.7,1.533389,0.0,IB04
2025-02-20,13.34,20.72,1050,7.385,700,85.8,99.1,800,58.13,1050,0.497,65.67,4.381,1404,206.9,9.75,0.0,13.07,12.99,1.374769,0.0,IB04
2025-02-21,13.58,17.56,1450,9.49,2220,84.2,96.3,2240,66.88,1440,0.409,181.8,3.499,1509,188.2,8.86,0.0,13.94,13.57,1.228878,0.0,IB04
2025-02-22,14.79,21.64,1200,9.96,610,82.9,94.5,700,58.41,1220,0.431,19.86,4.449,1416,216.7,10.76,0.197,14.08,13.83,1.498953,0.0,IB04
2025-02-23,13.73,16.71,1150,9.59,2340,93.2,98.6,2350,83.0,1200,0.525,55.16,3.263,1129,101.4,3.94,2.758,14.36,14.17,0.8481379,0.0,IB04
2025-02-24,13.04,17.73,1210,7.854,550,91.2,99.8,600,76.41,1250,1.367,224.6,5.547,1422,217.8,12.29,0.0,14.0,14.015,1.533571,0.0,IB04
2025-02-25,14.37,18.24,1050,10.6,700,84.5,97.2,2350,65.25,1140,1.231,231.0,6.027,1237,236.4,7.777,10.44,14.4,14.3,1.44169,5.9335527,IB04
